Unnamed: 0,latitude,longitude,brightness,scan,track,acq_date,acq_time,satellite,instrument,confidence,version,bright_t31,frp,daynight,type,year,month,day,acq_time_str,hours,minutes,season,region_cluster,cluster_fire_count,monthly_cluster_fire_count,brightness_diff,high_risk,frp_category
5948,22.1344,82.175,322.5,1.2,1.1,2017-02-08,803,1,MODIS,64,6.2,310.6,10.5,1,0,2017,2,8,803,8,3,1,5,47348,2034,11.899999999999975,0,Medium
441930,14.9966,75.7543,321.5,1.0,1.0,2022-02-16,526,0,MODIS,56,6.03,305.0,8.4,1,0,2022,2,16,526,5,26,1,14,36148,10539,16.5,0,Low
632486,19.6743,83.4284,333.6,2.3,1.5,2024-04-19,753,1,MODIS,79,61.03,309.5,66.4,1,0,2024,4,19,753,7,53,2,1,73921,9197,24.100000000000023,0,Extreme
746087,30.0947,76.6041,317.6,1.0,1.0,2025-10-24,932,1,MODIS,70,61.03,300.9,9.9,1,0,2025,10,24,932,9,32,4,0,167610,39610,16.700000000000045,0,Low
546129,25.272,93.2512,314.4,3.1,1.7,2023-03-13,753,1,MODIS,54,61.03,296.7,36.9,1,0,2023,3,13,753,7,53,2,11,41370,18499,17.69999999999999,0,High
640517,25.2211,83.5765,339.1,1.3,1.1,2024-05-05,443,0,MODIS,82,61.03,316.9,26.7,1,0,2024,5,5,443,4,43,2,12,49232,3184,22.200000000000045,1,Medium
463955,24.8615,83.1565,333.0,1.3,1.1,2022-03-26,802,1,MODIS,62,6.03,316.6,17.1,1,0,2022,3,26,802,8,2,2,12,49232,10270,16.399999999999977,0,Medium
379778,24.2363,82.2149,356.1,1.1,1.0,2021-04-01,757,1,MODIS,97,6.03,323.5,54.5,1,0,2021,4,1,757,7,57,2,5,47348,16741,32.60000000000002,1,High
107655,16.2796,78.8271,326.2,1.4,1.2,2018-03-11,827,1,MODIS,58,6.03,309.8,13.0,1,0,2018,3,11,827,8,27,2,14,36148,12659,16.399999999999977,0,Medium
579120,30.8228,74.6784,318.4,1.5,1.2,2023-10-29,818,1,MODIS,38,61.03,299.0,15.5,1,0,2023,10,29,818,8,18,4,0,167610,39610,19.399999999999977,0,Medium
326091,17.6168,77.1469,331.0,1.1,1.0,2021-01-09,808,1,MODIS,81,6.03,304.3,20.8,1,0,2021,1,9,808,8,8,1,9,27481,3684,26.69999999999999,1,Medium
322072,20.9407,82.0117,318.8,1.1,1.0,2020-12-17,802,1,MODIS,70,6.03,300.2,10.4,1,0,2020,12,17,802,8,2,1,1,73921,11178,18.600000000000023,0,Medium
460772,25.3243,93.3188,379.3,1.5,1.2,2022-03-22,649,1,MODIS,100,6.03,305.5,266.1,1,0,2022,3,22,649,6,49,2,11,41370,18499,73.80000000000001,1,Extreme
739557,22.0414,83.7373,322.1,3.0,1.7,2025-05-11,436,0,MODIS,52,61.03,298.3,36.3,1,2,2025,5,11,436,4,36,2,1,73921,4396,23.80000000000001,0,High
423164,30.4514,76.0561,321.7,1.0,1.0,2021-11-09,812,1,MODIS,73,6.03,301.3,11.7,1,0,2021,11,9,812,8,12,4,0,167610,73042,20.399999999999977,0,Medium
564203,21.2464,79.3356,333.0,1.0,1.0,2023-04-18,507,0,MODIS,71,61.03,313.6,12.3,1,0,2023,4,18,507,5,7,2,5,47348,16741,19.399999999999977,0,Medium
245463,30.374,74.3926,317.0,1.8,1.3,2019-11-23,842,1,MODIS,71,6.03,295.1,23.7,1,0,2019,11,23,842,8,42,4,0,167610,73042,21.899999999999977,0,Medium
107240,21.8883,86.4261,319.3,1.7,1.3,2018-03-11,519,0,MODIS,60,6.03,301.7,22.2,1,0,2018,3,11,519,5,19,2,12,49232,10270,17.600000000000023,0,Medium
686315,26.7216,95.2525,307.1,1.0,1.0,2025-02-26,756,1,MODIS,37,61.03,293.1,5.4,1,0,2025,2,26,756,7,56,1,11,41370,5791,14.0,0,Low
420686,30.6871,75.0304,320.5,1.1,1.0,2021-11-07,824,1,MODIS,62,6.03,300.4,12.1,1,0,2021,11,7,824,8,24,4,0,167610,73042,20.100000000000023,0,Medium
187811,24.252,92.7777,347.5,3.1,1.7,2019-03-13,745,1,MODIS,94,6.03,297.2,272.0,1,0,2019,3,13,745,7,45,2,2,57778,42248,50.30000000000001,1,Extreme
691829,19.9462,80.6198,323.2,1.0,1.0,2025-03-07,853,1,MODIS,60,61.03,311.8,7.6,1,0,2025,3,7,853,8,53,2,13,47964,18871,11.399999999999975,0,Low
676836,17.281,77.0695,319.5,1.3,1.1,2025-02-01,447,0,MODIS,66,61.03,304.5,12.2,1,0,2025,2,1,447,4,47,1,9,27481,5254,15.0,0,Medium
770679,16.0583,74.6736,307.2,1.2,1.1,2026-01-21,1544,0,MODIS,71,61.03,287.8,11.7,0,0,2026,1,21,1544,15,44,1,3,38436,8477,19.399999999999977,0,Medium
704725,25.6794,93.7169,303.1,1.0,1.0,2025-03-19,1458,0,MODIS,53,61.03,291.6,5.0,0,0,2025,3,19,1458,14,58,2,11,41370,18499,11.5,0,Low
406628,8.8558,78.0248,319.8,2.1,1.4,2021-06-19,545,0,MODIS,69,6.03,289.8,21.8,1,0,2021,6,19,545,5,45,3,6,13460,305,30.0,0,Medium
135437,23.0516,77.5643,346.0,1.2,1.1,2018-04-24,544,0,MODIS,88,6.03,325.2,30.6,1,0,2018,4,24,544,5,44,2,4,76528,39620,20.80000000000001,1,High
335997,21.4448,72.7098,322.6,3.9,1.8,2021-02-21,751,1,MODIS,0,6.03,302.2,80.3,1,0,2021,2,21,751,7,51,1,10,21095,2073,20.400000000000038,0,Extreme
657543,29.7822,75.9693,312.3,2.3,1.5,2024-11-11,928,1,MODIS,60,61.03,298.5,16.4,1,0,2024,11,11,928,9,28,4,0,167610,73042,13.800000000000011,0,Medium
365902,22.7084,76.7776,340.3,1.8,1.3,2021-03-25,751,1,MODIS,85,6.03,316.5,56.7,1,0,2021,3,25,751,7,51,2,4,76528,13167,23.80000000000001,1,High
382179,27.4538,84.1616,305.8,1.1,1.0,2021-04-02,1627,0,MODIS,66,6.03,293.3,6.7,0,0,2021,4,2,1627,16,27,2,7,41741,15320,12.5,0,Low
598853,23.7638,86.3959,316.6,1.0,1.0,2024-01-14,423,0,MODIS,21,61.03,298.3,11.2,1,2,2024,1,14,423,4,23,1,12,49232,3185,18.30000000000001,0,Medium
681973,21.4499,83.4347,333.7,1.1,1.1,2025-02-15,853,1,MODIS,84,61.03,308.6,28.8,1,0,2025,2,15,853,8,53,1,1,73921,9366,25.09999999999997,1,Medium
597356,28.1385,97.0628,300.7,1.1,1.0,2024-01-05,1955,1,MODIS,33,61.03,278.2,8.9,0,0,2024,1,5,1955,19,55,1,11,41370,4936,22.5,0,Low
620788,21.4496,72.0708,326.2,1.0,1.0,2024-03-28,518,0,MODIS,63,61.03,310.5,6.6,1,0,2024,3,28,518,5,18,2,10,21095,5604,15.699999999999989,0,Low
534196,13.9836,75.8049,325.7,1.2,1.1,2023-02-26,843,1,MODIS,58,61.03,311.9,12.8,1,0,2023,2,26,843,8,43,1,14,36148,10539,13.800000000000011,0,Medium
758345,17.8093,76.7236,304.1,1.4,1.2,2025-12-05,1606,0,MODIS,58,61.03,288.9,11.6,0,2,2025,12,5,1606,16,6,1,9,27481,2370,15.200000000000044,0,Medium
316218,16.2605,75.5905,317.9,3.1,1.7,2020-11-14,857,1,MODIS,64,6.03,301.2,35.6,1,0,2020,11,14,857,8,57,4,3,38436,2420,16.69999999999999,0,High
675961,21.7377,83.1921,332.4,1.2,1.1,2025-01-28,832,1,MODIS,84,61.03,305.6,27.2,1,0,2025,1,28,832,8,32,1,1,73921,10736,26.799999999999955,1,Medium
171071,15.0704,75.0034,304.3,1.0,1.0,2018-12-12,1726,0,MODIS,59,6.03,288.6,7.8,0,0,2018,12,12,1726,17,26,1,3,38436,5945,15.699999999999989,0,Low
42237,25.8292,92.6543,328.5,1.0,1.0,2017-04-14,709,1,MODIS,81,6.2,298.6,19.6,1,0,2017,4,14,709,7,9,2,8,33148,7372,29.899999999999977,0,Medium
50500,21.3208,79.3374,352.2,1.2,1.1,2017-04-30,538,0,MODIS,95,6.2,303.7,69.5,1,0,2017,4,30,538,5,38,2,5,47348,16741,48.5,1,Extreme
245716,17.0031,82.1441,317.1,1.1,1.1,2019-11-25,520,0,MODIS,67,6.03,301.8,8.9,1,0,2019,11,25,520,5,20,4,13,47964,957,15.300000000000011,0,Low
537688,13.3831,79.3575,323.3,3.9,1.8,2023-03-03,858,1,MODIS,67,61.03,306.8,69.4,1,0,2023,3,3,858,8,58,2,14,36148,12659,16.5,0,Extreme
553763,17.6571,82.841,319.0,1.0,1.0,2023-04-08,451,0,MODIS,65,61.03,302.9,7.4,1,0,2023,4,8,451,4,51,2,13,47964,11656,16.100000000000023,0,Low
10146,22.9839,79.3746,305.3,1.0,1.0,2017-02-21,1658,0,MODIS,64,6.2,288.4,8.0,0,0,2017,2,21,1658,16,58,1,5,47348,2034,16.900000000000034,0,Low
184300,19.6643,74.8814,327.9,1.0,1.0,2019-02-26,827,1,MODIS,65,6.03,309.6,13.7,1,0,2019,2,26,827,8,27,1,3,38436,8837,18.299999999999955,0,Medium
461121,21.7691,76.9889,333.3,1.2,1.1,2022-03-22,826,1,MODIS,68,6.03,316.0,13.1,1,0,2022,3,22,826,8,26,2,4,76528,13167,17.30000000000001,0,Medium
183961,14.031,79.0699,313.3,1.0,1.0,2019-02-25,1708,0,MODIS,86,6.03,296.8,9.5,0,0,2019,2,25,1708,17,8,1,14,36148,10539,16.5,0,Low
243169,28.8481,79.3346,315.3,1.9,1.3,2019-11-10,734,1,MODIS,71,6.03,301.8,19.5,1,0,2019,11,10,734,7,34,4,7,41741,5012,13.5,0,Medium
426847,30.5588,75.0743,324.1,1.7,1.3,2021-11-13,607,0,MODIS,78,6.03,304.5,31.9,1,0,2021,11,13,607,6,7,4,0,167610,73042,19.600000000000023,0,High
92920,25.8629,84.5037,334.3,1.4,1.2,2018-02-20,758,1,MODIS,0,6.03,304.3,46.5,1,0,2018,2,20,758,7,58,1,12,49232,3888,30.0,0,High
577957,14.744,76.5345,328.5,1.2,1.1,2023-10-27,828,1,MODIS,74,61.03,312.0,13.2,1,0,2023,10,27,828,8,28,4,14,36148,823,16.5,0,Medium
649118,29.6281,79.5505,332.9,1.1,1.0,2024-06-12,841,1,MODIS,71,61.03,312.4,16.2,1,0,2024,6,12,841,8,41,3,7,41741,971,20.5,0,Medium
22739,21.0856,73.7225,334.3,1.0,1.0,2017-03-24,828,1,MODIS,67,6.2,318.3,12.0,1,0,2017,3,24,828,8,28,2,10,21095,5604,16.0,0,Medium
742925,25.4581,79.8965,326.4,1.8,1.3,2025-06-05,440,0,MODIS,57,61.03,304.9,18.5,1,0,2025,6,5,440,4,40,3,5,47348,385,21.5,0,Medium
657663,25.5256,76.5942,317.2,1.3,1.1,2024-11-12,501,0,MODIS,65,61.03,302.3,10.5,1,0,2024,11,12,501,5,1,4,4,76528,9210,14.899999999999975,0,Medium
315842,30.6608,74.375,316.3,1.0,1.0,2020-11-13,818,1,MODIS,66,6.03,303.2,6.6,1,0,2020,11,13,818,8,18,4,0,167610,73042,13.100000000000025,0,Low
369011,21.4497,85.4756,327.0,1.0,1.0,2021-03-27,738,1,MODIS,67,6.03,308.0,12.9,1,0,2021,3,27,738,7,38,2,1,73921,19544,19.0,0,Medium
572142,20.0244,80.7468,327.4,1.5,1.2,2023-05-22,756,1,MODIS,62,61.03,308.2,15.8,1,0,2023,5,22,756,7,56,2,13,47964,4838,19.19999999999999,0,Medium
46605,22.4368,80.1818,344.7,1.1,1.1,2017-04-20,809,1,MODIS,62,6.2,319.5,24.0,1,0,2017,4,20,809,8,9,2,5,47348,16741,25.19999999999999,0,Medium
496217,30.5147,76.4682,319.0,1.1,1.0,2022-10-26,521,0,MODIS,72,6.03,301.4,11.6,1,0,2022,10,26,521,5,21,4,0,167610,39610,17.600000000000023,0,Medium
377490,23.6964,84.2301,314.1,1.0,1.0,2021-03-31,1638,0,MODIS,88,6.03,294.8,11.2,0,0,2021,3,31,1638,16,38,2,12,49232,10270,19.30000000000001,0,Medium
332697,22.3349,82.6549,314.5,1.0,1.0,2021-02-09,1650,0,MODIS,89,6.03,290.3,15.2,0,0,2021,2,9,1650,16,50,1,1,73921,9366,24.19999999999999,0,Medium
112505,21.8413,83.5877,329.1,1.1,1.1,2018-03-19,739,1,MODIS,58,6.03,311.4,14.1,1,0,2018,3,19,739,7,39,2,1,73921,19544,17.700000000000045,0,Medium
26108,22.7491,82.5944,335.2,1.0,1.0,2017-03-30,751,1,MODIS,50,6.2,318.7,13.0,1,0,2017,3,30,751,7,51,2,5,47348,12422,16.5,0,Medium
495827,29.4643,75.4268,316.5,1.3,1.1,2022-10-24,834,1,MODIS,39,6.03,305.7,7.1,1,0,2022,10,24,834,8,34,4,0,167610,39610,10.800000000000011,0,Low
718344,19.3379,80.115,340.0,1.3,1.1,2025-04-01,850,1,MODIS,87,61.03,306.3,40.3,1,0,2025,4,1,850,8,50,2,13,47964,11656,33.69999999999999,1,High
691340,17.8916,80.2027,340.6,1.1,1.1,2025-03-07,852,1,MODIS,87,61.03,313.0,34.7,1,0,2025,3,7,852,8,52,2,13,47964,18871,27.600000000000023,1,High
45981,23.5448,77.6984,334.7,4.2,1.9,2017-04-19,727,1,MODIS,50,6.2,309.8,122.6,1,0,2017,4,19,727,7,27,2,4,76528,39620,24.899999999999977,0,Extreme
227907,30.3227,79.3376,340.3,1.2,1.1,2019-05-28,811,1,MODIS,87,6.03,312.8,38.6,1,0,2019,5,28,811,8,11,2,7,41741,6465,27.5,1,High
552791,25.5276,88.4114,318.5,3.0,1.6,2023-04-06,505,0,MODIS,40,61.03,307.7,34.6,1,0,2023,4,6,505,5,5,2,12,49232,12010,10.800000000000011,0,High
603607,19.6506,74.5553,317.2,1.3,1.1,2024-02-11,520,0,MODIS,62,61.03,304.8,10.4,1,0,2024,2,11,520,5,20,1,3,38436,8837,12.399999999999975,0,Medium
182113,22.5292,92.877,314.4,1.4,1.2,2019-02-20,726,1,MODIS,61,6.03,295.4,13.0,1,0,2019,2,20,726,7,26,1,2,57778,3915,19.0,0,Medium
183487,25.9193,92.0565,311.7,1.1,1.0,2019-02-24,703,1,MODIS,55,6.03,300.6,5.4,1,0,2019,2,24,703,7,3,1,8,33148,2829,11.099999999999966,0,Low
38687,25.3402,90.4104,319.1,1.0,1.0,2017-04-12,721,1,MODIS,68,6.2,302.7,8.3,1,0,2017,4,12,721,7,21,2,8,33148,7372,16.400000000000034,0,Low
629094,24.2463,93.2498,310.5,1.9,1.3,2024-04-12,801,1,MODIS,53,61.03,290.5,15.1,1,0,2024,4,12,801,8,1,2,2,57778,10542,20.0,0,Medium
352044,24.2749,93.5741,316.9,1.6,1.3,2021-03-13,726,1,MODIS,62,6.03,303.6,16.1,1,0,2021,3,13,726,7,26,2,2,57778,42248,13.299999999999956,0,Medium
107250,18.1152,81.7672,322.3,1.1,1.0,2018-03-11,520,0,MODIS,68,6.03,302.9,9.1,1,0,2018,3,11,520,5,20,2,13,47964,18871,19.400000000000038,0,Low
730382,23.4247,75.5606,338.2,1.0,1.0,2025-04-22,925,1,MODIS,66,61.03,323.6,13.5,1,0,2025,4,22,925,9,25,2,4,76528,39620,14.599999999999966,0,Medium
334124,19.296,73.5337,327.4,1.2,1.1,2021-02-13,839,1,MODIS,72,6.03,310.4,12.9,1,0,2021,2,13,839,8,39,1,3,38436,8837,17.0,0,Medium
160705,30.9328,76.2132,311.4,1.5,1.2,2018-11-06,830,1,MODIS,61,6.03,299.5,9.6,1,0,2018,11,6,830,8,30,4,0,167610,73042,11.899999999999975,0,Low
274816,24.4869,87.8093,328.9,1.6,1.3,2020-04-06,709,1,MODIS,76,6.03,312.9,23.9,1,0,2020,4,6,709,7,9,2,12,49232,12010,16.0,0,Medium
171760,25.2343,83.7617,307.5,2.0,1.4,2018-12-19,810,1,MODIS,53,6.03,295.1,10.2,1,0,2018,12,19,810,8,10,1,12,49232,8420,12.399999999999975,0,Medium
646148,28.1975,95.6181,325.2,1.0,1.0,2024-05-22,730,1,MODIS,79,61.03,305.4,13.6,1,0,2024,5,22,730,7,30,2,11,41370,1053,19.80000000000001,0,Medium
654503,30.0623,75.353,314.5,1.0,1.0,2024-11-03,904,1,MODIS,55,61.03,302.9,6.5,1,0,2024,11,3,904,9,4,4,0,167610,73042,11.600000000000025,0,Low
520528,29.9048,74.95,322.8,1.6,1.2,2023-01-13,1632,0,MODIS,100,61.03,282.0,47.1,0,2,2023,1,13,1632,16,32,1,0,167610,2724,40.80000000000001,1,High
155719,30.3512,73.887,321.7,1.0,1.0,2018-10-30,824,1,MODIS,73,6.03,299.4,14.3,1,0,2018,10,30,824,8,24,4,0,167610,39610,22.30000000000001,0,Medium
425880,30.7425,76.4212,315.3,1.1,1.1,2021-11-11,800,1,MODIS,67,6.03,303.7,6.9,1,0,2021,11,11,800,8,0,4,0,167610,73042,11.600000000000025,0,Low
134872,19.9174,83.6393,328.7,1.6,1.3,2018-04-23,809,1,MODIS,66,6.03,305.8,24.2,1,0,2018,4,23,809,8,9,2,1,73921,9197,22.899999999999977,0,Medium
521927,26.9982,94.6603,313.1,1.2,1.1,2023-01-22,656,1,MODIS,70,61.03,295.3,10.7,1,0,2023,1,22,656,6,56,1,11,41370,4936,17.80000000000001,0,Medium
701034,16.0487,78.7151,316.9,3.8,1.8,2025-03-16,345,0,MODIS,0,61.03,304.5,35.6,1,0,2025,3,16,345,3,45,2,14,36148,12659,12.399999999999975,0,High
662751,21.4597,80.99,315.5,1.1,1.0,2024-11-25,854,1,MODIS,67,61.03,299.4,8.5,1,0,2024,11,25,854,8,54,4,5,47348,5930,16.100000000000023,0,Low
365295,20.0218,84.1365,323.5,1.0,1.0,2021-03-25,750,1,MODIS,26,6.03,306.4,8.2,1,0,2021,3,25,750,7,50,2,1,73921,19544,17.100000000000023,0,Low
116546,24.7628,93.1948,332.2,1.1,1.0,2018-03-23,715,1,MODIS,84,6.03,296.8,28.8,1,0,2018,3,23,715,7,15,2,2,57778,42248,35.39999999999998,1,Medium
240357,29.9537,75.992,327.8,1.0,1.0,2019-11-04,811,1,MODIS,79,6.03,301.2,17.9,1,0,2019,11,4,811,8,11,4,0,167610,73042,26.600000000000023,0,Medium
22729,22.5964,75.4201,344.5,1.1,1.1,2017-03-24,828,1,MODIS,86,6.2,321.6,31.5,1,0,2017,3,24,828,8,28,2,4,76528,13167,22.899999999999977,1,High
579047,30.0327,74.12,313.2,1.7,1.3,2023-10-29,818,1,MODIS,54,61.03,299.9,12.8,1,0,2023,10,29,818,8,18,4,0,167610,39610,13.300000000000011,0,Medium
561382,27.4467,92.5316,325.2,1.1,1.1,2023-04-14,729,1,MODIS,78,61.03,295.3,20.4,1,0,2023,4,14,729,7,29,2,8,33148,7372,29.899999999999977,0,Medium
22234,13.9771,78.0971,328.4,1.0,1.0,2017-03-24,521,0,MODIS,51,6.2,315.4,7.7,1,0,2017,3,24,521,5,21,2,14,36148,12659,13.0,0,Low
669870,21.7749,82.7476,317.5,1.0,1.0,2024-12-27,846,1,MODIS,46,61.03,300.0,8.0,1,0,2024,12,27,846,8,46,1,1,73921,11178,17.5,0,Low
591819,25.5215,85.1476,309.5,1.1,1.0,2023-12-04,426,0,MODIS,59,61.03,296.9,5.6,1,0,2023,12,4,426,4,26,1,12,49232,8420,12.600000000000025,0,Low
623892,20.7674,83.3054,330.4,1.0,1.0,2024-04-03,824,1,MODIS,72,61.03,311.2,11.2,1,0,2024,4,3,824,8,24,2,1,73921,9197,19.19999999999999,0,Medium
57982,23.777,86.3894,329.8,1.0,1.0,2017-06-16,454,0,MODIS,74,6.2,303.3,11.5,1,2,2017,6,16,454,4,54,3,12,49232,1005,26.5,0,Medium
767901,21.4742,82.1317,310.6,1.0,1.0,2026-01-11,920,1,MODIS,58,61.03,299.5,5.3,1,0,2026,1,11,920,9,20,1,1,73921,10736,11.100000000000025,0,Low
768427,20.9603,86.0128,327.4,1.0,1.0,2026-01-14,334,0,MODIS,85,61.03,293.9,24.1,1,2,2026,1,14,334,3,34,1,1,73921,10736,33.5,1,Medium
299516,31.4627,74.6463,315.8,1.3,1.1,2020-10-26,830,1,MODIS,63,6.03,301.9,10.0,1,0,2020,10,26,830,8,30,4,0,167610,39610,13.900000000000034,0,Low
162166,30.1298,75.869,321.0,1.0,1.0,2018-11-08,818,1,MODIS,65,6.03,300.2,11.4,1,0,2018,11,8,818,8,18,4,0,167610,73042,20.80000000000001,0,Medium
600769,21.6489,84.0502,314.9,1.0,1.0,2024-01-27,814,1,MODIS,72,61.03,300.9,8.0,1,0,2024,1,27,814,8,14,1,1,73921,10736,14.0,0,Low
479131,22.3693,81.7115,332.2,1.1,1.1,2022-04-25,457,0,MODIS,65,6.03,316.7,12.6,1,0,2022,4,25,457,4,57,2,5,47348,16741,15.5,0,Medium
525019,18.3168,78.2012,321.9,1.1,1.0,2023-02-05,500,0,MODIS,73,61.03,307.6,11.4,1,0,2023,2,5,500,5,0,1,9,27481,5254,14.299999999999956,0,Medium
72485,18.772,79.972,314.0,3.3,1.7,2017-11-13,557,0,MODIS,0,6.2,297.0,39.9,1,0,2017,11,13,557,5,57,4,13,47964,957,17.0,0,High
771500,21.3297,81.8351,316.5,1.0,1.0,2026-01-24,927,1,MODIS,68,61.03,303.3,7.7,1,0,2026,1,24,927,9,27,1,1,73921,10736,13.199999999999989,0,Low
383613,23.2656,79.8024,321.5,1.3,1.1,2021-04-03,1709,0,MODIS,100,6.03,289.6,28.3,0,0,2021,4,3,1709,17,9,2,5,47348,16741,31.899999999999977,1,Medium
449981,26.277,94.3483,313.7,1.0,1.0,2022-03-11,708,1,MODIS,60,6.03,301.1,7.1,1,0,2022,3,11,708,7,8,2,11,41370,18499,12.599999999999966,0,Low
455725,26.7554,94.7498,321.1,2.0,1.4,2022-03-16,726,1,MODIS,74,6.03,299.5,30.9,1,0,2022,3,16,726,7,26,2,11,41370,18499,21.600000000000023,0,High
478543,27.4388,82.9491,328.6,1.5,1.2,2022-04-24,730,1,MODIS,26,6.03,312.8,13.4,1,0,2022,4,24,730,7,30,2,7,41741,15320,15.800000000000011,0,Medium
316325,23.2429,79.7957,325.5,1.0,1.0,2020-11-15,803,1,MODIS,75,6.03,305.1,12.8,1,0,2020,11,15,803,8,3,4,5,47348,5930,20.399999999999977,0,Medium
646118,19.4298,80.1204,325.6,1.0,1.0,2024-05-22,444,0,MODIS,70,61.03,302.8,11.3,1,0,2024,5,22,444,4,44,2,13,47964,4838,22.80000000000001,0,Medium
423446,31.0384,75.0906,325.6,1.0,1.0,2021-11-09,812,1,MODIS,60,6.03,304.7,13.2,1,0,2021,11,9,812,8,12,4,0,167610,73042,20.900000000000038,0,Medium
553192,27.374,84.2669,304.7,1.0,1.0,2023-04-06,2031,1,MODIS,51,61.03,293.8,6.5,0,0,2023,4,6,2031,20,31,2,7,41741,15320,10.899999999999975,0,Low
240112,30.0527,74.9208,314.8,1.0,1.0,2019-11-04,811,1,MODIS,37,6.03,301.2,6.2,1,0,2019,11,4,811,8,11,4,0,167610,73042,13.600000000000025,0,Low
605400,15.2855,78.7331,326.5,1.0,1.0,2024-02-18,837,1,MODIS,38,61.03,309.0,11.8,1,0,2024,2,18,837,8,37,1,14,36148,10539,17.5,0,Medium
448578,25.104,93.2771,330.7,1.2,1.1,2022-03-09,720,1,MODIS,83,6.03,297.4,31.6,1,0,2022,3,9,720,7,20,2,2,57778,42248,33.30000000000001,1,High
109195,23.3607,93.0742,317.6,2.6,1.5,2018-03-13,638,1,MODIS,74,6.03,293.0,49.7,1,0,2018,3,13,638,6,38,2,2,57778,42248,24.600000000000023,0,High
89022,26.3323,83.2928,310.3,1.9,1.3,2018-02-02,811,1,MODIS,37,6.03,299.0,12.7,1,0,2018,2,2,811,8,11,1,7,41741,3088,11.300000000000011,0,Medium
379578,23.7874,80.1301,333.2,1.0,1.0,2021-04-01,757,1,MODIS,33,6.03,321.6,10.2,1,0,2021,4,1,757,7,57,2,5,47348,16741,11.599999999999966,0,Medium
381118,22.622,79.7755,340.9,1.1,1.0,2021-04-02,530,0,MODIS,84,6.03,322.4,22.8,1,0,2021,4,2,530,5,30,2,5,47348,16741,18.5,1,Medium
11137,16.6046,74.5377,315.8,1.0,1.0,2017-02-24,1727,0,MODIS,92,6.2,290.5,15.5,0,0,2017,2,24,1727,17,27,1,3,38436,8837,25.30000000000001,0,Medium
305683,31.308,74.8084,314.5,1.6,1.2,2020-11-02,836,1,MODIS,64,6.03,302.8,10.0,1,0,2020,11,2,836,8,36,4,0,167610,73042,11.699999999999989,0,Low
402386,31.0059,74.7826,334.1,1.1,1.0,2021-05-02,540,0,MODIS,78,6.03,309.3,18.4,1,0,2021,5,2,540,5,40,2,0,167610,31628,24.80000000000001,0,Medium
624576,25.3291,90.4773,330.4,1.6,1.2,2024-04-04,728,1,MODIS,83,61.03,299.6,43.3,1,0,2024,4,4,728,7,28,2,8,33148,7372,30.799999999999955,1,High
239712,30.5344,74.9327,330.0,1.0,1.0,2019-11-04,811,1,MODIS,50,6.03,299.9,18.9,1,0,2019,11,4,811,8,11,4,0,167610,73042,30.100000000000023,0,Medium
157947,30.4226,75.078,333.1,1.0,1.0,2018-11-01,812,1,MODIS,40,6.03,301.5,22.7,1,0,2018,11,1,812,8,12,4,0,167610,73042,31.600000000000023,0,Medium
187484,26.6927,93.4817,334.9,1.0,1.0,2019-03-12,703,1,MODIS,87,6.03,295.8,31.7,1,0,2019,3,12,703,7,3,2,11,41370,18499,39.099999999999966,1,High
278741,17.3393,81.3289,324.5,1.0,1.0,2020-04-14,756,1,MODIS,47,6.03,307.4,9.6,1,0,2020,4,14,756,7,56,2,13,47964,11656,17.100000000000023,0,Low
117500,22.4872,81.6137,307.9,1.2,1.1,2018-03-23,1639,0,MODIS,62,6.03,296.6,7.3,0,0,2018,3,23,1639,16,39,2,5,47348,12422,11.299999999999956,0,Low
585313,29.7675,76.3583,312.8,1.6,1.3,2023-11-12,810,1,MODIS,60,61.03,301.5,10.1,1,0,2023,11,12,810,8,10,4,0,167610,73042,11.300000000000011,0,Medium
20406,20.8454,80.8692,325.8,1.2,1.1,2017-03-19,809,1,MODIS,58,6.2,310.5,7.3,1,0,2017,3,19,809,8,9,2,5,47348,12422,15.300000000000011,0,Low
708637,22.3264,80.0381,328.6,1.2,1.1,2025-03-25,912,1,MODIS,47,61.03,315.6,9.6,1,0,2025,3,25,912,9,12,2,5,47348,12422,13.0,0,Low
643719,25.214,83.2526,335.0,1.4,1.2,2024-05-14,835,1,MODIS,71,61.03,312.7,17.7,1,0,2024,5,14,835,8,35,2,12,49232,3184,22.30000000000001,0,Medium
559360,14.2081,79.4009,323.6,1.1,1.0,2023-04-12,1648,0,MODIS,100,61.03,299.8,19.7,0,0,2023,4,12,1648,16,48,2,14,36148,3614,23.80000000000001,0,Medium
682348,16.5163,75.5785,321.4,1.4,1.2,2025-02-16,453,0,MODIS,62,61.03,304.1,17.3,1,0,2025,2,16,453,4,53,1,3,38436,8837,17.299999999999955,0,Medium
372638,23.9903,91.9167,318.3,1.3,1.1,2021-03-29,726,1,MODIS,33,6.03,303.7,7.2,1,0,2021,3,29,726,7,26,2,2,57778,42248,14.600000000000025,0,Low
23683,22.7585,77.2254,308.8,2.9,1.6,2017-03-26,1741,0,MODIS,76,6.2,292.6,39.8,0,0,2017,3,26,1741,17,41,2,4,76528,13167,16.19999999999999,0,High
587091,30.3164,75.5653,323.5,1.0,1.0,2023-11-15,837,1,MODIS,76,61.03,300.1,14.1,1,0,2023,11,15,837,8,37,4,0,167610,73042,23.399999999999977,0,Medium
423980,30.3993,74.4725,342.2,1.1,1.0,2021-11-09,812,1,MODIS,90,6.03,305.1,40.9,1,0,2021,11,9,812,8,12,4,0,167610,73042,37.099999999999966,1,High
89859,20.9588,85.1831,317.5,1.2,1.1,2018-02-05,1626,0,MODIS,95,6.03,295.3,19.7,0,2,2018,2,5,1626,16,26,1,1,73921,9366,22.19999999999999,0,Medium
238949,29.9745,75.3789,327.8,1.0,1.0,2019-11-04,811,1,MODIS,78,6.03,302.2,17.7,1,0,2019,11,4,811,8,11,4,0,167610,73042,25.600000000000023,0,Medium
382259,24.0308,80.4287,304.3,1.7,1.3,2021-04-02,2049,1,MODIS,55,6.03,293.1,13.1,0,0,2021,4,2,2049,20,49,2,5,47348,16741,11.199999999999989,0,Medium
465764,23.7586,82.6121,336.0,1.0,1.0,2022-03-28,749,1,MODIS,63,6.03,320.1,16.0,1,0,2022,3,28,749,7,49,2,5,47348,12422,15.899999999999975,0,Medium
75390,30.3555,74.708,310.7,1.0,1.0,2017-11-21,818,1,MODIS,55,6.2,299.3,4.4,1,0,2017,11,21,818,8,18,4,0,167610,73042,11.399999999999975,0,Low
215449,25.8928,78.9331,335.3,1.5,1.2,2019-04-30,746,1,MODIS,70,6.03,321.7,19.0,1,0,2019,4,30,746,7,46,2,4,76528,39620,13.600000000000025,0,Medium
464197,28.8427,79.9629,317.5,1.0,1.0,2022-03-26,803,1,MODIS,58,6.03,307.1,6.4,1,0,2022,3,26,803,8,3,2,7,41741,3895,10.399999999999975,0,Low
323025,21.8417,82.688,314.6,1.3,1.1,2020-12-21,738,1,MODIS,52,6.03,302.8,7.1,1,0,2020,12,21,738,7,38,1,1,73921,11178,11.800000000000011,0,Low
68013,31.5053,75.4999,321.7,1.2,1.1,2017-10-31,759,1,MODIS,79,6.2,299.0,19.1,1,0,2017,10,31,759,7,59,4,0,167610,39610,22.69999999999999,0,Medium
438605,19.5359,74.2413,317.2,1.1,1.0,2022-01-24,834,1,MODIS,65,6.03,300.0,9.4,1,0,2022,1,24,834,8,34,1,3,38436,8477,17.19999999999999,0,Low
621100,18.5145,82.3325,326.1,1.2,1.1,2024-03-29,814,1,MODIS,59,61.03,309.4,11.6,1,0,2024,3,29,814,8,14,2,13,47964,18871,16.700000000000045,0,Medium
698446,25.2744,78.3619,327.7,2.4,1.5,2025-03-13,933,1,MODIS,49,61.03,310.1,39.1,1,0,2025,3,13,933,9,33,2,4,76528,13167,17.599999999999966,0,High
177636,21.0579,86.7181,315.0,3.0,1.6,2019-01-23,701,1,MODIS,67,6.03,304.4,24.7,1,0,2019,1,23,701,7,1,1,1,73921,10736,10.600000000000025,0,Medium
424088,30.4925,74.0103,340.5,1.1,1.0,2021-11-09,812,1,MODIS,90,6.03,302.5,42.5,1,0,2021,11,9,812,8,12,4,0,167610,73042,38.0,1,High
394118,25.0183,77.9114,316.4,1.8,1.3,2021-04-16,1638,0,MODIS,93,6.03,294.2,28.9,0,0,2021,4,16,1638,16,38,2,4,76528,39620,22.19999999999999,1,Medium
146195,31.634,77.3903,301.7,1.0,1.0,2018-05-24,1655,0,MODIS,32,6.03,289.8,5.8,0,0,2018,5,24,1655,16,55,2,0,167610,31628,11.899999999999975,0,Low
255122,14.1361,75.8469,307.0,1.4,1.2,2020-02-21,1702,0,MODIS,60,6.03,294.3,10.8,0,0,2020,2,21,1702,17,2,1,14,36148,10539,12.699999999999989,0,Medium
462889,23.2535,78.1612,333.9,1.0,1.0,2022-03-24,814,1,MODIS,74,6.03,314.5,14.0,1,0,2022,3,24,814,8,14,2,4,76528,13167,19.399999999999977,0,Medium
101067,14.1237,79.0058,323.9,1.6,1.3,2018-03-06,503,0,MODIS,50,6.03,312.2,13.0,1,0,2018,3,6,503,5,3,2,14,36148,12659,11.699999999999989,0,Medium
65717,30.6409,74.6541,312.8,1.0,1.0,2017-10-28,554,0,MODIS,58,6.2,301.9,5.0,1,0,2017,10,28,554,5,54,4,0,167610,39610,10.900000000000034,0,Low
100740,22.6677,87.3656,321.8,1.1,1.0,2018-03-05,727,1,MODIS,67,6.03,305.9,8.1,1,0,2018,3,5,727,7,27,2,12,49232,10270,15.900000000000034,0,Low
54639,28.5378,78.9952,331.7,1.3,1.1,2017-05-11,518,0,MODIS,74,6.2,305.4,21.1,1,0,2017,5,11,518,5,18,2,7,41741,6465,26.30000000000001,0,Medium
111876,22.8685,82.8604,321.0,1.2,1.1,2018-03-18,525,0,MODIS,51,6.03,307.6,9.3,1,0,2018,3,18,525,5,25,2,1,73921,19544,13.399999999999975,0,Low
295729,21.7543,84.0244,316.6,1.0,1.0,2020-10-16,750,1,MODIS,52,6.03,298.9,6.9,1,2,2020,10,16,750,7,50,4,1,73921,2278,17.700000000000045,0,Low
690260,25.0724,93.3806,314.6,1.2,1.1,2025-03-06,815,1,MODIS,24,61.03,298.7,10.1,1,0,2025,3,6,815,8,15,2,2,57778,42248,15.900000000000034,0,Medium
212504,27.0551,83.5473,308.4,1.3,1.1,2019-04-25,1653,0,MODIS,69,6.03,296.0,7.5,0,0,2019,4,25,1653,16,53,2,7,41741,15320,12.399999999999975,0,Low
627194,16.5103,80.8973,325.9,1.0,1.0,2024-04-08,434,0,MODIS,71,61.03,304.7,10.6,1,0,2024,4,8,434,4,34,2,13,47964,11656,21.19999999999999,0,Medium
301501,27.9638,76.3815,321.1,1.1,1.0,2020-10-29,548,0,MODIS,63,6.03,305.3,8.9,1,0,2020,10,29,548,5,48,4,0,167610,39610,15.800000000000011,0,Low
650818,23.6902,87.1206,308.5,1.0,1.0,2024-08-30,1538,0,MODIS,70,61.03,293.7,5.1,0,2,2024,8,30,1538,15,38,3,12,49232,611,14.800000000000011,0,Low
620517,19.9538,80.2751,327.2,1.0,1.0,2024-03-27,831,1,MODIS,39,61.03,307.9,10.0,1,0,2024,3,27,831,8,31,2,13,47964,18871,19.30000000000001,0,Low
187264,25.3853,90.7934,318.3,1.3,1.1,2019-03-12,703,1,MODIS,71,6.03,300.5,14.3,1,0,2019,3,12,703,7,3,2,8,33148,19990,17.80000000000001,0,Medium
413106,30.0109,74.6274,319.3,1.0,1.0,2021-10-31,818,1,MODIS,65,6.03,303.6,9.1,1,0,2021,10,31,818,8,18,4,0,167610,39610,15.699999999999989,0,Low
528078,13.1331,78.0555,302.3,2.1,1.4,2023-02-13,1625,0,MODIS,48,61.03,292.2,14.7,0,0,2023,2,13,1625,16,25,1,14,36148,10539,10.100000000000025,0,Medium
249946,26.7805,95.3284,305.0,1.0,1.0,2020-01-13,422,0,MODIS,30,6.03,292.8,5.3,1,0,2020,1,13,422,4,22,1,11,41370,4936,12.199999999999989,0,Low
603798,27.3446,72.1313,347.2,1.1,1.1,2024-02-11,846,1,MODIS,80,61.03,307.0,56.6,1,0,2024,2,11,846,8,46,1,0,167610,2711,40.19999999999999,0,High
761617,19.0397,79.4303,308.6,1.4,1.2,2025-12-16,415,0,MODIS,65,61.03,296.0,10.2,1,0,2025,12,16,415,4,15,1,13,47964,2559,12.600000000000025,0,Medium
143588,19.9323,83.5968,328.2,3.6,1.8,2018-05-14,827,1,MODIS,76,6.03,296.8,104.1,1,0,2018,5,14,827,8,27,2,1,73921,4396,31.399999999999977,0,Extreme
535065,23.6868,86.3967,303.3,1.0,1.0,2023-02-27,1614,0,MODIS,52,61.03,292.2,5.8,0,2,2023,2,27,1614,16,14,1,12,49232,3888,11.100000000000025,0,Low
393666,30.3926,78.1735,325.6,1.0,1.0,2021-04-16,540,0,MODIS,53,6.03,310.5,11.7,1,0,2021,4,16,540,5,40,2,0,167610,7906,15.100000000000025,0,Medium
742786,12.8921,78.7547,315.6,1.1,1.1,2025-06-02,424,0,MODIS,57,61.03,299.2,8.7,1,0,2025,6,2,424,4,24,3,14,36148,335,16.400000000000034,0,Low
705953,21.2056,78.2033,324.5,1.0,1.0,2025-03-22,425,0,MODIS,62,61.03,308.4,9.4,1,0,2025,3,22,425,4,25,2,9,27481,7575,16.100000000000023,0,Low
181012,11.7193,76.8813,323.6,3.3,1.7,2019-02-13,856,1,MODIS,74,6.03,302.3,55.2,1,0,2019,2,13,856,8,56,1,6,13460,3893,21.30000000000001,0,High
437371,19.0249,75.4298,321.4,1.2,1.1,2022-01-08,834,1,MODIS,70,6.03,303.1,11.7,1,0,2022,1,8,834,8,34,1,3,38436,8477,18.299999999999955,0,Medium
421641,21.3465,73.0068,324.5,1.1,1.0,2021-11-08,551,0,MODIS,71,6.03,303.0,15.7,1,0,2021,11,8,551,5,51,4,10,21095,1837,21.5,0,Medium
104972,25.8797,94.7761,316.6,1.0,1.0,2018-03-09,703,1,MODIS,63,6.03,302.1,8.1,1,0,2018,3,9,703,7,3,2,11,41370,18499,14.5,0,Low
724832,25.1874,92.2242,313.1,1.0,1.0,2025-04-10,810,1,MODIS,58,61.03,294.0,6.3,1,0,2025,4,10,810,8,10,2,8,33148,7372,19.100000000000023,0,Low
770314,27.2876,94.7988,305.4,1.0,1.0,2026-01-20,833,1,MODIS,42,61.03,295.3,3.3,1,0,2026,1,20,833,8,33,1,11,41370,4936,10.099999999999966,0,Low
668874,17.8013,74.8614,317.0,1.0,1.0,2024-12-21,447,0,MODIS,71,61.03,296.3,10.8,1,0,2024,12,21,447,4,47,1,3,38436,5945,20.69999999999999,0,Medium
536502,13.2108,79.3789,321.4,1.0,1.0,2023-03-02,816,1,MODIS,48,61.03,309.0,8.3,1,0,2023,3,2,816,8,16,2,14,36148,12659,12.399999999999975,0,Low
688816,25.284,91.8124,302.5,1.3,1.1,2025-03-04,1453,0,MODIS,49,61.03,289.3,7.9,0,0,2025,3,4,1453,14,53,2,8,33148,19990,13.199999999999989,0,Low
49305,19.8368,83.262,353.8,2.0,1.4,2017-04-27,815,1,MODIS,96,6.2,315.2,142.1,1,0,2017,4,27,815,8,15,2,1,73921,9197,38.60000000000002,1,Extreme
68896,30.23,75.3766,326.2,2.1,1.4,2017-11-01,842,1,MODIS,78,6.2,299.3,44.8,1,0,2017,11,1,842,8,42,4,0,167610,73042,26.899999999999977,0,High
597282,14.6559,77.9854,313.7,1.0,1.0,2024-01-05,453,0,MODIS,57,61.03,299.3,5.4,1,0,2024,1,5,453,4,53,1,14,36148,3490,14.399999999999975,0,Low
362385,29.1971,80.1125,315.8,2.7,1.6,2021-03-22,722,1,MODIS,49,6.03,297.7,34.7,1,0,2021,3,22,722,7,22,2,7,41741,3895,18.100000000000023,0,High
763665,16.6341,73.4045,302.1,1.5,1.2,2025-12-22,1546,0,MODIS,39,61.03,291.7,7.3,0,0,2025,12,22,1546,15,46,1,3,38436,5945,10.400000000000034,0,Low
241682,30.3699,76.0924,343.7,1.2,1.1,2019-11-06,759,1,MODIS,92,6.03,302.4,53.6,1,0,2019,11,6,759,7,59,4,0,167610,73042,41.30000000000001,1,High
419835,30.1451,75.3225,333.8,1.1,1.1,2021-11-07,824,1,MODIS,85,6.03,302.1,30.0,1,0,2021,11,7,824,8,24,4,0,167610,73042,31.69999999999999,1,Medium
744276,27.751,96.0116,312.9,1.1,1.1,2025-09-11,802,1,MODIS,68,61.03,294.5,6.6,1,0,2025,9,11,802,8,2,4,11,41370,195,18.399999999999977,0,Low
176385,14.2858,75.4846,339.9,1.1,1.0,2019-01-16,832,1,MODIS,87,6.03,312.8,32.8,1,0,2019,1,16,832,8,32,1,14,36148,3490,27.09999999999997,1,High
332096,14.1291,77.6008,316.3,1.3,1.1,2021-02-08,514,0,MODIS,35,6.03,303.0,6.6,1,0,2021,2,8,514,5,14,1,14,36148,10539,13.300000000000011,0,Low
185581,15.3433,79.0707,339.1,1.2,1.1,2019-03-07,820,1,MODIS,76,6.03,315.9,24.2,1,0,2019,3,7,820,8,20,2,14,36148,12659,23.200000000000045,0,Medium
193491,25.1081,86.4169,331.6,1.0,1.0,2019-03-22,739,1,MODIS,67,6.03,311.4,16.0,1,0,2019,3,22,739,7,39,2,12,49232,10270,20.200000000000045,0,Medium
50437,25.065,76.609,336.5,1.0,1.0,2017-04-30,537,0,MODIS,69,6.2,313.5,14.0,1,0,2017,4,30,537,5,37,2,4,76528,39620,23.0,0,Medium
162557,30.7177,74.463,347.4,1.0,1.0,2018-11-08,818,1,MODIS,94,6.03,302.0,49.3,1,0,2018,11,8,818,8,18,4,0,167610,73042,45.39999999999998,1,High
412247,30.1921,76.2539,318.4,2.9,1.6,2021-10-30,735,1,MODIS,73,6.03,299.8,46.3,1,0,2021,10,30,735,7,35,4,0,167610,39610,18.59999999999997,0,High
531929,24.6119,93.6897,332.4,1.6,1.2,2023-02-22,734,1,MODIS,79,61.03,298.2,49.3,1,0,2023,2,22,734,7,34,1,2,57778,3915,34.19999999999999,0,High
645872,32.047,76.6766,303.7,1.1,1.0,2024-05-20,2129,1,MODIS,47,61.03,291.9,5.5,0,0,2024,5,20,2129,21,29,2,0,167610,31628,11.800000000000011,0,Low
507101,22.4067,80.1833,315.3,1.1,1.0,2022-11-13,801,1,MODIS,59,6.03,304.5,5.9,1,0,2022,11,13,801,8,1,4,5,47348,5930,10.800000000000011,0,Low
765684,16.75,75.007,304.3,1.6,1.2,2026-01-02,356,0,MODIS,45,61.03,292.5,7.2,1,0,2026,1,2,356,3,56,1,3,38436,8477,11.800000000000011,0,Low
409769,31.4815,74.9912,317.8,1.1,1.0,2021-10-22,824,1,MODIS,64,6.03,302.6,8.1,1,0,2021,10,22,824,8,24,4,0,167610,39610,15.199999999999989,0,Low
404901,25.1136,76.9262,330.0,1.2,1.1,2021-05-13,523,0,MODIS,63,6.03,306.6,11.3,1,0,2021,5,13,523,5,23,2,4,76528,7507,23.399999999999977,0,Medium
147136,29.9531,79.3382,306.9,1.2,1.1,2018-05-26,1643,0,MODIS,70,6.03,294.7,8.2,0,0,2018,5,26,1643,16,43,2,7,41741,6465,12.199999999999989,0,Low
729663,25.1023,83.8656,372.9,1.0,1.0,2025-04-21,846,1,MODIS,100,61.03,319.0,101.9,1,0,2025,4,21,846,8,46,2,12,49232,12010,53.89999999999998,1,Extreme
550834,22.6998,77.3439,318.7,1.7,1.3,2023-03-29,1706,0,MODIS,97,61.03,291.1,34.1,0,0,2023,3,29,1706,17,6,2,4,76528,13167,27.59999999999997,1,High
426254,30.1419,76.3299,321.7,2.4,1.5,2021-11-12,842,1,MODIS,75,6.03,302.2,45.4,1,0,2021,11,12,842,8,42,4,0,167610,73042,19.5,0,High
198148,23.7504,92.9171,437.4,1.1,1.0,2019-03-28,702,1,MODIS,94,6.03,315.4,615.3,1,0,2019,3,28,702,7,2,2,2,57778,42248,122.0,1,Extreme
288154,20.0593,79.2245,305.9,2.1,1.4,2020-05-08,2056,1,MODIS,63,6.03,293.7,13.5,0,0,2020,5,8,2056,20,56,2,9,27481,1637,12.199999999999989,0,Medium
634566,29.1372,79.99,312.8,1.0,1.0,2024-04-23,2106,1,MODIS,86,61.03,293.5,10.4,0,0,2024,4,23,2106,21,6,2,7,41741,15320,19.30000000000001,0,Medium
676719,20.0888,75.3516,312.9,1.6,1.2,2025-01-31,1637,0,MODIS,86,61.03,288.4,24.1,0,0,2025,1,31,1637,16,37,1,9,27481,3684,24.5,1,Medium
543267,26.0015,94.9911,327.0,1.3,1.1,2023-03-10,724,1,MODIS,84,61.03,300.2,30.6,1,0,2023,3,10,724,7,24,2,11,41370,18499,26.80000000000001,1,High
26060,22.3114,80.2526,331.2,1.1,1.1,2017-03-30,751,1,MODIS,25,6.2,318.1,10.4,1,0,2017,3,30,751,7,51,2,5,47348,12422,13.099999999999966,0,Medium
619077,22.2131,84.8642,315.9,1.0,1.0,2024-03-22,431,0,MODIS,66,61.03,299.9,7.6,1,2,2024,3,22,431,4,31,2,1,73921,19544,16.0,0,Low
24840,19.6483,79.9403,331.0,1.0,1.0,2017-03-28,803,1,MODIS,48,6.2,316.0,7.6,1,0,2017,3,28,803,8,3,2,13,47964,18871,15.0,0,Low
305386,30.4435,74.8291,319.6,1.5,1.2,2020-11-02,836,1,MODIS,70,6.03,302.1,18.6,1,0,2020,11,2,836,8,36,4,0,167610,73042,17.5,0,Medium
295888,33.5263,75.7939,310.4,1.3,1.1,2020-10-16,754,1,MODIS,65,6.03,294.1,12.4,1,0,2020,10,16,754,7,54,4,0,167610,39610,16.299999999999955,0,Medium
271448,24.3445,94.2427,314.7,1.3,1.1,2020-04-01,650,1,MODIS,30,6.03,304.6,7.0,1,0,2020,4,1,650,6,50,2,2,57778,10542,10.099999999999966,0,Low
357879,21.4338,85.9095,331.3,1.0,1.0,2021-03-18,744,1,MODIS,40,6.03,308.2,15.7,1,0,2021,3,18,744,7,44,2,1,73921,19544,23.100000000000023,0,Medium
121427,24.021,74.3408,328.3,2.3,1.5,2018-03-27,519,0,MODIS,62,6.03,314.6,28.5,1,0,2018,3,27,519,5,19,2,10,21095,5604,13.699999999999989,0,Medium
456057,22.8009,93.0554,313.3,3.8,1.8,2022-03-17,630,1,MODIS,34,6.03,297.0,52.3,1,0,2022,3,17,630,6,30,2,2,57778,42248,16.30000000000001,0,High
497113,27.9151,79.8209,315.0,1.0,1.0,2022-10-28,808,1,MODIS,61,6.03,301.0,7.0,1,0,2022,10,28,808,8,8,4,7,41741,2163,14.0,0,Low
145587,29.9361,78.3218,344.7,1.1,1.1,2018-05-22,1707,0,MODIS,100,6.03,303.4,55.1,0,0,2018,5,22,1707,17,7,2,0,167610,31628,41.30000000000001,1,High
220618,29.7461,76.0489,330.7,1.7,1.3,2019-05-09,607,0,MODIS,26,6.03,315.0,17.1,1,0,2019,5,9,607,6,7,2,0,167610,31628,15.699999999999989,0,Medium
744130,20.9702,85.1777,303.7,1.2,1.1,2025-08-31,2113,1,MODIS,23,61.03,285.2,6.6,0,2,2025,8,31,2113,21,13,3,1,73921,664,18.5,0,Low
526385,17.1906,74.1867,306.4,1.0,1.0,2023-02-09,1659,0,MODIS,68,61.03,290.1,8.0,0,0,2023,2,9,1659,16,59,1,3,38436,8837,16.299999999999955,0,Low
214658,29.0973,80.062,336.1,1.0,1.0,2019-04-29,530,0,MODIS,84,6.03,307.5,27.0,1,0,2019,4,29,530,5,30,2,7,41741,15320,28.600000000000023,1,Medium
445385,25.2645,90.8448,311.2,1.0,1.0,2022-03-03,439,0,MODIS,61,6.03,299.3,7.3,1,0,2022,3,3,439,4,39,2,8,33148,19990,11.899999999999975,0,Low
64479,31.2565,74.5658,315.5,2.8,1.6,2017-10-26,741,1,MODIS,69,6.2,300.7,30.9,1,0,2017,10,26,741,7,41,4,0,167610,39610,14.800000000000011,0,High
613196,25.6223,90.9698,313.8,1.7,1.3,2024-03-12,804,1,MODIS,51,61.03,298.8,13.1,1,0,2024,3,12,804,8,4,2,8,33148,19990,15.0,0,Medium
764535,23.0689,87.7169,306.6,1.0,1.0,2025-12-26,855,1,MODIS,41,61.03,295.9,4.4,1,2,2025,12,26,855,8,55,1,12,49232,8420,10.700000000000044,0,Low
243901,27.3578,81.9002,313.3,1.0,1.0,2019-11-15,752,1,MODIS,55,6.03,302.1,5.5,1,0,2019,11,15,752,7,52,4,7,41741,5012,11.199999999999989,0,Low
47862,18.6445,81.0866,328.4,1.4,1.2,2017-04-24,744,1,MODIS,50,6.2,312.0,15.6,1,0,2017,4,24,744,7,44,2,13,47964,11656,16.399999999999977,0,Medium
426166,30.6291,74.722,322.1,1.9,1.3,2021-11-12,842,1,MODIS,76,6.03,302.0,32.3,1,0,2021,11,12,842,8,42,4,0,167610,73042,20.100000000000023,0,High
271175,18.7927,83.1006,325.9,1.2,1.1,2020-04-01,520,0,MODIS,70,6.03,307.3,19.0,1,0,2020,4,1,520,5,20,2,13,47964,11656,18.59999999999997,0,Medium
208600,21.25,79.5185,325.5,2.1,1.4,2019-04-18,550,0,MODIS,61,6.03,304.7,18.9,1,0,2019,4,18,550,5,50,2,5,47348,16741,20.80000000000001,0,Medium
615351,24.7971,93.5396,317.1,1.3,1.1,2024-03-14,748,1,MODIS,27,61.03,297.9,13.7,1,0,2024,3,14,748,7,48,2,2,57778,42248,19.200000000000045,0,Medium
484419,14.5701,78.9622,328.5,1.0,1.0,2022-04-30,518,0,MODIS,46,6.03,306.7,12.9,1,0,2022,4,30,518,5,18,2,14,36148,3614,21.80000000000001,0,Medium
701387,25.7267,91.9778,318.0,1.0,1.0,2025-03-16,814,1,MODIS,60,61.03,305.9,7.0,1,0,2025,3,16,814,8,14,2,8,33148,19990,12.100000000000025,0,Low
355187,25.9728,90.6012,312.6,1.0,1.0,2021-03-15,715,1,MODIS,45,6.03,297.3,4.6,1,0,2021,3,15,715,7,15,2,8,33148,19990,15.300000000000011,0,Low
470431,22.6784,77.5998,309.1,1.4,1.2,2022-04-04,1713,0,MODIS,73,6.03,291.8,13.2,0,0,2022,4,4,1713,17,13,2,4,76528,39620,17.30000000000001,0,Medium
632662,25.23,83.8391,331.7,1.6,1.3,2024-04-19,754,1,MODIS,63,61.03,312.7,20.0,1,0,2024,4,19,754,7,54,2,12,49232,12010,19.0,0,Medium
578558,20.9663,85.1823,306.3,1.2,1.1,2023-10-27,2039,1,MODIS,68,61.03,295.3,8.8,0,2,2023,10,27,2039,20,39,4,1,73921,2278,11.0,0,Low
243261,23.7015,86.0734,322.9,1.1,1.0,2019-11-11,506,0,MODIS,68,6.03,301.7,15.7,1,2,2019,11,11,506,5,6,4,12,49232,3375,21.19999999999999,0,Medium
275687,24.74,79.2848,336.5,1.0,1.0,2020-04-08,525,0,MODIS,81,6.03,312.1,19.9,1,0,2020,4,8,525,5,25,2,5,47348,16741,24.399999999999977,0,Medium
353109,15.354,79.1832,330.1,1.0,1.0,2021-03-14,807,1,MODIS,61,6.03,309.6,14.2,1,0,2021,3,14,807,8,7,2,14,36148,12659,20.5,0,Medium
226462,31.0241,76.6232,334.8,1.1,1.0,2019-05-22,536,0,MODIS,80,6.03,317.8,15.1,1,0,2019,5,22,536,5,36,2,0,167610,31628,17.0,0,Medium
598569,24.0786,69.6108,315.7,1.2,1.1,2024-01-13,521,0,MODIS,71,61.03,299.7,10.0,1,0,2024,1,13,521,5,21,1,10,21095,2544,16.0,0,Low
597492,23.7458,75.6333,306.7,1.2,1.1,2024-01-06,831,1,MODIS,41,61.03,295.6,6.8,1,0,2024,1,6,831,8,31,1,4,76528,1502,11.099999999999966,0,Low
698362,22.3074,76.2572,331.2,1.6,1.2,2025-03-13,933,1,MODIS,49,61.03,311.9,29.2,1,0,2025,3,13,933,9,33,2,4,76528,13167,19.30000000000001,0,Medium
571880,19.3945,80.9062,334.2,1.0,1.0,2023-05-20,809,1,MODIS,80,61.03,308.5,22.0,1,0,2023,5,20,809,8,9,2,13,47964,4838,25.69999999999999,0,Medium
670223,23.6855,87.1195,312.0,1.0,1.0,2024-12-29,827,1,MODIS,59,61.03,300.5,5.7,1,2,2024,12,29,827,8,27,1,12,49232,8420,11.5,0,Low
664354,20.8379,81.7314,306.3,1.0,1.0,2024-12-03,416,0,MODIS,47,61.03,289.6,4.1,1,0,2024,12,3,416,4,16,1,1,73921,11178,16.69999999999999,0,Low
308460,30.2995,74.2016,315.5,1.0,1.0,2020-11-05,554,0,MODIS,64,6.03,298.5,9.1,1,0,2020,11,5,554,5,54,4,0,167610,73042,17.0,0,Low
129296,19.4493,78.1089,337.6,1.2,1.1,2018-04-05,822,1,MODIS,73,6.03,319.5,12.3,1,0,2018,4,5,822,8,22,2,9,27481,3504,18.100000000000023,0,Medium
685407,26.736,95.0953,315.9,1.7,1.3,2025-02-24,815,1,MODIS,72,61.03,291.4,25.2,1,0,2025,2,24,815,8,15,1,11,41370,5791,24.5,0,Medium
529634,16.1048,78.6476,331.0,1.1,1.0,2023-02-16,813,1,MODIS,72,61.03,314.3,18.6,1,0,2023,2,16,813,8,13,1,14,36148,10539,16.69999999999999,0,Medium
17565,17.7187,80.2333,335.2,1.0,1.0,2017-03-12,802,1,MODIS,64,6.2,313.5,15.0,1,0,2017,3,12,802,8,2,2,13,47964,18871,21.69999999999999,0,Medium
534857,22.988,92.7815,320.4,2.4,1.5,2023-02-27,749,1,MODIS,71,61.03,298.6,48.7,1,0,2023,2,27,749,7,49,1,2,57778,3915,21.799999999999955,0,High
750708,26.2932,79.9861,311.4,1.3,1.1,2025-11-11,936,1,MODIS,46,61.03,298.2,8.1,1,0,2025,11,11,936,9,36,4,7,41741,5012,13.199999999999989,0,Low
661442,29.523,74.2126,314.2,1.2,1.1,2024-11-20,854,1,MODIS,52,61.03,301.4,8.1,1,0,2024,11,20,854,8,54,4,0,167610,73042,12.800000000000011,0,Low
209036,26.0478,92.4667,311.6,4.1,1.9,2019-04-19,626,1,MODIS,65,6.03,296.0,37.3,1,0,2019,4,19,626,6,26,2,8,33148,7372,15.600000000000025,0,High
41218,26.3362,83.5928,332.0,1.6,1.2,2017-04-13,804,1,MODIS,70,6.2,309.4,26.5,1,0,2017,4,13,804,8,4,2,12,49232,12010,22.600000000000023,0,Medium
308376,30.4902,74.7061,324.0,1.0,1.0,2020-11-05,554,0,MODIS,76,6.03,301.9,14.7,1,0,2020,11,5,554,5,54,4,0,167610,73042,22.100000000000023,0,Medium
717584,25.2362,92.4486,331.9,1.0,1.0,2025-03-31,812,1,MODIS,84,61.03,295.6,25.1,1,0,2025,3,31,812,8,12,2,8,33148,19990,36.29999999999996,1,Medium
28874,28.6371,79.9555,339.2,1.2,1.1,2017-04-01,1705,0,MODIS,100,6.2,297.9,55.1,0,0,2017,4,1,1705,17,5,2,7,41741,15320,41.30000000000001,1,High
232766,30.4592,76.4532,314.1,1.0,1.0,2019-10-19,811,1,MODIS,63,6.03,301.9,5.3,1,0,2019,10,19,811,8,11,4,0,167610,39610,12.200000000000044,0,Low
185900,25.667,90.4515,333.3,1.1,1.1,2019-03-08,727,1,MODIS,86,6.03,303.1,31.5,1,0,2019,3,8,727,7,27,2,8,33148,19990,30.19999999999999,1,High
570162,29.9922,76.3334,333.6,1.3,1.1,2023-05-12,505,0,MODIS,74,61.03,317.7,15.3,1,0,2023,5,12,505,5,5,2,0,167610,31628,15.900000000000034,0,Medium
567452,25.4234,76.3766,357.1,1.0,1.0,2023-04-27,826,1,MODIS,97,61.03,318.5,52.5,1,0,2023,4,27,826,8,26,2,4,76528,39620,38.60000000000002,1,High
301354,31.1929,75.533,314.7,1.0,1.0,2020-10-28,818,1,MODIS,56,6.03,303.6,4.8,1,0,2020,10,28,818,8,18,4,0,167610,39610,11.099999999999966,0,Low
559245,26.3587,93.1309,322.4,2.0,1.4,2023-04-12,743,1,MODIS,73,61.03,300.1,35.1,1,0,2023,4,12,743,7,43,2,11,41370,8105,22.299999999999955,0,High
67141,30.2435,75.7509,321.6,1.0,1.0,2017-10-29,811,1,MODIS,63,6.2,300.8,11.1,1,0,2017,10,29,811,8,11,4,0,167610,39610,20.80000000000001,0,Medium
127875,26.4334,93.1734,315.8,1.1,1.1,2018-04-03,657,1,MODIS,56,6.03,297.4,10.3,1,0,2018,4,3,657,6,57,2,11,41370,8105,18.400000000000038,0,Medium
229818,23.7588,85.8605,308.8,1.5,1.2,2019-06-10,1947,1,MODIS,68,6.03,296.6,10.6,0,2,2019,6,10,1947,19,47,3,12,49232,1005,12.199999999999989,0,Medium
610989,23.4642,92.7286,344.8,1.0,1.0,2024-03-09,738,1,MODIS,93,61.03,299.0,46.7,1,0,2024,3,9,738,7,38,2,2,57778,42248,45.80000000000001,1,High
203517,22.6775,77.5116,337.0,1.1,1.0,2019-04-06,526,0,MODIS,72,6.03,312.2,19.7,1,0,2019,4,6,526,5,26,2,4,76528,39620,24.80000000000001,0,Medium
432086,29.1577,76.1832,313.7,1.0,1.0,2021-11-25,811,1,MODIS,57,6.03,301.0,6.0,1,0,2021,11,25,811,8,11,4,0,167610,73042,12.699999999999989,0,Low
258278,25.195,92.3029,335.2,1.0,1.0,2020-03-12,715,1,MODIS,87,6.03,300.3,31.0,1,0,2020,3,12,715,7,15,2,8,33148,19990,34.89999999999998,1,High
703747,26.0506,94.2975,301.1,2.7,1.6,2025-03-18,2000,1,MODIS,37,61.03,287.7,24.0,0,0,2025,3,18,2000,20,0,2,11,41370,18499,13.400000000000034,0,Medium
152808,30.3961,76.268,315.1,1.0,1.0,2018-10-25,805,1,MODIS,61,6.03,302.6,6.3,1,0,2018,10,25,805,8,5,4,0,167610,39610,12.5,0,Low
283519,23.7791,86.385,305.9,1.1,1.1,2020-04-24,1621,0,MODIS,44,6.03,293.6,5.4,0,2,2020,4,24,1621,16,21,2,12,49232,12010,12.299999999999956,0,Low
66757,29.4804,75.0294,316.9,1.0,1.0,2017-10-29,811,1,MODIS,53,6.2,302.3,6.8,1,0,2017,10,29,811,8,11,4,0,167610,39610,14.599999999999966,0,Low
4933,27.9798,80.3619,313.3,1.1,1.1,2017-02-03,746,1,MODIS,71,6.2,294.9,11.0,1,0,2017,2,3,746,7,46,1,7,41741,3088,18.400000000000038,0,Medium
445889,12.0974,76.8772,328.6,1.0,1.0,2022-03-04,526,0,MODIS,78,6.03,311.3,13.6,1,0,2022,3,4,526,5,26,2,6,13460,3928,17.30000000000001,0,Medium
741549,31.2459,75.0087,330.3,1.0,1.0,2025-05-17,919,1,MODIS,66,61.03,310.1,9.9,1,0,2025,5,17,919,9,19,2,0,167610,31628,20.19999999999999,0,Low
400774,26.5091,83.5421,336.0,1.0,1.0,2021-04-29,510,0,MODIS,81,6.03,309.3,20.8,1,0,2021,4,29,510,5,10,2,7,41741,15320,26.69999999999999,1,Medium
161362,26.8367,83.6354,310.4,1.0,1.0,2018-11-08,506,0,MODIS,52,6.03,298.9,4.8,1,0,2018,11,8,506,5,6,4,7,41741,5012,11.5,0,Low
458949,31.8206,77.3285,324.3,1.1,1.0,2022-03-19,759,1,MODIS,50,6.03,296.7,23.3,1,0,2022,3,19,759,7,59,2,0,167610,2014,27.600000000000023,0,Medium
359469,21.36,70.2618,325.1,1.0,1.0,2021-03-20,601,0,MODIS,42,6.03,311.3,5.5,1,0,2021,3,20,601,6,1,2,10,21095,5604,13.800000000000011,0,Low
458728,20.8926,85.1154,331.4,1.2,1.1,2022-03-19,755,1,MODIS,73,6.03,314.5,17.9,1,0,2022,3,19,755,7,55,2,1,73921,19544,16.899999999999977,0,Medium
14752,15.3517,78.7385,337.4,1.0,1.0,2017-03-03,807,1,MODIS,77,6.2,314.1,23.4,1,0,2017,3,3,807,8,7,2,14,36148,12659,23.299999999999955,0,Medium
667568,23.0072,79.3417,308.1,1.2,1.1,2024-12-16,442,0,MODIS,65,61.03,292.2,9.5,1,0,2024,12,16,442,4,42,1,5,47348,2981,15.900000000000034,0,Low
366653,23.8229,77.9254,332.1,1.1,1.0,2021-03-26,524,0,MODIS,73,6.03,317.0,14.1,1,0,2021,3,26,524,5,24,2,4,76528,13167,15.100000000000025,0,Medium
2857,25.9659,94.3113,324.9,1.9,1.3,2017-01-21,638,1,MODIS,83,6.2,290.8,54.6,1,0,2017,1,21,638,6,38,1,11,41370,4936,34.099999999999966,1,High
495551,31.0565,75.4976,316.5,2.0,1.4,2022-10-23,752,1,MODIS,70,6.03,302.0,20.7,1,0,2022,10,23,752,7,52,4,0,167610,39610,14.5,0,Medium
180914,22.3665,87.0876,314.8,1.3,1.1,2019-02-13,720,1,MODIS,51,6.03,303.0,5.6,1,0,2019,2,13,720,7,20,1,12,49232,3888,11.800000000000011,0,Low
108093,21.7223,83.8147,326.5,1.3,1.1,2018-03-12,733,1,MODIS,70,6.03,309.4,13.9,1,0,2018,3,12,733,7,33,2,1,73921,19544,17.100000000000023,0,Medium
399005,25.7027,78.5172,337.9,1.3,1.1,2021-04-26,752,1,MODIS,76,6.03,321.8,22.5,1,0,2021,4,26,752,7,52,2,4,76528,39620,16.099999999999966,0,Medium
660055,25.362,77.1815,310.1,1.3,1.1,2024-11-18,911,1,MODIS,39,61.03,299.0,6.2,1,0,2024,11,18,911,9,11,4,4,76528,9210,11.100000000000025,0,Low
105475,24.9288,93.3672,345.1,1.0,1.0,2018-03-09,703,1,MODIS,93,6.03,297.1,50.3,1,0,2018,3,9,703,7,3,2,2,57778,42248,48.0,1,High
396968,26.2396,93.2836,339.4,1.3,1.1,2021-04-23,721,1,MODIS,89,6.03,292.9,55.0,1,0,2021,4,23,721,7,21,2,11,41370,8105,46.5,1,High
439945,19.8125,75.2299,317.5,1.1,1.0,2022-02-04,815,1,MODIS,47,6.03,304.4,6.9,1,2,2022,2,4,815,8,15,1,9,27481,5254,13.100000000000025,0,Low
123259,22.9719,78.5236,305.3,1.0,1.0,2018-03-28,1658,0,MODIS,64,6.03,290.8,6.9,0,0,2018,3,28,1658,16,58,2,4,76528,13167,14.5,0,Low
659964,21.6133,74.4619,318.2,1.0,1.0,2024-11-18,910,1,MODIS,65,61.03,304.5,8.4,1,0,2024,11,18,910,9,10,4,10,21095,1837,13.699999999999989,0,Low
386884,27.4187,96.1147,318.4,1.3,1.1,2021-04-06,638,1,MODIS,69,6.03,302.7,13.2,1,0,2021,4,6,638,6,38,2,11,41370,8105,15.699999999999989,0,Medium
481545,24.8563,82.1497,345.4,1.1,1.0,2022-04-27,759,1,MODIS,87,6.03,320.2,26.9,1,0,2022,4,27,759,7,59,2,5,47348,16741,25.19999999999999,1,Medium
712586,25.4057,90.3505,313.0,1.9,1.3,2025-03-28,753,1,MODIS,48,61.03,300.2,13.0,1,0,2025,3,28,753,7,53,2,8,33148,19990,12.800000000000011,0,Medium
511599,23.6798,86.4011,309.6,1.0,1.0,2022-11-27,2016,1,MODIS,67,6.03,289.6,11.2,0,2,2022,11,27,2016,20,16,4,12,49232,3375,20.0,0,Medium
482496,22.5871,75.5,337.8,1.0,1.0,2022-04-28,528,0,MODIS,76,6.03,321.7,12.3,1,0,2022,4,28,528,5,28,2,4,76528,39620,16.100000000000023,0,Medium
440583,11.363,79.0491,322.0,1.6,1.2,2022-02-09,831,1,MODIS,46,6.03,303.9,21.6,1,0,2022,2,9,831,8,31,1,6,13460,3893,18.100000000000023,0,Medium
455191,24.0645,93.9701,318.4,1.6,1.2,2022-03-16,725,1,MODIS,65,6.03,300.2,19.0,1,0,2022,3,16,725,7,25,2,2,57778,42248,18.19999999999999,0,Medium
247355,24.9791,84.7799,311.4,1.0,1.0,2019-12-10,745,1,MODIS,62,6.03,297.1,6.4,1,0,2019,12,10,745,7,45,1,12,49232,8420,14.299999999999956,0,Low
38059,17.7701,81.8776,320.5,3.6,1.8,2017-04-12,719,1,MODIS,20,6.2,305.2,47.5,1,0,2017,4,12,719,7,19,2,13,47964,11656,15.300000000000011,0,High
454414,12.852,78.5836,325.8,1.0,1.0,2022-03-15,818,1,MODIS,32,6.03,308.2,11.0,1,0,2022,3,15,818,8,18,2,14,36148,12659,17.600000000000023,0,Medium
200522,9.6431,76.4891,334.4,3.6,1.8,2019-03-31,606,0,MODIS,81,6.03,297.8,168.3,1,0,2019,3,31,606,6,6,2,6,13460,3928,36.599999999999966,1,Extreme
618440,22.4759,77.0172,306.5,1.2,1.1,2024-03-19,1640,0,MODIS,68,61.03,290.4,9.8,0,0,2024,3,19,1640,16,40,2,4,76528,13167,16.100000000000023,0,Low
111809,30.3552,78.6356,315.4,1.2,1.1,2018-03-18,523,0,MODIS,68,6.03,298.7,11.6,1,0,2018,3,18,523,5,23,2,0,167610,2014,16.69999999999999,0,Medium
389049,22.5224,79.3664,339.1,1.0,1.0,2021-04-08,803,1,MODIS,64,6.03,318.4,15.9,1,0,2021,4,8,803,8,3,2,5,47348,16741,20.700000000000045,0,Medium
205685,18.4216,80.3756,335.7,1.1,1.0,2019-04-12,756,1,MODIS,75,6.03,315.8,13.0,1,0,2019,4,12,756,7,56,2,13,47964,11656,19.899999999999977,0,Medium
518154,17.882,74.3228,300.9,1.0,1.0,2023-01-02,1707,0,MODIS,35,61.03,290.1,4.8,0,0,2023,1,2,1707,17,7,1,3,38436,8477,10.799999999999956,0,Low
176732,26.7677,94.0024,310.4,1.5,1.2,2019-01-18,644,1,MODIS,66,6.03,298.6,10.0,1,0,2019,1,18,644,6,44,1,11,41370,4936,11.799999999999956,0,Low
583574,22.4175,80.0208,318.2,1.4,1.2,2023-11-08,838,1,MODIS,28,61.03,300.6,11.6,1,0,2023,11,8,838,8,38,4,5,47348,5930,17.599999999999966,0,Medium
79681,16.7345,74.6327,303.6,2.0,1.4,2017-12-14,1745,0,MODIS,56,6.2,288.3,17.9,0,0,2017,12,14,1745,17,45,1,3,38436,5945,15.300000000000011,0,Medium
168358,23.7191,86.4477,312.7,1.8,1.3,2018-11-21,436,0,MODIS,52,6.03,299.6,15.0,1,2,2018,11,21,436,4,36,4,12,49232,3375,13.099999999999966,0,Medium
171861,18.0906,73.1027,336.2,1.6,1.3,2018-12-20,851,1,MODIS,86,6.03,304.0,62.0,1,0,2018,12,20,851,8,51,1,3,38436,5945,32.19999999999999,1,Extreme
399195,23.4447,77.6233,315.0,1.2,1.1,2021-04-26,1715,0,MODIS,90,6.03,291.5,15.5,0,0,2021,4,26,1715,17,15,2,4,76528,39620,23.5,0,Medium
412371,18.6072,78.4176,319.2,1.0,1.0,2021-10-31,814,1,MODIS,54,6.03,303.6,7.1,1,2,2021,10,31,814,8,14,4,9,27481,462,15.599999999999966,0,Low
404106,32.5062,74.7628,331.0,1.0,1.0,2021-05-09,545,0,MODIS,70,6.03,310.1,7.9,1,0,2021,5,9,545,5,45,2,0,167610,31628,20.899999999999977,0,Low
70125,25.7717,78.4451,318.3,1.2,1.1,2017-11-05,816,1,MODIS,52,6.2,306.0,8.2,1,0,2017,11,5,816,8,16,4,4,76528,9210,12.300000000000011,0,Low
191225,25.4407,93.1355,320.2,1.3,1.1,2019-03-17,721,1,MODIS,64,6.03,301.6,12.7,1,0,2019,3,17,721,7,21,2,8,33148,19990,18.59999999999997,0,Medium
450859,23.7712,86.2136,316.6,2.0,1.4,2022-03-13,516,0,MODIS,61,6.03,305.3,16.0,1,2,2022,3,13,516,5,16,2,12,49232,10270,11.300000000000011,0,Medium
424457,30.2672,74.9334,312.0,3.2,1.7,2021-11-10,855,1,MODIS,35,6.03,294.5,25.9,1,0,2021,11,10,855,8,55,4,0,167610,73042,17.5,0,Medium
86523,16.4179,73.5255,322.2,1.0,1.0,2018-01-22,826,1,MODIS,49,6.03,308.3,9.9,1,0,2018,1,22,826,8,26,1,3,38436,8477,13.899999999999975,0,Low
247801,27.2843,94.3424,313.4,1.1,1.0,2019-12-16,709,1,MODIS,72,6.03,293.0,9.2,1,0,2019,12,16,709,7,9,1,11,41370,1415,20.399999999999977,0,Low
456167,26.3898,93.0759,317.1,3.1,1.7,2022-03-17,631,1,MODIS,70,6.03,297.5,54.4,1,0,2022,3,17,631,6,31,2,11,41370,18499,19.600000000000023,0,High
400328,23.1812,79.8346,356.6,1.8,1.3,2021-04-28,739,1,MODIS,97,6.03,322.8,128.7,1,0,2021,4,28,739,7,39,2,5,47348,16741,33.80000000000001,1,Extreme
18519,25.8837,94.817,317.4,1.0,1.0,2017-03-15,656,1,MODIS,74,6.2,303.4,9.7,1,0,2017,3,15,656,6,56,2,11,41370,18499,14.0,0,Low
93176,13.8578,78.1261,328.2,1.1,1.1,2018-02-21,534,0,MODIS,75,6.03,309.2,16.0,1,0,2018,2,21,534,5,34,1,14,36148,10539,19.0,0,Medium
59598,18.4512,80.4565,310.5,1.7,1.3,2017-10-07,539,0,MODIS,0,6.2,291.0,12.8,1,0,2017,10,7,539,5,39,4,13,47964,499,19.5,0,Medium
387288,19.9631,83.8757,328.1,2.2,1.4,2021-04-06,815,1,MODIS,49,6.03,307.9,33.9,1,0,2021,4,6,815,8,15,2,1,73921,9197,20.200000000000045,0,High
625805,24.1065,93.9302,328.7,1.8,1.3,2024-04-06,711,1,MODIS,80,61.03,300.0,51.4,1,0,2024,4,6,711,7,11,2,2,57778,10542,28.69999999999999,0,High
688595,22.4924,86.9271,333.7,1.0,1.0,2025-03-04,834,1,MODIS,83,61.03,309.4,23.7,1,0,2025,3,4,834,8,34,2,12,49232,10270,24.30000000000001,1,Medium
491737,31.551,76.4489,326.7,1.6,1.3,2022-06-02,555,0,MODIS,73,6.03,310.6,23.0,1,0,2022,6,2,555,5,55,3,0,167610,3042,16.099999999999966,0,Medium
380441,28.7804,77.1464,329.5,1.1,1.1,2021-04-01,759,1,MODIS,75,6.03,311.0,17.9,1,2,2021,4,1,759,7,59,2,0,167610,7906,18.5,0,Medium
115461,18.9078,80.6841,326.7,1.1,1.0,2018-03-22,809,1,MODIS,23,6.03,309.2,10.2,1,0,2018,3,22,809,8,9,2,13,47964,18871,17.5,0,Medium
212999,28.3201,80.0345,337.0,1.3,1.1,2019-04-26,811,1,MODIS,80,6.03,313.3,27.6,1,0,2019,4,26,811,8,11,2,7,41741,15320,23.69999999999999,0,Medium
213274,22.4907,77.5399,344.6,1.2,1.1,2019-04-27,544,0,MODIS,86,6.03,321.0,30.9,1,0,2019,4,27,544,5,44,2,4,76528,39620,23.600000000000023,1,High
707838,23.5806,91.8428,327.0,3.6,1.8,2025-03-25,734,1,MODIS,81,61.03,301.8,110.0,1,0,2025,3,25,734,7,34,2,2,57778,42248,25.19999999999999,1,Extreme
510791,20.9661,85.1771,302.1,2.4,1.5,2022-11-23,2043,1,MODIS,46,6.03,291.4,19.2,0,2,2022,11,23,2043,20,43,4,1,73921,2885,10.700000000000044,0,Medium
22497,24.4209,92.7351,334.6,1.6,1.2,2017-03-24,650,1,MODIS,87,6.2,293.1,52.1,1,0,2017,3,24,650,6,50,2,2,57778,42248,41.5,1,High
664110,26.14,82.4342,306.9,3.4,1.7,2024-12-01,759,1,MODIS,49,61.03,296.8,21.8,1,0,2024,12,1,759,7,59,1,7,41741,2618,10.099999999999966,0,Medium
384602,23.7562,78.114,337.3,1.6,1.2,2021-04-04,828,1,MODIS,75,6.03,321.8,27.5,1,0,2021,4,4,828,8,28,2,4,76528,39620,15.5,0,Medium
68392,30.3651,76.1766,334.0,1.2,1.1,2017-10-31,759,1,MODIS,86,6.2,301.0,35.8,1,0,2017,10,31,759,7,59,4,0,167610,39610,33.0,1,High
220828,25.4409,84.5742,338.8,1.0,1.0,2019-05-09,739,1,MODIS,79,6.03,318.6,17.5,1,0,2019,5,9,739,7,39,2,12,49232,3184,20.19999999999999,0,Medium
347508,21.8918,78.5938,344.7,1.0,1.0,2021-03-07,803,1,MODIS,89,6.03,315.6,36.4,1,0,2021,3,7,803,8,3,2,4,76528,13167,29.09999999999997,1,High
51297,25.4395,76.6243,306.0,1.0,1.0,2017-05-02,2042,1,MODIS,63,6.2,289.9,6.1,0,0,2017,5,2,2042,20,42,2,4,76528,7507,16.100000000000023,0,Low
679124,17.5621,76.3748,327.6,1.0,1.0,2025-02-08,911,1,MODIS,68,61.03,312.8,9.7,1,0,2025,2,8,911,9,11,1,3,38436,8837,14.800000000000011,0,Low
118443,19.3717,80.3391,345.5,1.1,1.0,2018-03-24,757,1,MODIS,89,6.03,316.8,35.5,1,0,2018,3,24,757,7,57,2,13,47964,18871,28.69999999999999,1,High
264044,23.7837,91.8306,326.2,1.0,1.0,2020-03-21,708,1,MODIS,55,6.03,295.7,19.3,1,0,2020,3,21,708,7,8,2,2,57778,42248,30.5,0,Medium
365914,27.3937,92.2,324.8,4.0,1.9,2021-03-25,752,1,MODIS,82,6.03,304.2,137.8,1,0,2021,3,25,752,7,52,2,8,33148,19990,20.600000000000023,1,Extreme
304364,30.0438,75.8439,323.7,1.5,1.2,2020-11-01,753,1,MODIS,75,6.03,305.9,25.3,1,0,2020,11,1,753,7,53,4,0,167610,73042,17.80000000000001,0,Medium
358136,24.6509,85.5769,330.1,1.1,1.0,2021-03-18,745,1,MODIS,73,6.03,310.1,17.0,1,0,2021,3,18,745,7,45,2,12,49232,10270,20.0,0,Medium
61877,30.0173,76.6218,318.8,1.1,1.0,2017-10-20,817,1,MODIS,33,6.2,305.6,6.2,1,0,2017,10,20,817,8,17,4,0,167610,39610,13.199999999999989,0,Low
205224,23.426,76.9444,304.7,2.2,1.4,2019-04-10,1735,0,MODIS,56,6.03,294.0,13.3,0,0,2019,4,10,1735,17,35,2,4,76528,39620,10.699999999999989,0,Medium
383678,30.194,78.8451,314.8,1.4,1.2,2021-04-03,1710,0,MODIS,90,6.03,288.0,22.9,0,0,2021,4,3,1710,17,10,2,7,41741,15320,26.80000000000001,1,Medium
96487,23.4246,92.5989,331.5,1.0,1.0,2018-02-28,708,1,MODIS,85,6.03,296.5,27.5,1,0,2018,2,28,708,7,8,1,2,57778,3915,35.0,1,Medium
635049,25.491,83.9787,328.8,1.0,1.0,2024-04-25,432,0,MODIS,61,61.03,316.0,9.0,1,0,2024,4,25,432,4,32,2,12,49232,12010,12.800000000000011,0,Low
516511,21.0684,81.0709,310.4,1.0,1.0,2022-12-24,458,0,MODIS,55,6.03,300.0,4.7,1,0,2022,12,24,458,4,58,1,5,47348,2981,10.399999999999975,0,Low
205522,27.288,83.4504,304.3,1.0,1.0,2019-04-11,1641,0,MODIS,60,6.03,294.3,4.3,0,0,2019,4,11,1641,16,41,2,7,41741,15320,10.0,0,Low
771952,20.937,83.6898,313.9,1.4,1.2,2026-01-26,905,1,MODIS,65,61.03,300.4,10.8,1,0,2026,1,26,905,9,5,1,1,73921,10736,13.5,0,Medium
237803,31.9927,75.0041,318.6,1.6,1.3,2019-10-31,836,1,MODIS,73,6.03,299.4,19.4,1,0,2019,10,31,836,8,36,4,0,167610,39610,19.200000000000045,0,Medium
586916,30.1401,75.5584,330.4,1.0,1.0,2023-11-15,837,1,MODIS,47,61.03,300.6,20.2,1,0,2023,11,15,837,8,37,4,0,167610,73042,29.799999999999955,0,Medium
436133,15.1489,75.7777,315.6,1.4,1.2,2021-12-27,808,1,MODIS,55,6.03,302.1,9.1,1,0,2021,12,27,808,8,8,1,14,36148,1891,13.5,0,Low
272597,24.8287,87.4137,340.6,1.0,1.0,2020-04-02,733,1,MODIS,86,6.03,310.4,27.5,1,0,2020,4,2,733,7,33,2,12,49232,12010,30.200000000000045,1,Medium
494034,30.9656,74.9873,318.5,1.0,1.0,2022-09-10,823,1,MODIS,60,6.03,303.5,8.7,1,2,2022,9,10,823,8,23,4,0,167610,648,15.0,0,Low
113765,26.008,92.102,311.4,2.1,1.4,2018-03-20,645,1,MODIS,12,6.03,297.7,12.8,1,0,2018,3,20,645,6,45,2,8,33148,19990,13.699999999999989,0,Medium
89716,16.6021,74.0834,317.2,1.2,1.1,2018-02-05,533,0,MODIS,56,6.03,305.4,7.6,1,0,2018,2,5,533,5,33,1,3,38436,8837,11.800000000000011,0,Low
179814,27.2424,94.7032,308.8,1.3,1.1,2019-02-06,715,1,MODIS,62,6.03,292.6,6.5,1,0,2019,2,6,715,7,15,1,11,41370,5791,16.19999999999999,0,Low
722701,21.2936,75.4238,340.6,1.1,1.0,2025-04-07,928,1,MODIS,81,61.03,321.4,20.9,1,0,2025,4,7,928,9,28,2,9,27481,3504,19.200000000000045,1,Medium
758147,25.6152,78.2669,312.1,1.0,1.0,2025-12-04,936,1,MODIS,48,61.03,296.8,7.1,1,0,2025,12,4,936,9,36,1,4,76528,1065,15.300000000000011,0,Low
551734,19.3072,73.6293,331.8,1.2,1.1,2023-04-02,851,1,MODIS,57,61.03,316.6,10.6,1,0,2023,4,2,851,8,51,2,3,38436,3037,15.199999999999989,0,Medium
530575,26.7468,90.9435,313.2,1.7,1.3,2023-02-19,444,0,MODIS,69,61.03,294.3,14.4,1,0,2023,2,19,444,4,44,1,8,33148,2829,18.899999999999977,0,Medium
277000,23.1132,76.0811,334.3,1.4,1.2,2020-04-11,556,0,MODIS,74,6.03,315.6,23.4,1,0,2020,4,11,556,5,56,2,4,76528,39620,18.69999999999999,0,Medium
5798,26.5533,94.7292,375.2,2.8,1.6,2017-02-08,626,1,MODIS,100,6.2,292.2,586.5,1,0,2017,2,8,626,6,26,1,11,41370,5791,83.0,1,Extreme
350339,18.3654,80.7687,320.1,1.9,1.4,2021-03-11,737,1,MODIS,56,6.03,303.7,18.2,1,0,2021,3,11,737,7,37,2,13,47964,18871,16.400000000000034,0,Medium
225543,32.7786,74.3604,335.9,1.0,1.0,2019-05-19,818,1,MODIS,79,6.03,319.2,10.9,1,0,2019,5,19,818,8,18,2,0,167610,31628,16.69999999999999,0,Medium
156253,30.9248,74.8243,328.9,1.1,1.0,2018-10-30,824,1,MODIS,63,6.03,300.6,20.1,1,0,2018,10,30,824,8,24,4,0,167610,39610,28.299999999999955,0,Medium
130790,23.7242,86.4469,320.6,1.6,1.3,2018-04-12,519,0,MODIS,48,6.03,301.9,15.5,1,2,2018,4,12,519,5,19,2,12,49232,12010,18.700000000000045,0,Medium
106868,24.3631,92.8359,330.9,3.2,1.7,2018-03-10,746,1,MODIS,84,6.03,300.6,130.0,1,0,2018,3,10,746,7,46,2,2,57778,42248,30.299999999999955,1,Extreme
393536,30.4422,77.9062,327.4,1.1,1.0,2021-04-15,811,1,MODIS,68,6.03,307.2,12.6,1,0,2021,4,15,811,8,11,2,0,167610,7906,20.19999999999999,0,Medium
71952,17.1549,74.4707,303.9,1.1,1.0,2017-11-09,1715,0,MODIS,57,6.2,290.2,7.3,0,0,2017,11,9,1715,17,15,4,3,38436,2420,13.699999999999989,0,Low
187857,25.3718,90.7041,315.4,2.3,1.5,2019-03-13,745,1,MODIS,64,6.03,298.3,25.5,1,0,2019,3,13,745,7,45,2,8,33148,19990,17.099999999999966,0,Medium
414863,31.007,74.642,342.7,1.2,1.1,2021-11-02,806,1,MODIS,92,6.03,300.2,48.9,1,0,2021,11,2,806,8,6,4,0,167610,73042,42.5,1,High
204989,19.6861,80.7927,336.7,1.1,1.1,2019-04-10,809,1,MODIS,77,6.03,314.1,19.8,1,0,2019,4,10,809,8,9,2,13,47964,11656,22.59999999999997,0,Medium
583934,30.2338,75.9872,320.5,1.1,1.0,2023-11-08,841,1,MODIS,73,61.03,299.5,12.1,1,0,2023,11,8,841,8,41,4,0,167610,73042,21.0,0,Medium
440215,21.4491,72.189,307.4,1.0,1.0,2022-02-06,1721,0,MODIS,71,6.03,292.5,7.9,0,0,2022,2,6,1721,17,21,1,10,21095,2073,14.899999999999975,0,Low
187916,25.6333,90.4526,323.4,2.2,1.4,2019-03-13,746,1,MODIS,76,6.03,303.1,41.9,1,0,2019,3,13,746,7,46,2,8,33148,19990,20.299999999999955,0,High
499523,21.1113,72.6358,313.8,1.0,1.0,2022-11-01,1708,0,MODIS,74,6.03,297.3,10.4,0,2,2022,11,1,1708,17,8,4,10,21095,1837,16.5,0,Medium
471909,22.8501,78.3099,356.0,1.6,1.2,2022-04-10,541,0,MODIS,97,6.03,315.8,100.4,1,0,2022,4,10,541,5,41,2,4,76528,39620,40.19999999999999,1,Extreme
176662,21.7881,83.1641,313.9,1.0,1.0,2019-01-18,513,0,MODIS,67,6.03,298.8,7.5,1,0,2019,1,18,513,5,13,1,1,73921,10736,15.099999999999966,0,Low
203495,22.7737,79.2032,340.7,1.0,1.0,2019-04-06,525,0,MODIS,78,6.03,318.0,19.3,1,0,2019,4,6,525,5,25,2,5,47348,16741,22.69999999999999,0,Medium
36552,26.0637,92.1105,311.2,2.6,1.6,2017-04-11,638,1,MODIS,44,6.2,298.5,15.4,1,0,2017,4,11,638,6,38,2,8,33148,7372,12.699999999999989,0,Medium
19906,20.9276,73.6504,326.1,1.1,1.1,2017-03-18,556,0,MODIS,64,6.2,307.5,13.7,1,0,2017,3,18,556,5,56,2,10,21095,5604,18.600000000000023,0,Medium
747546,31.36,74.8975,311.7,1.1,1.0,2025-11-01,946,1,MODIS,59,61.03,299.7,5.9,1,0,2025,11,1,946,9,46,4,0,167610,73042,12.0,0,Low
13524,16.0046,78.9531,326.2,1.1,1.1,2017-03-01,515,0,MODIS,70,6.2,307.2,14.2,1,0,2017,3,1,515,5,15,2,14,36148,12659,19.0,0,Medium
668251,21.7918,83.1277,307.2,1.1,1.1,2024-12-18,424,0,MODIS,61,61.03,294.9,5.7,1,0,2024,12,18,424,4,24,1,1,73921,11178,12.300000000000011,0,Low
21173,20.5976,81.9496,326.3,1.0,1.0,2017-03-21,757,1,MODIS,47,6.2,310.5,9.0,1,0,2017,3,21,757,7,57,2,1,73921,19544,15.800000000000011,0,Low
433734,22.0186,83.1006,319.3,1.2,1.1,2021-12-11,455,0,MODIS,75,6.03,296.9,15.2,1,0,2021,12,11,455,4,55,1,1,73921,11178,22.400000000000038,0,Medium
659930,15.2698,78.6075,313.7,1.2,1.1,2024-11-18,908,1,MODIS,24,61.03,301.2,7.4,1,0,2024,11,18,908,9,8,4,14,36148,1186,12.5,0,Low
333098,22.9076,77.2279,330.8,1.0,1.0,2021-02-10,809,1,MODIS,80,6.03,310.0,16.3,1,0,2021,2,10,809,8,9,1,4,76528,2331,20.80000000000001,0,Medium
714737,24.8231,83.8771,330.7,1.2,1.1,2025-03-29,832,1,MODIS,74,61.03,315.0,19.2,1,0,2025,3,29,832,8,32,2,12,49232,10270,15.699999999999989,0,Medium
666981,26.2439,87.2236,309.8,1.0,1.0,2024-12-14,823,1,MODIS,60,61.03,296.6,6.2,1,0,2024,12,14,823,8,23,1,12,49232,8420,13.199999999999989,0,Low
23754,22.3071,77.546,332.6,1.4,1.2,2017-03-27,550,0,MODIS,71,6.2,314.9,24.3,1,0,2017,3,27,550,5,50,2,4,76528,13167,17.700000000000045,0,Medium
535307,12.405,77.3372,324.8,1.0,1.0,2023-02-28,829,1,MODIS,48,61.03,309.0,7.0,1,0,2023,2,28,829,8,29,1,6,13460,3893,15.800000000000011,0,Low
408380,28.8427,79.6127,315.4,1.0,1.0,2021-10-11,525,0,MODIS,61,6.03,300.9,6.1,1,0,2021,10,11,525,5,25,4,7,41741,2163,14.5,0,Low
290908,31.1628,74.7366,343.1,1.1,1.0,2020-05-20,600,0,MODIS,87,6.03,317.7,30.4,1,0,2020,5,20,600,6,0,2,0,167610,31628,25.400000000000038,1,High
354336,22.3165,92.7945,334.2,1.0,1.0,2021-03-15,714,1,MODIS,84,6.03,303.5,26.1,1,0,2021,3,15,714,7,14,2,2,57778,42248,30.69999999999999,1,Medium
181734,14.4715,75.1437,332.6,1.1,1.0,2019-02-17,832,1,MODIS,77,6.03,312.6,19.7,1,0,2019,2,17,832,8,32,1,14,36148,10539,20.0,0,Medium
607928,22.7289,92.9596,315.5,1.9,1.3,2024-02-29,800,1,MODIS,40,61.03,298.0,21.1,1,0,2024,2,29,800,8,0,1,2,57778,3915,17.5,0,Medium
433681,25.1592,84.0784,310.3,1.4,1.2,2021-12-10,727,1,MODIS,44,6.03,296.0,6.7,1,0,2021,12,10,727,7,27,1,12,49232,8420,14.300000000000011,0,Low
431625,23.1693,79.7356,317.8,1.6,1.2,2021-11-23,822,1,MODIS,67,6.03,303.4,14.0,1,0,2021,11,23,822,8,22,4,5,47348,5930,14.400000000000034,0,Medium
703061,25.6443,90.8308,318.3,1.6,1.2,2025-03-18,755,1,MODIS,68,61.03,301.5,16.9,1,0,2025,3,18,755,7,55,2,8,33148,19990,16.80000000000001,0,Medium
548726,25.3781,93.421,317.9,2.7,1.6,2023-03-16,643,1,MODIS,48,61.03,289.7,49.3,1,0,2023,3,16,643,6,43,2,11,41370,18499,28.19999999999999,0,High
489171,31.3295,75.8216,342.2,1.0,1.0,2022-05-11,812,1,MODIS,87,6.03,312.2,24.9,1,0,2022,5,11,812,8,12,2,0,167610,31628,30.0,1,Medium
419020,30.9079,74.8529,322.0,2.7,1.6,2021-11-06,741,1,MODIS,58,6.03,297.9,49.4,1,0,2021,11,6,741,7,41,4,0,167610,73042,24.100000000000023,0,High
664083,28.2221,95.5664,306.2,1.1,1.0,2024-11-30,1449,0,MODIS,67,61.03,288.8,9.5,0,0,2024,11,30,1449,14,49,4,11,41370,506,17.399999999999977,0,Low
237419,30.2276,76.314,312.2,1.4,1.2,2019-10-30,753,1,MODIS,51,6.03,298.8,6.8,1,0,2019,10,30,753,7,53,4,0,167610,39610,13.399999999999975,0,Low
664784,19.3404,76.2173,302.7,1.1,1.1,2024-12-05,1628,0,MODIS,51,61.03,292.6,4.8,0,0,2024,12,5,1628,16,28,1,9,27481,2370,10.099999999999966,0,Low
537022,19.0575,76.8864,304.3,1.3,1.1,2023-03-02,1638,0,MODIS,60,61.03,291.7,8.6,0,0,2023,3,2,1638,16,38,2,9,27481,7575,12.600000000000025,0,Low
580630,22.2893,70.2272,316.7,1.1,1.1,2023-11-02,540,0,MODIS,41,61.03,305.2,6.3,1,0,2023,11,2,540,5,40,4,10,21095,1837,11.5,0,Low
490352,31.0304,77.0172,323.0,1.2,1.1,2022-05-19,543,0,MODIS,76,6.03,307.2,9.9,1,0,2022,5,19,543,5,43,2,0,167610,31628,15.800000000000011,0,Low
67361,31.0391,74.5924,314.7,1.0,1.0,2017-10-29,812,1,MODIS,62,6.2,299.5,7.6,1,0,2017,10,29,812,8,12,4,0,167610,39610,15.199999999999989,0,Low
117977,19.3897,81.3274,329.3,1.0,1.0,2018-03-24,757,1,MODIS,55,6.03,314.9,12.5,1,0,2018,3,24,757,7,57,2,13,47964,18871,14.400000000000034,0,Medium
213402,25.2398,83.8708,340.4,2.3,1.5,2019-04-27,715,1,MODIS,84,6.03,313.5,81.2,1,0,2019,4,27,715,7,15,2,12,49232,12010,26.899999999999977,1,Extreme
196640,23.4172,87.213,321.8,1.5,1.2,2019-03-26,715,1,MODIS,72,6.03,298.2,19.0,1,0,2019,3,26,715,7,15,2,12,49232,10270,23.600000000000023,0,Medium
580310,30.3975,76.524,319.1,1.3,1.1,2023-11-01,844,1,MODIS,72,61.03,302.4,12.3,1,0,2023,11,1,844,8,44,4,0,167610,73042,16.700000000000045,0,Medium
461010,25.7459,91.0292,346.7,2.2,1.4,2022-03-22,649,1,MODIS,93,6.03,292.2,139.2,1,0,2022,3,22,649,6,49,2,8,33148,19990,54.5,1,Extreme
606840,26.8499,71.4862,352.0,1.1,1.1,2024-02-23,850,1,MODIS,72,61.03,313.1,60.3,1,0,2024,2,23,850,8,50,1,10,21095,2073,38.89999999999998,0,Extreme
669869,21.7762,82.7573,324.4,1.0,1.0,2024-12-27,846,1,MODIS,78,61.03,300.3,15.3,1,0,2024,12,27,846,8,46,1,1,73921,11178,24.09999999999997,0,Medium
628354,13.5981,78.2136,334.7,2.6,1.6,2024-04-10,815,1,MODIS,81,61.03,311.7,65.7,1,0,2024,4,10,815,8,15,2,14,36148,3614,23.0,1,Extreme
410369,30.0996,76.6371,315.7,1.2,1.1,2021-10-23,549,0,MODIS,66,6.03,300.1,8.2,1,0,2021,10,23,549,5,49,4,0,167610,39610,15.599999999999966,0,Low
642135,30.1194,74.35,332.3,1.0,1.0,2024-05-08,505,0,MODIS,67,61.03,318.4,9.1,1,0,2024,5,8,505,5,5,2,0,167610,31628,13.900000000000034,0,Low
95188,21.3619,73.6885,317.0,1.5,1.2,2018-02-25,1740,0,MODIS,94,6.03,296.6,23.6,0,0,2018,2,25,1740,17,40,1,10,21095,2073,20.399999999999977,1,Medium
761108,21.0044,80.9205,314.1,1.0,1.0,2025-12-14,926,1,MODIS,68,61.03,299.2,8.0,1,0,2025,12,14,926,9,26,1,5,47348,2981,14.900000000000034,0,Low
79053,11.6423,76.6282,317.9,1.8,1.3,2017-12-10,843,1,MODIS,71,6.2,298.9,22.5,1,0,2017,12,10,843,8,43,1,6,13460,374,19.0,0,Medium
412766,30.2195,75.1245,315.2,1.0,1.0,2021-10-31,818,1,MODIS,57,6.03,302.0,6.7,1,0,2021,10,31,818,8,18,4,0,167610,39610,13.199999999999989,0,Low
761888,25.38,83.6302,309.6,1.1,1.0,2025-12-16,905,1,MODIS,65,61.03,294.6,8.3,1,0,2025,12,16,905,9,5,1,12,49232,8420,15.0,0,Low
318279,21.1974,82.7172,314.1,1.0,1.0,2020-11-24,756,1,MODIS,67,6.03,299.9,7.1,1,0,2020,11,24,756,7,56,4,1,73921,2885,14.200000000000044,0,Low
427458,30.6804,75.3504,325.5,2.0,1.4,2021-11-13,747,1,MODIS,80,6.03,301.6,44.8,1,0,2021,11,13,747,7,47,4,0,167610,73042,23.899999999999977,0,High
276867,22.466,77.5334,303.7,4.0,1.9,2020-04-10,1747,0,MODIS,56,6.03,289.3,37.0,0,0,2020,4,10,1747,17,47,2,4,76528,39620,14.399999999999975,0,High
485128,30.5989,75.4916,330.8,1.5,1.2,2022-05-01,556,0,MODIS,74,6.03,310.9,21.3,1,0,2022,5,1,556,5,56,2,0,167610,31628,19.900000000000038,0,Medium
446094,26.2382,93.8065,331.8,1.0,1.0,2022-03-04,702,1,MODIS,85,6.03,299.1,25.1,1,0,2022,3,4,702,7,2,2,11,41370,18499,32.69999999999999,1,Medium
715041,22.4341,76.7343,301.4,2.7,1.6,2025-03-29,1639,0,MODIS,41,61.03,290.1,17.9,0,0,2025,3,29,1639,16,39,2,4,76528,13167,11.299999999999956,0,Medium
471370,19.2585,80.5353,310.0,1.0,1.0,2022-04-08,1648,0,MODIS,79,6.03,297.9,5.2,0,0,2022,4,8,1648,16,48,2,13,47964,11656,12.100000000000025,0,Low
408180,31.3501,75.0389,322.2,1.0,1.0,2021-10-08,812,1,MODIS,71,6.03,303.7,11.3,1,0,2021,10,8,812,8,12,4,0,167610,39610,18.5,0,Medium
162024,29.9836,74.4858,331.1,1.0,1.0,2018-11-08,818,1,MODIS,82,6.03,303.2,22.9,1,0,2018,11,8,818,8,18,4,0,167610,73042,27.900000000000038,1,Medium
560096,25.7222,92.7595,312.8,2.7,1.6,2023-04-13,647,1,MODIS,57,61.03,298.8,21.2,1,0,2023,4,13,647,6,47,2,8,33148,7372,14.0,0,Medium
49017,26.3166,83.7666,330.6,1.0,1.0,2017-04-27,506,0,MODIS,66,6.2,314.2,8.5,1,0,2017,4,27,506,5,6,2,12,49232,12010,16.400000000000034,0,Low
117620,19.8748,80.9258,323.1,2.4,1.5,2018-03-24,449,0,MODIS,55,6.03,305.1,38.5,1,0,2018,3,24,449,4,49,2,13,47964,18871,18.0,0,High
548873,17.4769,74.1153,301.5,1.0,1.0,2023-03-17,1703,0,MODIS,42,61.03,291.1,4.1,0,0,2023,3,17,1703,17,3,2,3,38436,7918,10.399999999999975,0,Low
504231,30.7424,75.5217,319.4,1.1,1.1,2022-11-09,829,1,MODIS,55,6.03,297.2,10.4,1,0,2022,11,9,829,8,29,4,0,167610,73042,22.19999999999999,0,Medium
676313,17.5831,73.5419,328.4,1.3,1.1,2025-01-29,911,1,MODIS,76,61.03,306.3,25.0,1,0,2025,1,29,911,9,11,1,3,38436,8477,22.09999999999997,0,Medium
455351,24.9139,93.419,333.0,1.5,1.2,2022-03-16,726,1,MODIS,84,6.03,299.4,49.2,1,0,2022,3,16,726,7,26,2,2,57778,42248,33.60000000000002,1,High
199740,23.4415,92.4485,326.7,1.7,1.3,2019-03-30,650,1,MODIS,80,6.03,300.0,40.6,1,0,2019,3,30,650,6,50,2,2,57778,42248,26.69999999999999,0,High
45895,22.3578,79.9052,354.8,2.7,1.6,2017-04-19,556,0,MODIS,96,6.2,314.1,230.5,1,0,2017,4,19,556,5,56,2,5,47348,16741,40.69999999999999,1,Extreme
33604,19.6527,83.9259,328.4,3.8,1.8,2017-04-09,827,1,MODIS,64,6.2,303.1,107.8,1,0,2017,4,9,827,8,27,2,1,73921,9197,25.299999999999955,0,Extreme
557775,27.5988,96.3639,383.9,1.0,1.0,2023-04-11,701,1,MODIS,100,61.03,301.3,167.8,1,0,2023,4,11,701,7,1,2,11,41370,8105,82.59999999999997,1,Extreme
718239,19.2304,84.0202,366.6,1.0,1.0,2025-04-01,850,1,MODIS,100,61.03,310.5,93.7,1,0,2025,4,1,850,8,50,2,1,73921,9197,56.10000000000002,1,Extreme
30688,22.6862,75.3404,336.5,1.2,1.1,2017-04-04,810,1,MODIS,73,6.2,317.7,18.7,1,0,2017,4,4,810,8,10,2,4,76528,39620,18.80000000000001,0,Medium
38198,23.369,93.1595,347.1,1.2,1.1,2017-04-12,720,1,MODIS,93,6.2,304.1,63.8,1,0,2017,4,12,720,7,20,2,2,57778,10542,43.0,1,Extreme
373592,24.0776,81.2566,333.3,1.6,1.2,2021-03-30,459,0,MODIS,75,6.03,313.2,35.0,1,0,2021,3,30,459,4,59,2,5,47348,12422,20.100000000000023,0,High
68513,31.1272,74.6991,309.2,1.4,1.2,2017-10-31,759,1,MODIS,38,6.2,294.8,6.9,1,0,2017,10,31,759,7,59,4,0,167610,39610,14.399999999999975,0,Low
727840,24.3122,77.5575,307.8,1.0,1.0,2025-04-17,1605,0,MODIS,55,61.03,297.2,4.8,0,0,2025,4,17,1605,16,5,2,4,76528,39620,10.600000000000025,0,Low
468959,22.6754,77.7949,341.2,1.6,1.2,2022-03-31,504,0,MODIS,85,6.03,316.7,54.5,1,0,2022,3,31,504,5,4,2,4,76528,13167,24.5,1,High
501662,30.3673,75.069,319.3,1.1,1.1,2022-11-04,812,1,MODIS,69,6.03,301.4,11.2,1,0,2022,11,4,812,8,12,4,0,167610,73042,17.900000000000034,0,Medium
524289,21.8189,83.0353,312.4,1.9,1.4,2023-02-03,515,0,MODIS,61,61.03,302.0,12.6,1,0,2023,2,3,515,5,15,1,1,73921,9366,10.399999999999975,0,Medium
113497,19.1883,84.1296,316.4,1.1,1.1,2018-03-20,514,0,MODIS,57,6.03,299.0,6.7,1,0,2018,3,20,514,5,14,2,1,73921,19544,17.399999999999977,0,Low
630467,27.3504,82.7583,332.7,1.1,1.1,2024-04-15,827,1,MODIS,78,61.03,310.2,13.1,1,0,2024,4,15,827,8,27,2,7,41741,15320,22.5,0,Medium
679932,17.6345,76.401,319.0,1.4,1.2,2025-02-11,451,0,MODIS,55,61.03,303.1,12.8,1,0,2025,2,11,451,4,51,1,3,38436,8837,15.899999999999975,0,Medium
381096,22.8561,77.6037,340.4,1.0,1.0,2021-04-02,530,0,MODIS,82,6.03,319.0,21.8,1,0,2021,4,2,530,5,30,2,4,76528,39620,21.399999999999977,1,Medium
449713,24.4129,93.3831,313.2,1.0,1.0,2022-03-11,707,1,MODIS,51,6.03,296.5,7.9,1,0,2022,3,11,707,7,7,2,2,57778,42248,16.69999999999999,0,Low
142091,30.0893,74.8015,331.3,1.1,1.0,2018-05-10,543,0,MODIS,60,6.03,313.7,8.3,1,0,2018,5,10,543,5,43,2,0,167610,31628,17.600000000000023,0,Low
661642,17.5385,79.3681,311.6,1.0,1.0,2024-11-21,429,0,MODIS,58,61.03,301.2,5.0,1,0,2024,11,21,429,4,29,4,13,47964,957,10.400000000000034,0,Low
737106,32.0041,75.3547,320.3,2.2,1.5,2025-05-01,846,1,MODIS,45,61.03,297.7,18.3,1,0,2025,5,1,846,8,46,2,0,167610,31628,22.600000000000023,0,Medium
20287,23.9782,92.9506,324.2,1.5,1.2,2017-03-18,727,1,MODIS,80,6.2,296.1,29.9,1,0,2017,3,18,727,7,27,2,2,57778,42248,28.09999999999997,0,Medium
245897,27.3341,83.7242,317.4,1.1,1.1,2019-11-26,733,1,MODIS,74,6.03,300.0,10.8,1,0,2019,11,26,733,7,33,4,7,41741,5012,17.399999999999977,0,Medium
481154,30.4857,75.3014,332.5,3.8,1.8,2022-04-27,621,0,MODIS,73,6.03,314.1,76.5,1,0,2022,4,27,621,6,21,2,0,167610,7906,18.399999999999977,0,Extreme
410715,30.5807,74.7196,317.3,1.4,1.2,2021-10-26,759,1,MODIS,70,6.03,299.1,14.3,1,0,2021,10,26,759,7,59,4,0,167610,39610,18.19999999999999,0,Medium
522577,13.9666,77.2753,318.3,1.8,1.3,2023-01-26,805,1,MODIS,50,61.03,307.2,13.5,1,0,2023,1,26,805,8,5,1,14,36148,3490,11.100000000000025,0,Medium
590958,19.0377,76.3997,301.2,1.0,1.0,2023-11-24,1645,0,MODIS,26,61.03,289.9,4.9,0,0,2023,11,24,1645,16,45,4,9,27481,2693,11.300000000000011,0,Low
191036,30.3762,77.2252,308.0,1.1,1.0,2019-03-17,548,0,MODIS,37,6.03,294.2,6.2,1,0,2019,3,17,548,5,48,2,0,167610,2014,13.800000000000011,0,Low
339523,29.9371,78.7905,312.8,1.0,1.0,2021-02-28,759,1,MODIS,35,6.03,300.9,4.0,1,0,2021,2,28,759,7,59,1,7,41741,3088,11.900000000000034,0,Low
614055,24.357,94.1428,310.7,2.0,1.4,2024-03-13,707,1,MODIS,32,61.03,294.3,17.6,1,0,2024,3,13,707,7,7,2,2,57778,42248,16.399999999999977,0,Medium
445672,17.1161,73.9654,304.8,1.0,1.0,2022-03-03,1713,0,MODIS,62,6.03,291.9,6.4,0,0,2022,3,3,1713,17,13,2,3,38436,7918,12.900000000000034,0,Low
374348,18.4542,80.1994,332.8,1.0,1.0,2021-03-30,808,1,MODIS,75,6.03,314.3,12.7,1,0,2021,3,30,808,8,8,2,13,47964,18871,18.5,0,Medium
83629,26.7092,94.8557,322.0,1.6,1.3,2018-01-08,638,1,MODIS,54,6.03,289.7,37.2,1,0,2018,1,8,638,6,38,1,11,41370,4936,32.30000000000001,0,High
365195,19.2396,82.9012,331.0,1.0,1.0,2021-03-25,750,1,MODIS,73,6.03,311.4,13.6,1,0,2021,3,25,750,7,50,2,1,73921,19544,19.600000000000023,0,Medium
446687,18.8817,82.1224,316.6,1.1,1.0,2022-03-06,512,0,MODIS,51,6.03,303.2,9.6,1,0,2022,3,6,512,5,12,2,13,47964,18871,13.400000000000034,0,Low
93491,18.9357,73.3912,329.8,1.1,1.1,2018-02-21,840,1,MODIS,70,6.03,310.8,15.9,1,0,2018,2,21,840,8,40,1,3,38436,8837,19.0,0,Medium
707314,23.6128,92.2606,314.5,1.0,1.0,2025-03-24,1459,0,MODIS,89,61.03,294.2,12.9,0,0,2025,3,24,1459,14,59,2,2,57778,42248,20.30000000000001,0,Medium
687381,22.3406,92.9802,315.5,1.1,1.0,2025-03-01,814,1,MODIS,60,61.03,301.1,9.3,1,0,2025,3,1,814,8,14,2,2,57778,42248,14.399999999999975,0,Low
716440,23.7448,79.884,332.2,1.2,1.1,2025-03-30,911,1,MODIS,69,61.03,319.8,13.3,1,0,2025,3,30,911,9,11,2,5,47348,12422,12.399999999999975,0,Medium
133793,22.9023,77.3297,339.0,1.7,1.3,2018-04-21,514,0,MODIS,79,6.03,316.5,38.0,1,0,2018,4,21,514,5,14,2,4,76528,39620,22.5,0,High
155472,31.424,75.1393,317.4,1.1,1.1,2018-10-30,824,1,MODIS,70,6.03,300.4,11.4,1,0,2018,10,30,824,8,24,4,0,167610,39610,17.0,0,Medium
643938,31.4974,75.5973,328.3,1.1,1.0,2024-05-14,837,1,MODIS,60,61.03,313.8,10.0,1,0,2024,5,14,837,8,37,2,0,167610,31628,14.5,0,Low
215840,24.5166,74.4042,327.2,2.3,1.5,2019-05-01,519,0,MODIS,49,6.03,308.1,27.4,1,0,2019,5,1,519,5,19,2,4,76528,7507,19.09999999999997,0,Medium
437603,26.8019,71.9968,329.0,1.1,1.0,2022-01-10,824,1,MODIS,78,6.03,295.6,24.7,1,0,2022,1,10,824,8,24,1,10,21095,2544,33.39999999999998,0,Medium
339891,22.5193,86.9294,321.8,2.7,1.6,2021-03-01,702,1,MODIS,56,6.03,305.9,30.9,1,0,2021,3,1,702,7,2,2,12,49232,10270,15.900000000000034,0,High
359638,24.0676,93.6925,326.1,2.1,1.4,2021-03-20,732,1,MODIS,82,6.03,291.4,60.7,1,0,2021,3,20,732,7,32,2,2,57778,42248,34.700000000000045,1,Extreme
536047,22.5817,92.9666,326.9,1.4,1.2,2023-03-01,735,1,MODIS,77,61.03,303.7,31.0,1,0,2023,3,1,735,7,35,2,2,57778,42248,23.19999999999999,0,High
30520,20.3817,80.4127,329.6,1.1,1.0,2017-04-04,809,1,MODIS,9,6.2,310.8,7.3,1,0,2017,4,4,809,8,9,2,13,47964,11656,18.80000000000001,0,Low
206451,25.1789,92.2205,316.2,1.1,1.0,2019-04-13,703,1,MODIS,65,6.03,298.3,9.1,1,0,2019,4,13,703,7,3,2,8,33148,7372,17.899999999999977,0,Low
467449,19.5416,83.9765,327.0,4.3,1.9,2022-03-29,831,1,MODIS,72,6.03,305.1,115.0,1,0,2022,3,29,831,8,31,2,1,73921,19544,21.899999999999977,0,Extreme
145544,31.0674,75.8141,335.0,2.3,1.5,2018-05-22,742,1,MODIS,82,6.03,316.8,40.3,1,0,2018,5,22,742,7,42,2,0,167610,31628,18.19999999999999,1,High
156582,30.126,75.1356,323.8,1.0,1.0,2018-11-01,811,1,MODIS,74,6.03,300.7,14.0,1,0,2018,11,1,811,8,11,4,0,167610,73042,23.100000000000023,0,Medium
601908,21.9781,84.0299,317.1,1.0,1.0,2024-02-03,809,1,MODIS,68,61.03,303.1,7.3,1,0,2024,2,3,809,8,9,1,1,73921,9366,14.0,0,Low
705106,13.522,78.8093,327.5,1.0,1.0,2025-03-20,910,1,MODIS,64,61.03,312.4,8.3,1,0,2025,3,20,910,9,10,2,14,36148,12659,15.100000000000025,0,Low
691525,18.9133,83.157,324.1,1.0,1.0,2025-03-07,853,1,MODIS,34,61.03,311.0,10.4,1,0,2025,3,7,853,8,53,2,1,73921,19544,13.100000000000025,0,Medium
387057,17.505,74.061,332.2,1.3,1.1,2021-04-06,814,1,MODIS,70,6.03,315.7,17.5,1,0,2021,4,6,814,8,14,2,3,38436,3037,16.5,0,Medium
470513,24.9624,83.5623,324.6,1.6,1.2,2022-04-05,521,0,MODIS,52,6.03,313.0,12.6,1,0,2022,4,5,521,5,21,2,12,49232,12010,11.600000000000025,0,Medium
677904,9.4064,77.1395,315.3,2.3,1.5,2025-02-05,850,1,MODIS,42,61.03,297.7,31.0,1,0,2025,2,5,850,8,50,1,6,13460,3893,17.600000000000023,0,High
755440,29.3405,73.788,312.3,1.0,1.0,2025-11-24,946,1,MODIS,63,61.03,297.9,6.3,1,0,2025,11,24,946,9,46,4,0,167610,73042,14.400000000000034,0,Low
683100,10.7361,78.6534,317.0,1.4,1.2,2025-02-18,436,0,MODIS,61,61.03,301.6,11.7,1,0,2025,2,18,436,4,36,1,6,13460,3893,15.399999999999975,0,Medium
557210,23.7834,92.2616,327.1,1.8,1.3,2023-04-11,700,1,MODIS,63,61.03,301.4,36.4,1,0,2023,4,11,700,7,0,2,2,57778,10542,25.700000000000045,0,High
356516,31.7598,76.5729,318.1,1.3,1.1,2021-03-17,528,0,MODIS,71,6.03,301.1,10.7,1,0,2021,3,17,528,5,28,2,0,167610,2014,17.0,0,Medium
20928,18.9712,82.1655,328.2,1.0,1.0,2017-03-21,756,1,MODIS,52,6.2,311.9,13.5,1,0,2017,3,21,756,7,56,2,13,47964,18871,16.30000000000001,0,Medium
455780,27.5693,94.4773,337.3,1.9,1.4,2022-03-16,726,1,MODIS,89,6.03,301.1,77.0,1,0,2022,3,16,726,7,26,2,11,41370,18499,36.19999999999999,1,Extreme
187795,24.002,92.4872,325.7,2.9,1.6,2019-03-13,745,1,MODIS,79,6.03,294.9,87.6,1,0,2019,3,13,745,7,45,2,2,57778,42248,30.80000000000001,0,Extreme
458603,17.8163,80.4367,327.3,1.1,1.1,2022-03-19,755,1,MODIS,64,6.03,310.3,9.8,1,0,2022,3,19,755,7,55,2,13,47964,18871,17.0,0,Low
649074,30.9207,77.2722,321.6,1.4,1.2,2024-06-11,1601,0,MODIS,100,61.03,294.3,29.8,0,0,2024,6,11,1601,16,1,3,0,167610,3042,27.30000000000001,1,Medium
39707,25.0705,76.9445,301.4,1.9,1.3,2017-04-12,2107,1,MODIS,16,6.2,291.1,10.3,0,0,2017,4,12,2107,21,7,2,4,76528,39620,10.299999999999956,0,Medium
13496,18.7792,82.0693,321.7,1.0,1.0,2017-03-01,514,0,MODIS,63,6.2,305.3,12.2,1,0,2017,3,1,514,5,14,2,13,47964,18871,16.399999999999977,0,Medium
94268,19.8005,81.1357,318.5,2.4,1.5,2018-02-23,827,1,MODIS,47,6.03,302.2,30.5,1,0,2018,2,23,827,8,27,1,13,47964,5221,16.30000000000001,0,High
716582,24.7373,78.0768,342.1,1.0,1.0,2025-03-30,911,1,MODIS,86,61.03,317.7,27.7,1,0,2025,3,30,911,9,11,2,4,76528,13167,24.400000000000038,1,Medium
672425,27.4793,71.9086,315.6,1.2,1.1,2025-01-09,910,1,MODIS,54,61.03,302.4,6.7,1,0,2025,1,9,910,9,10,1,0,167610,2724,13.200000000000044,0,Low
597253,18.7334,76.9266,317.2,1.1,1.0,2024-01-05,452,0,MODIS,72,61.03,297.7,10.8,1,0,2024,1,5,452,4,52,1,9,27481,3684,19.5,0,Medium
429439,30.0293,74.5243,313.3,1.0,1.0,2021-11-16,818,1,MODIS,45,6.03,302.1,4.9,1,0,2021,11,16,818,8,18,4,0,167610,73042,11.199999999999989,0,Low
46983,19.5429,80.9324,318.0,1.4,1.2,2017-04-21,1638,0,MODIS,95,6.2,299.1,21.4,0,0,2017,4,21,1638,16,38,2,13,47964,11656,18.899999999999977,1,Medium
130043,21.6895,77.421,339.2,1.2,1.1,2018-04-08,545,0,MODIS,85,6.03,310.2,31.5,1,0,2018,4,8,545,5,45,2,4,76528,39620,29.0,1,High
61634,30.0351,74.4619,332.2,1.0,1.0,2017-10-20,817,1,MODIS,82,6.2,304.8,22.9,1,0,2017,10,20,817,8,17,4,0,167610,39610,27.399999999999977,1,Medium
652639,27.5172,78.4233,321.8,1.1,1.0,2024-10-24,857,1,MODIS,66,61.03,303.0,13.2,1,0,2024,10,24,857,8,57,4,7,41741,2163,18.80000000000001,0,Medium
655000,22.7764,77.8792,325.2,1.2,1.1,2024-11-05,844,1,MODIS,52,61.03,307.6,15.0,1,0,2024,11,5,844,8,44,4,4,76528,9210,17.599999999999966,0,Medium
19733,17.7473,73.5323,334.1,1.2,1.1,2017-03-17,821,1,MODIS,58,6.2,320.9,18.1,1,0,2017,3,17,821,8,21,2,3,38436,7918,13.200000000000044,0,Medium
346462,19.7078,84.0799,318.2,1.2,1.1,2021-03-07,454,0,MODIS,41,6.03,306.4,6.4,1,0,2021,3,7,454,4,54,2,1,73921,19544,11.800000000000011,0,Low
49958,27.2605,82.6827,327.2,1.8,1.3,2017-04-29,453,0,MODIS,69,6.2,307.9,17.2,1,0,2017,4,29,453,4,53,2,7,41741,15320,19.30000000000001,0,Medium
579538,30.8775,74.5729,325.7,2.7,1.6,2023-10-31,803,1,MODIS,74,61.03,296.4,68.6,1,0,2023,10,31,803,8,3,4,0,167610,39610,29.30000000000001,0,Extreme
47921,20.4477,82.4257,337.2,1.1,1.1,2017-04-24,744,1,MODIS,76,6.2,322.7,16.0,1,0,2017,4,24,744,7,44,2,1,73921,9197,14.5,0,Medium
690965,15.4695,78.6863,328.7,1.0,1.0,2025-03-07,421,0,MODIS,73,61.03,307.1,17.2,1,0,2025,3,7,421,4,21,2,14,36148,12659,21.59999999999997,0,Medium
355896,20.5546,83.7787,324.5,1.1,1.1,2021-03-16,756,1,MODIS,32,6.03,311.1,8.1,1,0,2021,3,16,756,7,56,2,1,73921,19544,13.399999999999975,0,Low
87112,19.743,82.5783,314.1,1.1,1.1,2018-01-26,803,1,MODIS,45,6.03,304.0,7.2,1,0,2018,1,26,803,8,3,1,1,73921,10736,10.100000000000025,0,Low
772647,21.2251,86.3716,320.6,1.2,1.1,2026-01-29,922,1,MODIS,75,61.03,300.8,15.9,1,0,2026,1,29,922,9,22,1,1,73921,10736,19.80000000000001,0,Medium
218180,25.8336,76.6456,352.0,1.0,1.0,2019-05-06,537,0,MODIS,94,6.03,322.5,41.4,1,0,2019,5,6,537,5,37,2,4,76528,7507,29.5,1,High
570759,31.5522,74.6382,335.3,1.3,1.1,2023-05-13,813,1,MODIS,78,61.03,314.7,19.7,1,0,2023,5,13,813,8,13,2,0,167610,31628,20.600000000000023,0,Medium
463935,24.7619,83.5981,331.0,1.3,1.1,2022-03-26,802,1,MODIS,73,6.03,314.6,18.8,1,0,2022,3,26,802,8,2,2,12,49232,10270,16.399999999999977,0,Medium
56878,26.5175,81.7449,340.8,1.8,1.3,2017-05-23,542,0,MODIS,85,6.2,305.3,62.6,1,0,2017,5,23,542,5,42,2,7,41741,6465,35.5,1,Extreme
364075,25.7707,92.9995,321.0,1.0,1.0,2021-03-24,708,1,MODIS,55,6.03,305.8,6.0,1,0,2021,3,24,708,7,8,2,8,33148,19990,15.199999999999989,0,Low
696191,23.6931,85.6154,321.2,1.7,1.3,2025-03-11,815,1,MODIS,60,61.03,307.3,14.1,1,0,2025,3,11,815,8,15,2,12,49232,10270,13.899999999999975,0,Medium
318493,16.3589,74.9623,326.4,1.1,1.0,2020-11-25,533,0,MODIS,79,6.03,301.1,19.9,1,0,2020,11,25,533,5,33,4,3,38436,2420,25.299999999999955,0,Medium
581946,22.7246,77.9667,320.8,1.5,1.2,2023-11-05,812,1,MODIS,68,61.03,305.1,14.5,1,0,2023,11,5,812,8,12,4,4,76528,9210,15.699999999999989,0,Medium
667299,20.7638,81.9775,313.0,1.5,1.2,2024-12-15,901,1,MODIS,62,61.03,301.9,10.4,1,0,2024,12,15,901,9,1,1,1,73921,11178,11.100000000000025,0,Medium
263862,29.4035,78.9222,311.2,1.0,1.0,2020-03-20,805,1,MODIS,38,6.03,296.3,5.1,1,0,2020,3,20,805,8,5,2,7,41741,3895,14.899999999999975,0,Low
430597,30.5315,76.3193,311.1,1.0,1.0,2021-11-18,806,1,MODIS,56,6.03,299.3,5.2,1,0,2021,11,18,806,8,6,4,0,167610,73042,11.800000000000011,0,Low
325045,20.9477,86.0525,310.7,1.1,1.1,2020-12-31,507,0,MODIS,63,6.03,298.2,6.4,1,2,2020,12,31,507,5,7,1,1,73921,11178,12.5,0,Low
542370,25.1114,93.2016,385.4,1.7,1.3,2023-03-08,738,1,MODIS,100,61.03,303.9,363.6,1,0,2023,3,8,738,7,38,2,2,57778,42248,81.5,1,Extreme
460300,24.7098,94.1435,305.7,1.4,1.2,2022-03-21,1952,1,MODIS,65,6.03,288.9,12.8,0,0,2022,3,21,1952,19,52,2,2,57778,42248,16.80000000000001,0,Medium
347252,18.0198,80.524,326.6,1.0,1.0,2021-03-07,802,1,MODIS,36,6.03,313.6,9.6,1,0,2021,3,7,802,8,2,2,13,47964,18871,13.0,0,Low
280802,23.6383,75.607,309.6,1.0,1.0,2020-04-16,1710,0,MODIS,78,6.03,295.4,7.3,0,0,2020,4,16,1710,17,10,2,4,76528,39620,14.200000000000044,0,Low
164802,18.529,77.7458,323.5,1.9,1.3,2018-11-12,750,1,MODIS,70,6.03,309.2,23.7,1,0,2018,11,12,750,7,50,4,9,27481,2693,14.300000000000011,0,Medium
700585,18.0734,80.6179,327.4,1.2,1.1,2025-03-15,912,1,MODIS,69,61.03,310.7,11.0,1,0,2025,3,15,912,9,12,2,13,47964,18871,16.69999999999999,0,Medium
658997,26.1362,79.1932,319.6,1.0,1.0,2024-11-15,850,1,MODIS,66,61.03,303.4,8.8,1,2,2024,11,15,850,8,50,4,7,41741,5012,16.200000000000045,0,Low
758444,16.8687,81.7118,313.1,1.3,1.1,2025-12-06,912,1,MODIS,68,61.03,298.9,9.0,1,0,2025,12,6,912,9,12,1,13,47964,2559,14.200000000000044,0,Low
214070,22.6941,78.1268,357.5,1.2,1.1,2019-04-28,757,1,MODIS,98,6.03,329.5,59.7,1,0,2019,4,28,757,7,57,2,4,76528,39620,28.0,1,High
469721,21.7121,70.2258,329.9,1.0,1.0,2022-04-01,547,0,MODIS,48,6.03,316.4,9.6,1,0,2022,4,1,547,5,47,2,10,21095,4258,13.5,0,Low
225991,25.8809,77.7209,312.9,1.4,1.2,2019-05-20,1647,0,MODIS,82,6.03,296.5,13.2,0,0,2019,5,20,1647,16,47,2,4,76528,7507,16.399999999999977,0,Medium
193875,23.6939,92.6402,348.3,2.1,1.4,2019-03-23,644,1,MODIS,71,6.03,296.3,161.1,1,0,2019,3,23,644,6,44,2,2,57778,42248,52.0,0,Extreme
309572,30.3701,75.0906,322.6,1.0,1.0,2020-11-06,811,1,MODIS,27,6.03,302.0,10.9,1,0,2020,11,6,811,8,11,4,0,167610,73042,20.600000000000023,0,Medium
11273,21.2432,76.6637,336.0,1.0,1.0,2017-02-25,538,0,MODIS,83,6.2,305.6,28.1,1,0,2017,2,25,538,5,38,1,9,27481,5254,30.399999999999977,1,Medium
26133,19.8071,84.1384,335.7,1.0,1.0,2017-03-30,751,1,MODIS,79,6.2,312.1,20.5,1,0,2017,3,30,751,7,51,2,1,73921,19544,23.59999999999997,0,Medium
231430,23.2433,87.7276,314.5,2.3,1.5,2019-09-20,702,1,MODIS,0,6.03,295.8,21.3,1,0,2019,9,20,702,7,2,4,12,49232,1038,18.69999999999999,0,Medium
323819,22.9313,77.2513,316.8,1.1,1.1,2020-12-25,543,0,MODIS,74,6.03,298.6,12.8,1,0,2020,12,25,543,5,43,1,4,76528,1065,18.19999999999999,0,Medium
412472,29.2792,76.5274,320.4,1.1,1.0,2021-10-31,817,1,MODIS,71,6.03,301.2,13.4,1,0,2021,10,31,817,8,17,4,0,167610,39610,19.19999999999999,0,Medium
595197,21.2176,82.8386,312.5,1.1,1.1,2023-12-25,824,1,MODIS,58,61.03,301.2,6.6,1,0,2023,12,25,824,8,24,1,1,73921,11178,11.300000000000011,0,Low
352905,18.8069,76.4596,322.9,3.0,1.6,2021-03-14,501,0,MODIS,67,6.03,308.0,36.8,1,0,2021,3,14,501,5,1,2,9,27481,7575,14.899999999999975,0,High
436999,16.5234,77.0949,316.2,1.1,1.0,2022-01-06,533,0,MODIS,59,6.03,302.9,8.2,1,0,2022,1,6,533,5,33,1,14,36148,3490,13.300000000000011,0,Low
16258,27.2493,93.4108,328.4,1.0,1.0,2017-03-06,703,1,MODIS,81,6.2,295.3,25.0,1,0,2017,3,6,703,7,3,2,11,41370,18499,33.099999999999966,1,Medium
542047,13.9907,78.2305,333.0,1.1,1.0,2023-03-08,458,0,MODIS,82,61.03,306.2,21.3,1,0,2023,3,8,458,4,58,2,14,36148,12659,26.80000000000001,1,Medium
607064,17.3078,78.2984,317.3,1.1,1.1,2024-02-25,459,0,MODIS,61,61.03,296.4,7.4,1,0,2024,2,25,459,4,59,1,9,27481,5254,20.900000000000038,0,Low
262632,26.1118,93.4819,310.8,2.1,1.4,2020-03-18,638,1,MODIS,60,6.03,293.6,23.2,1,0,2020,3,18,638,6,38,2,11,41370,18499,17.19999999999999,0,Medium
513320,31.5359,78.1,312.2,2.7,1.6,2022-12-07,843,1,MODIS,57,6.03,293.8,38.5,1,0,2022,12,7,843,8,43,1,0,167610,3314,18.399999999999977,0,High
535082,26.7231,91.0245,311.1,1.0,1.0,2023-02-28,420,0,MODIS,49,61.03,293.3,6.3,1,0,2023,2,28,420,4,20,1,8,33148,2829,17.80000000000001,0,Low
665597,16.2651,77.087,315.7,1.1,1.0,2024-12-10,859,1,MODIS,58,61.03,300.6,7.0,1,0,2024,12,10,859,8,59,1,14,36148,1891,15.099999999999966,0,Low
645833,22.1364,72.227,343.3,1.5,1.2,2024-05-20,923,1,MODIS,85,61.03,314.9,34.5,1,0,2024,5,20,923,9,23,2,10,21095,1118,28.400000000000038,1,High
7258,23.8988,92.3644,310.6,1.4,1.2,2017-02-14,726,1,MODIS,57,6.2,299.9,8.3,1,0,2017,2,14,726,7,26,1,2,57778,3915,10.700000000000044,0,Low
32837,19.5486,80.7137,309.7,1.3,1.1,2017-04-08,1709,0,MODIS,35,6.2,299.1,7.6,0,0,2017,4,8,1709,17,9,2,13,47964,11656,10.599999999999966,0,Low
177381,27.2176,92.4858,325.8,1.1,1.1,2019-01-22,447,0,MODIS,84,6.03,291.5,27.9,1,0,2019,1,22,447,4,47,1,8,33148,1715,34.30000000000001,1,Medium
71315,22.4174,79.86,319.7,1.0,1.0,2017-11-07,803,1,MODIS,59,6.2,306.4,6.1,1,0,2017,11,7,803,8,3,4,5,47348,5930,13.300000000000011,0,Low
642060,30.1962,77.0107,323.2,1.0,1.0,2024-05-08,505,0,MODIS,62,61.03,302.7,9.1,1,0,2024,5,8,505,5,5,2,0,167610,31628,20.5,0,Low
663916,26.9771,83.629,312.9,1.3,1.1,2024-11-29,818,1,MODIS,60,61.03,300.4,7.4,1,0,2024,11,29,818,8,18,4,7,41741,5012,12.5,0,Low
620422,18.6037,80.5031,340.0,1.0,1.0,2024-03-27,830,1,MODIS,85,61.03,313.5,24.1,1,0,2024,3,27,830,8,30,2,13,47964,18871,26.5,1,Medium
563421,26.8518,83.2127,335.4,1.0,1.0,2023-04-17,757,1,MODIS,42,61.03,318.2,12.7,1,0,2023,4,17,757,7,57,2,7,41741,15320,17.19999999999999,0,Medium
642421,25.7746,78.9031,337.2,1.1,1.0,2024-05-09,828,1,MODIS,70,61.03,320.6,10.7,1,0,2024,5,9,828,8,28,2,4,76528,7507,16.599999999999966,0,Medium
361043,24.2042,91.9326,317.0,1.1,1.0,2021-03-22,720,1,MODIS,47,6.03,302.2,6.5,1,0,2021,3,22,720,7,20,2,2,57778,42248,14.800000000000011,0,Low
678651,21.4304,82.0205,319.8,1.4,1.2,2025-02-07,833,1,MODIS,69,61.03,304.5,12.7,1,0,2025,2,7,833,8,33,1,1,73921,9366,15.300000000000011,0,Medium
389408,27.3063,79.6522,326.9,1.1,1.0,2021-04-09,535,0,MODIS,56,6.03,312.0,10.6,1,0,2021,4,9,535,5,35,2,7,41741,15320,14.899999999999975,0,Medium
316239,27.3234,92.3875,309.5,1.3,1.1,2020-11-15,453,0,MODIS,67,6.03,296.7,13.3,1,0,2020,11,15,453,4,53,4,8,33148,200,12.800000000000011,0,Medium
54763,30.1529,78.7356,320.5,2.2,1.4,2017-05-11,830,1,MODIS,36,6.2,300.6,22.9,1,0,2017,5,11,830,8,30,2,7,41741,6465,19.899999999999977,0,Medium
494400,29.8447,75.395,320.3,1.1,1.1,2022-10-05,810,1,MODIS,64,6.03,304.2,12.9,1,0,2022,10,5,810,8,10,4,0,167610,39610,16.100000000000023,0,Medium
463611,24.1181,92.065,350.8,1.5,1.2,2022-03-26,445,0,MODIS,96,6.03,294.4,100.1,1,0,2022,3,26,445,4,45,2,2,57778,42248,56.400000000000034,1,Extreme
712831,24.4546,93.2812,403.5,1.3,1.1,2025-03-28,753,1,MODIS,100,61.03,307.7,377.8,1,0,2025,3,28,753,7,53,2,2,57778,42248,95.8,1,Extreme
300107,22.218,79.707,321.7,1.2,1.1,2020-10-28,815,1,MODIS,24,6.03,306.4,8.6,1,0,2020,10,28,815,8,15,4,5,47348,737,15.300000000000011,0,Low
428322,29.5072,74.5937,325.9,1.2,1.1,2021-11-14,830,1,MODIS,77,6.03,302.4,22.6,1,0,2021,11,14,830,8,30,4,0,167610,73042,23.5,0,Medium
77115,27.2052,82.0946,315.3,1.1,1.1,2017-11-27,740,1,MODIS,68,6.2,300.3,10.5,1,0,2017,11,27,740,7,40,4,7,41741,5012,15.0,0,Medium
682665,17.0928,73.9844,308.2,1.0,1.0,2025-02-16,2142,1,MODIS,55,61.03,289.9,8.6,0,0,2025,2,16,2142,21,42,1,3,38436,8837,18.30000000000001,0,Low
305421,30.6322,76.3599,326.8,1.9,1.4,2020-11-02,836,1,MODIS,80,6.03,300.7,49.3,1,0,2020,11,2,836,8,36,4,0,167610,73042,26.100000000000023,0,High
404088,32.1806,75.5045,338.6,1.0,1.0,2021-05-09,545,0,MODIS,86,6.03,307.7,21.8,1,0,2021,5,9,545,5,45,2,0,167610,31628,30.900000000000038,1,Medium
704191,21.6338,85.2293,318.6,1.1,1.0,2025-03-19,833,1,MODIS,32,61.03,305.1,6.1,1,0,2025,3,19,833,8,33,2,1,73921,19544,13.5,0,Low
600716,17.0869,76.4258,316.0,1.0,1.0,2024-01-27,501,0,MODIS,63,61.03,297.5,7.6,1,0,2024,1,27,501,5,1,1,3,38436,8477,18.5,0,Low
139620,29.1289,76.2613,333.5,1.5,1.2,2018-05-05,525,0,MODIS,70,6.03,311.4,19.5,1,0,2018,5,5,525,5,25,2,0,167610,31628,22.100000000000023,0,Medium
404558,24.6717,80.6592,338.9,1.1,1.0,2021-05-10,804,1,MODIS,78,6.03,314.4,12.0,1,0,2021,5,10,804,8,4,2,5,47348,4086,24.5,0,Medium
115881,21.3783,76.4577,330.9,1.1,1.0,2018-03-22,810,1,MODIS,51,6.03,315.5,10.5,1,0,2018,3,22,810,8,10,2,9,27481,7575,15.399999999999975,0,Medium
486671,30.4162,74.1399,338.3,1.0,1.0,2022-05-03,544,0,MODIS,82,6.03,310.8,19.5,1,0,2022,5,3,544,5,44,2,0,167610,31628,27.5,0,Medium
307894,30.4151,74.9698,325.7,1.1,1.0,2020-11-04,824,1,MODIS,76,6.03,301.3,17.4,1,0,2020,11,4,824,8,24,4,0,167610,73042,24.399999999999977,0,Medium
559296,27.3013,83.6586,328.8,1.2,1.1,2023-04-12,743,1,MODIS,62,61.03,316.3,12.5,1,0,2023,4,12,743,7,43,2,7,41741,15320,12.5,0,Medium
686206,24.1477,92.7082,316.7,1.2,1.1,2025-02-26,755,1,MODIS,71,61.03,297.9,14.3,1,0,2025,2,26,755,7,55,1,2,57778,3915,18.80000000000001,0,Medium
291350,29.5222,74.6441,350.5,1.0,1.0,2020-05-21,818,1,MODIS,92,6.03,322.1,34.5,1,0,2020,5,21,818,8,18,2,0,167610,31628,28.399999999999977,1,High
38960,25.7902,91.6597,327.9,1.1,1.0,2017-04-12,721,1,MODIS,72,6.2,297.1,18.4,1,0,2017,4,12,721,7,21,2,8,33148,7372,30.799999999999955,0,Medium
669779,16.0803,80.4785,316.0,1.2,1.1,2024-12-27,844,1,MODIS,68,61.03,300.7,8.1,1,0,2024,12,27,844,8,44,1,13,47964,2559,15.300000000000011,0,Low
227378,30.6551,75.2045,341.2,1.1,1.0,2019-05-26,824,1,MODIS,82,6.03,317.8,18.6,1,0,2019,5,26,824,8,24,2,0,167610,31628,23.399999999999977,0,Medium
303095,30.7359,76.0917,314.9,1.0,1.0,2020-10-30,805,1,MODIS,65,6.03,301.5,7.0,1,0,2020,10,30,805,8,5,4,0,167610,39610,13.399999999999975,0,Low
631513,25.252,83.9746,351.1,1.0,1.0,2024-04-17,810,1,MODIS,94,61.03,314.3,44.1,1,0,2024,4,17,810,8,10,2,12,49232,12010,36.80000000000001,1,High
384502,15.1058,76.7548,338.1,1.1,1.0,2021-04-04,826,1,MODIS,76,6.03,317.6,16.2,1,0,2021,4,4,826,8,26,2,14,36148,3614,20.5,0,Medium
767789,20.9193,83.9164,312.3,1.0,1.0,2026-01-11,919,1,MODIS,65,61.03,299.6,6.1,1,0,2026,1,11,919,9,19,1,1,73921,10736,12.699999999999989,0,Low
8951,26.2359,94.6762,334.9,1.0,1.0,2017-02-18,702,1,MODIS,88,6.2,296.0,31.6,1,0,2017,2,18,702,7,2,1,11,41370,5791,38.89999999999998,1,High
363484,22.4128,77.0738,306.7,1.6,1.3,2021-03-23,1727,0,MODIS,69,6.03,292.9,12.0,0,0,2021,3,23,1727,17,27,2,4,76528,13167,13.800000000000011,0,Medium
567062,23.2745,75.3053,327.6,1.7,1.3,2023-04-25,458,0,MODIS,58,61.03,310.9,20.1,1,0,2023,4,25,458,4,58,2,4,76528,39620,16.700000000000045,0,Medium
74090,29.6473,75.6602,319.5,1.4,1.2,2017-11-19,830,1,MODIS,73,6.2,297.3,18.0,1,0,2017,11,19,830,8,30,4,0,167610,73042,22.19999999999999,0,Medium
344798,24.3206,74.5125,345.4,1.1,1.0,2021-03-05,816,1,MODIS,90,6.03,315.2,39.4,1,0,2021,3,5,816,8,16,2,4,76528,13167,30.19999999999999,1,High
37259,23.4879,77.738,338.3,1.1,1.0,2017-04-11,816,1,MODIS,76,6.2,320.1,18.2,1,0,2017,4,11,816,8,16,2,4,76528,39620,18.19999999999999,0,Medium
616995,22.1421,92.8507,330.4,1.1,1.0,2024-03-16,732,1,MODIS,83,61.03,296.8,26.4,1,0,2024,3,16,732,7,32,2,2,57778,42248,33.599999999999966,1,Medium
406124,17.23,81.6546,328.1,1.3,1.1,2021-05-29,524,0,MODIS,0,6.03,304.1,17.7,1,0,2021,5,29,524,5,24,2,13,47964,4838,24.0,0,Medium
365719,22.9478,80.1926,328.1,1.1,1.1,2021-03-25,751,1,MODIS,42,6.03,314.7,6.9,1,0,2021,3,25,751,7,51,2,5,47348,12422,13.400000000000034,0,Low
385954,26.2033,93.7707,317.4,2.3,1.5,2021-04-05,733,1,MODIS,56,6.03,299.7,21.7,1,0,2021,4,5,733,7,33,2,11,41370,8105,17.69999999999999,0,Medium
513032,21.1864,82.07,316.0,1.0,1.0,2022-12-06,758,1,MODIS,64,6.03,303.5,7.0,1,0,2022,12,6,758,7,58,1,1,73921,11178,12.5,0,Low
690651,20.0024,75.1726,301.3,1.0,1.0,2025-03-06,1611,0,MODIS,40,61.03,291.2,5.2,0,0,2025,3,6,1611,16,11,2,9,27481,7575,10.100000000000025,0,Low
229691,23.7833,86.3926,317.5,1.1,1.1,2019-06-09,1621,0,MODIS,93,6.03,298.7,11.6,0,2,2019,6,9,1621,16,21,3,12,49232,1005,18.80000000000001,0,Medium
109682,20.4214,79.7713,331.9,1.2,1.1,2018-03-13,816,1,MODIS,37,6.03,312.5,17.0,1,0,2018,3,13,816,8,16,2,13,47964,18871,19.399999999999977,0,Medium
590025,23.159,79.7092,321.3,1.1,1.0,2023-11-22,831,1,MODIS,74,61.03,301.4,13.3,1,0,2023,11,22,831,8,31,4,5,47348,5930,19.900000000000038,0,Medium
721412,20.4195,75.2993,328.3,1.1,1.1,2025-04-06,429,0,MODIS,64,61.03,312.9,11.8,1,0,2025,4,6,429,4,29,2,9,27481,3504,15.400000000000034,0,Medium
476816,22.3971,80.2165,330.4,1.8,1.3,2022-04-22,741,1,MODIS,55,6.03,311.9,17.0,1,0,2022,4,22,741,7,41,2,5,47348,16741,18.5,0,Medium
617545,22.8721,77.5417,328.2,2.1,1.4,2024-03-17,813,1,MODIS,74,61.03,303.5,45.0,1,0,2024,3,17,813,8,13,2,4,76528,13167,24.69999999999999,0,High
343659,17.7825,80.0744,321.0,1.2,1.1,2021-03-05,507,0,MODIS,60,6.03,309.1,8.4,1,0,2021,3,5,507,5,7,2,13,47964,18871,11.899999999999975,0,Low
396537,26.3131,93.7851,314.8,2.3,1.5,2021-04-21,733,1,MODIS,58,6.03,297.2,17.6,1,0,2021,4,21,733,7,33,2,11,41370,8105,17.600000000000023,0,Medium
735258,30.6987,74.4544,331.0,1.0,1.0,2025-04-27,926,1,MODIS,70,61.03,316.1,12.6,1,0,2025,4,27,926,9,26,2,0,167610,7906,14.899999999999975,0,Medium
286733,8.219,77.7365,336.0,1.0,1.0,2020-05-03,824,1,MODIS,87,6.03,306.3,17.3,1,0,2020,5,3,824,8,24,2,6,13460,485,29.69999999999999,0,Medium
370904,25.2557,92.9953,329.1,1.9,1.3,2021-03-28,644,1,MODIS,83,6.03,305.1,48.3,1,0,2021,3,28,644,6,44,2,8,33148,19990,24.0,1,High
356213,21.8144,83.5142,325.3,1.1,1.1,2021-03-16,757,1,MODIS,58,6.03,307.0,10.8,1,0,2021,3,16,757,7,57,2,1,73921,19544,18.30000000000001,0,Medium
275603,22.6919,77.5555,303.9,1.2,1.1,2020-04-07,1716,0,MODIS,36,6.03,292.1,6.0,0,0,2020,4,7,1716,17,16,2,4,76528,39620,11.799999999999956,0,Low
233454,30.7388,74.6631,323.2,1.9,1.3,2019-10-22,842,1,MODIS,76,6.03,301.8,32.5,1,0,2019,10,22,842,8,42,4,0,167610,39610,21.399999999999977,0,High
315797,31.1424,74.5913,333.8,1.0,1.0,2020-11-13,818,1,MODIS,86,6.03,302.8,26.1,1,0,2020,11,13,818,8,18,4,0,167610,73042,31.0,1,Medium
372278,23.8571,91.9038,319.0,1.3,1.1,2021-03-29,726,1,MODIS,55,6.03,302.9,9.1,1,0,2021,3,29,726,7,26,2,2,57778,42248,16.100000000000023,0,Low
185504,11.4846,79.0174,335.4,1.1,1.0,2019-03-07,819,1,MODIS,66,6.03,314.0,11.7,1,0,2019,3,7,819,8,19,2,6,13460,3928,21.399999999999977,0,Medium
571535,30.4131,75.9913,336.0,1.1,1.0,2023-05-17,513,0,MODIS,75,61.03,314.0,13.7,1,0,2023,5,17,513,5,13,2,0,167610,31628,22.0,0,Medium
539998,19.4915,76.028,322.1,1.0,1.0,2023-03-06,513,0,MODIS,59,61.03,303.1,9.9,1,0,2023,3,6,513,5,13,2,9,27481,7575,19.0,0,Low
376258,23.1684,79.1665,306.3,3.1,1.7,2021-03-30,1733,0,MODIS,39,6.03,295.5,23.8,0,0,2021,3,30,1733,17,33,2,5,47348,12422,10.800000000000011,0,Medium
527059,27.796,79.2717,311.2,1.1,1.1,2023-02-11,800,1,MODIS,60,61.03,299.7,7.2,1,0,2023,2,11,800,8,0,1,7,41741,3088,11.5,0,Low
553145,23.0842,72.2407,348.5,1.6,1.2,2023-04-06,824,1,MODIS,91,61.03,315.6,79.1,1,0,2023,4,6,824,8,24,2,10,21095,4258,32.89999999999998,1,Extreme
305254,30.3969,76.0472,318.8,1.8,1.3,2020-11-02,836,1,MODIS,62,6.03,301.1,21.2,1,0,2020,11,2,836,8,36,4,0,167610,73042,17.69999999999999,0,Medium
418210,30.7134,74.7888,325.3,1.5,1.2,2021-11-05,836,1,MODIS,61,6.03,297.2,28.1,1,0,2021,11,5,836,8,36,4,0,167610,73042,28.100000000000023,0,Medium
557039,22.4038,92.5648,341.4,1.8,1.3,2023-04-11,700,1,MODIS,89,61.03,302.7,83.4,1,0,2023,4,11,700,7,0,2,2,57778,10542,38.69999999999999,1,Extreme
547116,25.8012,90.8825,327.2,2.3,1.5,2023-03-14,657,1,MODIS,81,61.03,299.0,58.2,1,0,2023,3,14,657,6,57,2,8,33148,19990,28.19999999999999,1,High
94736,12.7258,78.5927,325.8,1.3,1.1,2018-02-25,510,0,MODIS,73,6.03,308.0,18.6,1,0,2018,2,25,510,5,10,1,6,13460,3893,17.80000000000001,0,Medium
247810,20.7918,85.2558,307.3,1.0,1.0,2019-12-16,1632,0,MODIS,71,6.03,291.8,8.3,0,2,2019,12,16,1632,16,32,1,1,73921,11178,15.5,0,Low
584248,30.4974,75.5299,318.3,1.1,1.0,2023-11-08,841,1,MODIS,63,61.03,297.8,9.8,1,0,2023,11,8,841,8,41,4,0,167610,73042,20.5,0,Low
257753,13.999,75.5077,326.9,1.2,1.1,2020-03-12,547,0,MODIS,73,6.03,308.1,13.6,1,0,2020,3,12,547,5,47,2,14,36148,12659,18.799999999999955,0,Medium
402135,29.8706,76.0523,347.5,1.0,1.0,2021-05-01,811,1,MODIS,90,6.03,316.5,31.2,1,0,2021,5,1,811,8,11,2,0,167610,31628,31.0,1,High
237920,30.7676,74.6083,314.3,1.5,1.2,2019-10-31,836,1,MODIS,16,6.03,300.5,8.9,1,0,2019,10,31,836,8,36,4,0,167610,39610,13.800000000000011,0,Low
69422,30.1642,76.17,312.9,1.5,1.2,2017-11-03,830,1,MODIS,15,6.2,297.0,9.2,1,0,2017,11,3,830,8,30,4,0,167610,73042,15.899999999999975,0,Low
650813,20.9689,85.169,308.1,1.2,1.1,2024-08-30,1537,0,MODIS,58,61.03,292.7,6.2,0,2,2024,8,30,1537,15,37,3,1,73921,664,15.400000000000034,0,Low
546664,23.1271,93.3568,313.2,1.7,1.3,2023-03-14,656,1,MODIS,47,61.03,297.8,14.4,1,0,2023,3,14,656,6,56,2,2,57778,42248,15.399999999999975,0,Medium
212517,26.8413,82.9562,311.6,1.2,1.1,2019-04-25,1653,0,MODIS,81,6.03,298.4,9.7,0,0,2019,4,25,1653,16,53,2,7,41741,15320,13.200000000000044,0,Low
112668,22.7924,82.529,334.3,1.2,1.1,2018-03-19,739,1,MODIS,79,6.03,315.1,23.5,1,0,2018,3,19,739,7,39,2,5,47348,12422,19.19999999999999,0,Medium
426519,30.3154,73.9843,315.2,1.7,1.3,2021-11-12,842,1,MODIS,60,6.03,301.9,13.2,1,0,2021,11,12,842,8,42,4,0,167610,73042,13.300000000000011,0,Medium
165282,30.2627,76.2497,318.3,1.9,1.3,2018-11-13,836,1,MODIS,75,6.03,297.3,22.9,1,0,2018,11,13,836,8,36,4,0,167610,73042,21.0,0,Medium
10635,20.9235,75.6885,327.2,3.6,1.8,2017-02-23,858,1,MODIS,50,6.2,306.7,75.8,1,0,2017,2,23,858,8,58,1,9,27481,5254,20.5,0,Extreme
504178,30.571,74.7594,319.8,1.1,1.0,2022-11-09,829,1,MODIS,71,6.03,297.7,12.2,1,0,2022,11,9,829,8,29,4,0,167610,73042,22.100000000000023,0,Medium
719200,25.7046,92.6398,319.9,1.4,1.2,2025-04-02,752,1,MODIS,64,61.03,299.0,15.4,1,0,2025,4,2,752,7,52,2,8,33148,7372,20.899999999999977,0,Medium
404250,30.3832,74.54,331.9,1.0,1.0,2021-05-09,546,0,MODIS,58,6.03,311.0,9.6,1,0,2021,5,9,546,5,46,2,0,167610,31628,20.899999999999977,0,Low
169003,18.8125,77.966,325.2,1.0,1.0,2018-11-24,814,1,MODIS,68,6.03,305.7,13.2,1,0,2018,11,24,814,8,14,4,9,27481,2693,19.5,0,Medium
367385,24.9968,92.9184,338.5,1.2,1.1,2021-03-26,656,1,MODIS,88,6.03,302.9,45.0,1,0,2021,3,26,656,6,56,2,2,57778,42248,35.60000000000002,1,High
244976,30.4128,74.4149,331.6,1.1,1.0,2019-11-20,811,1,MODIS,85,6.03,288.8,29.1,1,0,2019,11,20,811,8,11,4,0,167610,73042,42.80000000000001,1,Medium
569549,27.8762,81.9317,328.0,1.5,1.2,2023-05-10,744,1,MODIS,54,61.03,313.5,19.5,1,0,2023,5,10,744,7,44,2,7,41741,6465,14.5,0,Medium
144403,30.2355,77.1552,345.5,1.0,1.0,2018-05-19,537,0,MODIS,89,6.03,312.3,34.2,1,0,2018,5,19,537,5,37,2,0,167610,31628,33.19999999999999,1,High
58262,9.8252,77.2889,328.6,1.4,1.2,2017-07-25,806,1,MODIS,58,6.2,308.2,17.9,1,0,2017,7,25,806,8,6,3,6,13460,258,20.400000000000038,0,Medium
418229,30.0373,75.5019,330.0,1.7,1.3,2021-11-05,836,1,MODIS,83,6.03,299.6,43.8,1,0,2021,11,5,836,8,36,4,0,167610,73042,30.399999999999977,1,High
510371,23.0618,72.2011,315.8,1.5,1.2,2022-11-22,555,0,MODIS,59,6.03,304.3,10.6,1,0,2022,11,22,555,5,55,4,10,21095,1837,11.5,0,Medium
101731,19.0862,79.976,328.3,1.0,1.0,2018-03-06,809,1,MODIS,66,6.03,311.8,11.1,1,0,2018,3,6,809,8,9,2,13,47964,18871,16.5,0,Medium
299116,30.7002,74.8164,315.9,1.3,1.1,2020-10-26,830,1,MODIS,63,6.03,300.1,9.9,1,0,2020,10,26,830,8,30,4,0,167610,39610,15.799999999999956,0,Low
372948,25.6367,94.2477,314.1,1.9,1.3,2021-03-29,727,1,MODIS,47,6.03,300.0,13.4,1,0,2021,3,29,727,7,27,2,11,41370,18499,14.100000000000025,0,Medium
699728,21.4267,74.2589,318.2,1.0,1.0,2025-03-15,442,0,MODIS,50,61.03,305.0,5.4,1,0,2025,3,15,442,4,42,2,10,21095,5604,13.199999999999989,0,Low
104220,18.9418,82.2564,327.5,1.0,1.0,2018-03-08,757,1,MODIS,73,6.03,305.0,15.0,1,0,2018,3,8,757,7,57,2,13,47964,18871,22.5,0,Medium
646560,28.2065,77.5676,334.2,1.0,1.0,2024-05-26,835,1,MODIS,67,61.03,319.1,8.5,1,0,2024,5,26,835,8,35,2,0,167610,31628,15.099999999999966,0,Low
69960,30.1283,75.9729,313.8,3.0,1.7,2017-11-04,735,1,MODIS,68,6.2,298.9,25.0,1,0,2017,11,4,735,7,35,4,0,167610,73042,14.900000000000034,0,Medium
144145,30.2944,78.3089,307.7,1.1,1.1,2018-05-17,1649,0,MODIS,72,6.03,290.6,8.9,0,0,2018,5,17,1649,16,49,2,0,167610,31628,17.099999999999966,0,Low
651261,26.902,94.1481,321.8,1.1,1.0,2024-09-23,752,1,MODIS,0,61.03,302.7,10.8,1,0,2024,9,23,752,7,52,4,11,41370,195,19.100000000000023,0,Medium
262427,24.0877,93.2404,323.0,2.4,1.5,2020-03-18,638,1,MODIS,78,6.03,295.6,66.1,1,0,2020,3,18,638,6,38,2,2,57778,42248,27.399999999999977,0,Extreme
704679,26.8272,88.4631,321.6,1.2,1.1,2025-03-19,834,1,MODIS,73,61.03,298.6,16.7,1,0,2025,3,19,834,8,34,2,8,33148,19990,23.0,0,Medium
329420,16.48,75.3135,327.8,1.0,1.0,2021-01-30,826,1,MODIS,71,6.03,309.5,13.4,1,0,2021,1,30,826,8,26,1,3,38436,8477,18.30000000000001,0,Medium
702743,22.0173,76.3383,322.0,2.2,1.4,2025-03-18,503,0,MODIS,66,61.03,307.4,24.7,1,0,2025,3,18,503,5,3,2,4,76528,13167,14.600000000000025,0,Medium
388122,23.6534,92.8784,317.6,1.2,1.1,2021-04-07,720,1,MODIS,63,6.03,300.9,11.5,1,0,2021,4,7,720,7,20,2,2,57778,10542,16.700000000000045,0,Medium
118038,19.768,80.0343,328.7,1.1,1.0,2018-03-24,757,1,MODIS,46,6.03,314.5,10.3,1,0,2018,3,24,757,7,57,2,13,47964,18871,14.199999999999989,0,Medium
715212,22.3561,76.9674,321.3,1.3,1.1,2025-03-30,446,0,MODIS,60,61.03,302.6,15.3,1,0,2025,3,30,446,4,46,2,4,76528,13167,18.69999999999999,0,Medium
440094,20.9417,85.0143,312.3,1.1,1.0,2022-02-06,447,0,MODIS,62,6.03,298.0,7.9,1,0,2022,2,6,447,4,47,1,1,73921,9366,14.300000000000011,0,Low
82417,27.481,71.9111,316.7,1.1,1.0,2017-12-30,823,1,MODIS,47,6.2,306.0,4.9,1,0,2017,12,30,823,8,23,1,0,167610,3314,10.699999999999989,0,Low
694748,11.8593,77.0538,328.1,1.1,1.0,2025-03-10,910,1,MODIS,64,61.03,311.7,13.7,1,0,2025,3,10,910,9,10,2,6,13460,3928,16.400000000000034,0,Medium
564571,23.6292,75.8405,337.3,1.2,1.1,2023-04-18,839,1,MODIS,62,61.03,319.0,15.6,1,0,2023,4,18,839,8,39,2,4,76528,39620,18.30000000000001,0,Medium
246708,23.7767,86.3905,320.6,1.1,1.1,2019-12-05,726,1,MODIS,77,6.03,301.2,14.5,1,2,2019,12,5,726,7,26,1,12,49232,8420,19.400000000000038,0,Medium
64765,29.7803,75.406,320.9,1.1,1.1,2017-10-27,823,1,MODIS,68,6.2,302.0,12.8,1,0,2017,10,27,823,8,23,4,0,167610,39610,18.899999999999977,0,Medium
675506,21.6697,82.4969,353.9,1.1,1.0,2025-01-26,852,1,MODIS,97,61.03,307.7,67.8,1,0,2025,1,26,852,8,52,1,1,73921,10736,46.19999999999999,1,Extreme
8652,20.8745,78.8747,328.4,1.0,1.0,2017-02-18,532,0,MODIS,76,6.2,310.4,15.4,1,0,2017,2,18,532,5,32,1,9,27481,5254,18.0,0,Medium
372445,23.1573,91.7594,340.8,1.2,1.1,2021-03-29,726,1,MODIS,89,6.03,305.8,45.2,1,0,2021,3,29,726,7,26,2,2,57778,42248,35.0,1,High
9668,9.274,76.8989,324.1,1.0,1.0,2017-02-20,824,1,MODIS,57,6.2,305.8,12.1,1,0,2017,2,20,824,8,24,1,6,13460,3893,18.30000000000001,0,Medium
72664,30.2648,75.6094,322.1,1.0,1.0,2017-11-14,811,1,MODIS,67,6.2,294.7,13.5,1,0,2017,11,14,811,8,11,4,0,167610,73042,27.400000000000038,0,Medium
563245,19.4892,83.4053,336.5,1.1,1.0,2023-04-17,755,1,MODIS,87,61.03,303.5,33.7,1,0,2023,4,17,755,7,55,2,1,73921,9197,33.0,1,High
645726,30.7805,75.6953,342.0,1.1,1.0,2024-05-20,458,0,MODIS,85,61.03,309.1,32.5,1,0,2024,5,20,458,4,58,2,0,167610,31628,32.89999999999998,1,High
2767,26.7042,95.3154,305.2,3.6,1.8,2017-01-21,505,0,MODIS,61,6.2,289.3,39.7,1,0,2017,1,21,505,5,5,1,11,41370,4936,15.899999999999975,0,High
454577,17.9721,80.5688,328.5,1.4,1.2,2022-03-15,819,1,MODIS,66,6.03,314.2,17.0,1,0,2022,3,15,819,8,19,2,13,47964,18871,14.300000000000011,0,Medium
70221,30.0335,75.0395,310.7,1.0,1.0,2017-11-05,817,1,MODIS,52,6.2,298.4,4.9,1,0,2017,11,5,817,8,17,4,0,167610,73042,12.300000000000011,0,Low
200814,19.441,80.1615,325.2,1.3,1.1,2019-04-01,508,0,MODIS,27,6.03,308.2,9.8,1,0,2019,4,1,508,5,8,2,13,47964,11656,17.0,0,Low
312948,30.7423,74.6498,315.3,1.9,1.3,2020-11-09,842,1,MODIS,59,6.03,302.3,13.9,1,0,2020,11,9,842,8,42,4,0,167610,73042,13.0,0,Medium
45602,21.9822,78.0155,337.7,1.2,1.1,2017-04-18,822,1,MODIS,76,6.2,318.1,19.2,1,0,2017,4,18,822,8,22,2,4,76528,39620,19.59999999999997,0,Medium
626014,26.0771,93.408,322.6,1.8,1.3,2024-04-06,712,1,MODIS,64,61.03,298.9,30.1,1,0,2024,4,6,712,7,12,2,11,41370,8105,23.700000000000045,0,High
461948,26.4614,93.1181,334.5,1.9,1.3,2022-03-23,732,1,MODIS,85,6.03,302.1,66.1,1,0,2022,3,23,732,7,32,2,11,41370,18499,32.39999999999998,1,Extreme
356964,25.2324,91.1198,315.0,1.2,1.1,2021-03-17,702,1,MODIS,28,6.03,303.1,7.5,1,0,2021,3,17,702,7,2,2,8,33148,19990,11.899999999999975,0,Low
120553,22.4266,83.1916,327.6,1.0,1.0,2018-03-26,745,1,MODIS,47,6.03,316.3,7.9,1,0,2018,3,26,745,7,45,2,1,73921,19544,11.300000000000011,0,Low
491399,16.6915,73.3664,309.5,1.1,1.0,2022-05-28,2100,1,MODIS,77,6.03,294.1,7.4,0,0,2022,5,28,2100,21,0,2,3,38436,1102,15.399999999999975,0,Low
347251,18.7711,79.6723,322.3,1.0,1.0,2021-03-07,802,1,MODIS,52,6.03,311.0,6.7,1,0,2021,3,7,802,8,2,2,13,47964,18871,11.300000000000011,0,Low
441087,19.8488,73.741,320.4,3.2,1.7,2022-02-12,904,1,MODIS,55,6.03,305.1,38.7,1,0,2022,2,12,904,9,4,1,3,38436,8837,15.299999999999956,0,High
82049,19.2911,73.3718,318.0,1.0,1.0,2017-12-28,833,1,MODIS,27,6.2,307.9,5.5,1,0,2017,12,28,833,8,33,1,3,38436,5945,10.100000000000025,0,Low
584794,16.4375,78.007,330.4,1.3,1.1,2023-11-10,822,1,MODIS,81,61.03,299.8,27.6,1,0,2023,11,10,822,8,22,4,14,36148,1186,30.59999999999997,1,Medium
635241,9.2022,77.9607,331.3,1.2,1.1,2024-04-25,839,1,MODIS,66,61.03,309.3,10.3,1,0,2024,4,25,839,8,39,2,6,13460,1606,22.0,0,Medium
501485,30.1774,75.0993,314.7,1.1,1.1,2022-11-04,812,1,MODIS,56,6.03,300.0,7.1,1,0,2022,11,4,812,8,12,4,0,167610,73042,14.699999999999989,0,Low
340170,24.1843,92.6346,323.0,1.1,1.0,2021-03-01,702,1,MODIS,76,6.03,298.1,17.6,1,0,2021,3,1,702,7,2,2,2,57778,42248,24.899999999999977,0,Medium
407864,20.9661,85.1744,301.6,1.8,1.3,2021-09-27,1610,0,MODIS,31,6.03,281.6,8.4,0,2,2021,9,27,1610,16,10,4,1,73921,1202,20.0,0,Low
390640,27.2729,82.7149,335.1,1.1,1.0,2021-04-11,522,0,MODIS,81,6.03,317.5,18.6,1,0,2021,4,11,522,5,22,2,7,41741,15320,17.600000000000023,0,Medium
6322,18.0165,80.0752,327.3,1.3,1.1,2017-02-10,750,1,MODIS,72,6.2,307.4,18.4,1,0,2017,2,10,750,7,50,1,13,47964,5221,19.900000000000038,0,Medium
105752,23.6832,73.5958,330.7,1.3,1.1,2018-03-09,841,1,MODIS,71,6.03,313.5,17.2,1,0,2018,3,9,841,8,41,2,10,21095,5604,17.19999999999999,0,Medium
769936,21.32,83.8164,316.8,1.2,1.1,2026-01-19,932,1,MODIS,70,61.03,302.6,12.3,1,0,2026,1,19,932,9,32,1,1,73921,10736,14.199999999999989,0,Medium
223235,32.4969,74.6937,342.4,1.1,1.1,2019-05-13,541,0,MODIS,88,6.03,311.3,34.5,1,0,2019,5,13,541,5,41,2,0,167610,31628,31.09999999999997,1,High
283623,23.1085,77.6843,331.5,3.0,1.7,2020-04-25,608,0,MODIS,71,6.03,308.2,63.4,1,0,2020,4,25,608,6,8,2,4,76528,39620,23.30000000000001,0,Extreme
741600,30.5381,74.1803,337.9,1.0,1.0,2025-05-17,919,1,MODIS,78,61.03,319.8,14.6,1,0,2025,5,17,919,9,19,2,0,167610,31628,18.09999999999997,0,Medium
350656,21.3766,83.1735,326.8,1.2,1.1,2021-03-11,738,1,MODIS,66,6.03,308.5,11.9,1,0,2021,3,11,738,7,38,2,1,73921,19544,18.30000000000001,0,Medium
461750,24.7103,93.4225,328.6,1.9,1.3,2022-03-23,731,1,MODIS,79,6.03,300.1,51.7,1,0,2022,3,23,731,7,31,2,2,57778,42248,28.5,0,High
278308,25.0723,94.1413,323.1,1.2,1.1,2020-04-13,715,1,MODIS,71,6.03,306.8,12.0,1,0,2020,4,13,715,7,15,2,11,41370,8105,16.30000000000001,0,Medium
240652,31.1169,76.0093,311.5,1.0,1.0,2019-11-04,812,1,MODIS,54,6.03,300.3,4.4,1,0,2019,11,4,812,8,12,4,0,167610,73042,11.199999999999989,0,Low
696361,23.4851,92.6038,306.6,2.4,1.5,2025-03-11,1436,0,MODIS,69,61.03,290.7,25.7,0,0,2025,3,11,1436,14,36,2,2,57778,42248,15.900000000000034,0,Medium
233623,31.9991,75.1053,313.9,1.9,1.4,2019-10-23,747,1,MODIS,65,6.03,297.6,17.8,1,0,2019,10,23,747,7,47,4,0,167610,39610,16.299999999999955,0,Medium
561537,25.4872,76.7604,305.7,1.2,1.1,2023-04-14,1635,0,MODIS,62,61.03,295.6,6.2,0,0,2023,4,14,1635,16,35,2,4,76528,39620,10.099999999999966,0,Low
562843,27.1641,82.796,324.5,3.9,1.8,2023-04-16,716,1,MODIS,59,61.03,307.4,48.9,1,0,2023,4,16,716,7,16,2,7,41741,15320,17.100000000000023,0,High
150270,21.6764,83.3062,319.8,1.0,1.0,2018-10-07,508,0,MODIS,46,6.03,308.1,10.3,1,0,2018,10,7,508,5,8,4,1,73921,2278,11.699999999999989,0,Medium
4792,19.3178,73.1551,323.3,2.2,1.4,2017-02-03,615,0,MODIS,73,6.2,304.7,34.6,1,0,2017,2,3,615,6,15,1,3,38436,8837,18.600000000000023,0,High
356343,28.6479,79.9478,316.5,1.0,1.0,2021-03-16,759,1,MODIS,62,6.03,301.0,7.0,1,0,2021,3,16,759,7,59,2,7,41741,3895,15.5,0,Low
641892,31.5549,74.5767,334.6,1.0,1.0,2024-05-07,846,1,MODIS,73,61.03,312.7,16.7,1,0,2024,5,7,846,8,46,2,0,167610,31628,21.900000000000038,0,Medium
446253,15.9341,75.2373,333.2,1.2,1.1,2022-03-04,838,1,MODIS,73,6.03,313.9,18.9,1,0,2022,3,4,838,8,38,2,3,38436,7918,19.30000000000001,0,Medium
451673,26.341,94.2974,346.4,1.0,1.0,2022-03-14,420,0,MODIS,94,6.03,303.2,49.9,1,0,2022,3,14,420,4,20,2,11,41370,18499,43.19999999999999,1,High
49171,26.0734,93.3973,368.4,2.1,1.4,2017-04-27,638,1,MODIS,100,6.2,297.6,314.9,1,0,2017,4,27,638,6,38,2,11,41370,8105,70.79999999999995,1,Extreme
743263,22.065,88.1243,308.0,1.6,1.2,2025-06-10,1535,0,MODIS,73,61.03,285.2,11.3,0,2,2025,6,10,1535,15,35,3,12,49232,1005,22.80000000000001,0,Medium
159569,32.0665,75.3361,317.2,1.9,1.3,2018-11-05,748,1,MODIS,74,6.03,299.1,25.7,1,0,2018,11,5,748,7,48,4,0,167610,73042,18.09999999999997,0,Medium
420646,30.6378,75.2077,314.5,1.1,1.1,2021-11-07,824,1,MODIS,34,6.03,299.4,7.0,1,0,2021,11,7,824,8,24,4,0,167610,73042,15.100000000000025,0,Low
334953,25.7794,91.7299,322.0,1.6,1.3,2021-02-16,733,1,MODIS,78,6.03,296.5,34.2,1,0,2021,2,16,733,7,33,1,8,33148,2829,25.5,0,High
500129,30.2798,75.9328,333.2,1.1,1.0,2022-11-02,825,1,MODIS,85,6.03,300.4,26.1,1,0,2022,11,2,825,8,25,4,0,167610,73042,32.80000000000001,1,Medium
756646,27.1567,83.7024,309.6,1.1,1.0,2025-11-28,902,1,MODIS,60,61.03,298.0,4.9,1,0,2025,11,28,902,9,2,4,7,41741,5012,11.600000000000025,0,Low
376963,19.9092,85.1246,325.1,2.5,1.5,2021-03-31,713,1,MODIS,64,6.03,308.5,38.4,1,0,2021,3,31,713,7,13,2,1,73921,19544,16.600000000000023,0,High
347987,24.8575,80.4198,336.4,1.0,1.0,2021-03-07,804,1,MODIS,82,6.03,316.7,20.2,1,0,2021,3,7,804,8,4,2,5,47348,12422,19.69999999999999,1,Medium
566026,24.2186,74.4387,328.1,1.1,1.0,2023-04-21,531,0,MODIS,51,61.03,312.8,8.5,1,0,2023,4,21,531,5,31,2,4,76528,39620,15.300000000000011,0,Low
98660,22.4916,87.1604,326.7,1.0,1.0,2018-03-03,739,1,MODIS,71,6.03,309.4,11.5,1,0,2018,3,3,739,7,39,2,12,49232,10270,17.30000000000001,0,Medium
209460,23.443,76.2866,334.4,1.0,1.0,2019-04-20,538,0,MODIS,68,6.03,316.6,13.4,1,0,2019,4,20,538,5,38,2,4,76528,39620,17.799999999999955,0,Medium
134909,21.601,77.4536,333.6,1.0,1.0,2018-04-23,810,1,MODIS,48,6.03,320.4,6.0,1,0,2018,4,23,810,8,10,2,4,76528,39620,13.200000000000044,0,Low
178672,16.4752,75.6944,307.4,1.0,1.0,2019-01-31,1715,0,MODIS,71,6.03,289.7,9.2,0,2,2019,1,31,1715,17,15,1,3,38436,8477,17.69999999999999,0,Low
697405,23.3351,92.4185,307.2,1.2,1.1,2025-03-12,1515,0,MODIS,71,61.03,294.0,8.8,0,0,2025,3,12,1515,15,15,2,2,57778,42248,13.199999999999989,0,Low
135963,31.2841,77.3586,300.4,1.4,1.2,2018-04-24,1643,0,MODIS,20,6.03,289.3,8.0,0,0,2018,4,24,1643,16,43,2,0,167610,7906,11.099999999999966,0,Low
28928,23.577,84.9442,328.1,1.1,1.0,2017-04-02,512,0,MODIS,60,6.2,315.0,9.1,1,0,2017,4,2,512,5,12,2,12,49232,12010,13.100000000000025,0,Low
363692,23.1723,73.8065,327.3,1.2,1.1,2021-03-24,536,0,MODIS,61,6.03,311.7,9.9,1,0,2021,3,24,536,5,36,2,10,21095,5604,15.600000000000025,0,Low
320799,20.8377,81.8753,315.6,2.4,1.5,2020-12-09,544,0,MODIS,64,6.03,302.8,19.7,1,0,2020,12,9,544,5,44,1,1,73921,11178,12.800000000000011,0,Medium
443288,23.7733,86.2016,301.1,1.3,1.1,2022-02-21,1638,0,MODIS,37,6.03,290.1,9.1,0,2,2022,2,21,1638,16,38,1,12,49232,3888,11.0,0,Low
295736,25.0868,84.4402,317.0,1.1,1.1,2020-10-16,751,1,MODIS,52,6.03,300.9,9.4,1,0,2020,10,16,751,7,51,4,12,49232,1643,16.100000000000023,0,Low
355575,12.7848,76.8144,326.2,2.2,1.4,2021-03-16,754,1,MODIS,64,6.03,309.4,28.1,1,0,2021,3,16,754,7,54,2,6,13460,3928,16.80000000000001,0,Medium
233188,31.2284,75.128,325.7,1.3,1.1,2019-10-21,759,1,MODIS,79,6.03,301.8,22.8,1,0,2019,10,21,759,7,59,4,0,167610,39610,23.899999999999977,0,Medium
375383,20.6161,79.3445,340.5,1.0,1.0,2021-03-30,809,1,MODIS,81,6.03,322.8,18.7,1,0,2021,3,30,809,8,9,2,9,27481,7575,17.69999999999999,0,Medium
538492,20.4452,84.8536,323.6,1.2,1.1,2023-03-04,804,1,MODIS,51,61.03,308.1,10.9,1,0,2023,3,4,804,8,4,2,1,73921,19544,15.5,0,Medium
638350,25.9271,77.7703,308.9,1.1,1.1,2024-05-01,1614,0,MODIS,76,61.03,292.6,9.0,0,0,2024,5,1,1614,16,14,2,4,76528,7507,16.299999999999955,0,Low
126600,22.9538,79.7629,326.8,1.3,1.1,2018-04-01,538,0,MODIS,59,6.03,313.0,8.5,1,0,2018,4,1,538,5,38,2,5,47348,16741,13.800000000000011,0,Low
1030,26.7436,95.2102,321.0,1.3,1.1,2017-01-09,441,0,MODIS,70,6.2,283.9,30.2,1,0,2017,1,9,441,4,41,1,11,41370,4936,37.10000000000002,0,High
561364,27.2066,88.4712,333.9,1.1,1.0,2023-04-14,729,1,MODIS,87,61.03,299.2,30.6,1,0,2023,4,14,729,7,29,2,8,33148,7372,34.69999999999999,1,High
540560,25.2882,93.7302,320.2,3.2,1.7,2023-03-06,751,1,MODIS,57,61.03,292.8,74.2,1,0,2023,3,6,751,7,51,2,11,41370,18499,27.399999999999977,0,Extreme
467954,20.7126,81.1324,328.5,1.9,1.3,2022-03-30,736,1,MODIS,0,6.03,314.8,25.6,1,0,2022,3,30,736,7,36,2,13,47964,18871,13.699999999999989,0,Medium
635347,19.9531,83.6331,334.4,1.9,1.3,2024-04-25,842,1,MODIS,79,61.03,307.7,48.2,1,0,2024,4,25,842,8,42,2,1,73921,9197,26.69999999999999,0,High
120975,23.4081,82.5443,326.3,1.0,1.0,2018-03-26,746,1,MODIS,14,6.03,313.6,6.7,1,0,2018,3,26,746,7,46,2,5,47348,12422,12.699999999999989,0,Low
307779,30.4306,75.2442,329.5,1.1,1.0,2020-11-04,824,1,MODIS,81,6.03,301.4,24.0,1,0,2020,11,4,824,8,24,4,0,167610,73042,28.100000000000023,1,Medium
456425,17.7306,82.2497,322.0,1.2,1.1,2022-03-17,807,1,MODIS,42,6.03,307.7,10.5,1,0,2022,3,17,807,8,7,2,13,47964,18871,14.300000000000011,0,Medium
651724,20.4182,85.0574,318.5,1.1,1.0,2024-10-10,419,0,MODIS,54,61.03,304.7,11.4,1,0,2024,10,10,419,4,19,4,1,73921,2278,13.800000000000011,0,Medium
748695,30.0835,75.9323,322.7,1.0,1.0,2025-11-06,941,1,MODIS,78,61.03,301.4,15.7,1,0,2025,11,6,941,9,41,4,0,167610,73042,21.30000000000001,0,Medium
720176,18.8597,80.1224,346.1,1.1,1.0,2025-04-04,909,1,MODIS,92,61.03,308.6,39.1,1,0,2025,4,4,909,9,9,2,13,47964,11656,37.5,1,High
167660,24.2061,82.7217,304.9,1.0,1.0,2018-11-18,1640,0,MODIS,62,6.03,290.9,8.1,0,2,2018,11,18,1640,16,40,4,5,47348,5930,14.0,0,Low
405984,31.4716,74.6397,356.9,1.3,1.1,2021-05-27,533,0,MODIS,97,6.03,319.0,84.2,1,0,2021,5,27,533,5,33,2,0,167610,31628,37.89999999999998,1,Extreme
281345,23.8041,77.7663,331.8,2.3,1.5,2020-04-18,602,0,MODIS,72,6.03,309.7,31.6,1,0,2020,4,18,602,6,2,2,4,76528,39620,22.100000000000023,0,High
132287,26.9977,83.576,306.3,1.0,1.0,2018-04-17,1635,0,MODIS,67,6.03,295.6,5.5,0,0,2018,4,17,1635,16,35,2,7,41741,15320,10.699999999999989,0,Low
663048,29.2871,73.5823,318.2,1.3,1.1,2024-11-25,856,1,MODIS,70,61.03,299.4,14.9,1,0,2024,11,25,856,8,56,4,0,167610,73042,18.80000000000001,0,Medium
239029,30.1333,75.452,333.8,1.0,1.0,2019-11-04,811,1,MODIS,84,6.03,300.5,25.0,1,0,2019,11,4,811,8,11,4,0,167610,73042,33.30000000000001,1,Medium
674584,12.3012,77.1598,311.5,1.3,1.1,2025-01-22,444,0,MODIS,54,61.03,296.3,10.0,1,0,2025,1,22,444,4,44,1,6,13460,1313,15.199999999999989,0,Low
564281,11.5002,76.6559,320.2,1.0,1.0,2023-04-18,510,0,MODIS,56,61.03,303.1,10.5,1,0,2023,4,18,510,5,10,2,6,13460,1606,17.099999999999966,0,Medium
116211,20.1141,81.6023,321.6,2.4,1.5,2018-03-23,544,0,MODIS,40,6.03,308.2,22.7,1,0,2018,3,23,544,5,44,2,13,47964,18871,13.400000000000034,0,Medium
463692,19.1131,79.9469,326.8,1.0,1.0,2022-03-26,801,1,MODIS,68,6.03,304.6,9.6,1,0,2022,3,26,801,8,1,2,13,47964,18871,22.19999999999999,0,Low
576797,25.4226,76.0703,325.2,1.1,1.0,2023-10-18,518,0,MODIS,73,61.03,303.2,12.9,1,0,2023,10,18,518,5,18,4,4,76528,1622,22.0,0,Medium
379978,24.8796,83.5597,336.3,1.2,1.1,2021-04-01,757,1,MODIS,78,6.03,319.5,21.8,1,0,2021,4,1,757,7,57,2,12,49232,12010,16.80000000000001,0,Medium
98448,14.2025,75.4445,305.3,1.0,1.0,2018-03-02,2046,1,MODIS,64,6.03,293.5,7.1,0,0,2018,3,2,2046,20,46,2,14,36148,12659,11.800000000000011,0,Low
508261,25.7959,78.8536,317.0,1.7,1.3,2022-11-16,831,1,MODIS,66,6.03,302.4,14.2,1,0,2022,11,16,831,8,31,4,4,76528,9210,14.600000000000025,0,Medium
636989,22.2887,85.5183,330.9,1.0,1.0,2024-04-29,810,1,MODIS,64,61.03,314.9,9.5,1,0,2024,4,29,810,8,10,2,12,49232,12010,16.0,0,Low
558751,24.7664,94.4792,363.1,2.3,1.5,2023-04-12,742,1,MODIS,100,61.03,309.1,293.2,1,0,2023,4,12,742,7,42,2,11,41370,8105,54.0,1,Extreme
602622,24.8918,92.5382,312.9,1.0,1.0,2024-02-07,738,1,MODIS,60,61.03,297.4,7.3,1,0,2024,2,7,738,7,38,1,2,57778,3915,15.5,0,Low
23840,22.8929,92.7892,322.7,1.2,1.1,2017-03-27,720,1,MODIS,72,6.2,299.6,17.8,1,0,2017,3,27,720,7,20,2,2,57778,42248,23.09999999999997,0,Medium
654606,30.7182,75.5,315.6,1.0,1.0,2024-11-03,904,1,MODIS,65,61.03,300.6,8.3,1,0,2024,11,3,904,9,4,4,0,167610,73042,15.0,0,Low
143897,31.069,75.4166,327.8,1.0,1.0,2018-05-16,818,1,MODIS,36,6.03,308.4,9.7,1,0,2018,5,16,818,8,18,2,0,167610,31628,19.400000000000038,0,Low
458781,21.8341,86.7735,350.6,1.6,1.2,2022-03-19,755,1,MODIS,95,6.03,311.8,95.0,1,0,2022,3,19,755,7,55,2,12,49232,10270,38.80000000000001,1,Extreme
164482,30.7866,75.3269,315.2,1.1,1.0,2018-11-10,805,1,MODIS,68,6.03,298.9,8.3,1,0,2018,11,10,805,8,5,4,0,167610,73042,16.30000000000001,0,Low
434385,31.9407,75.5819,302.4,1.4,1.2,2021-12-16,831,1,MODIS,52,6.03,291.3,7.1,1,0,2021,12,16,831,8,31,1,0,167610,3314,11.099999999999966,0,Low
224308,23.7011,69.4765,337.7,1.0,1.0,2019-05-15,841,1,MODIS,72,6.03,314.1,13.3,1,0,2019,5,15,841,8,41,2,10,21095,1118,23.59999999999997,0,Medium
40969,21.7708,83.5812,333.2,1.4,1.2,2017-04-13,803,1,MODIS,48,6.2,318.3,16.3,1,0,2017,4,13,803,8,3,2,1,73921,9197,14.899999999999975,0,Medium
752243,22.036,83.7352,319.4,1.6,1.2,2025-11-15,853,1,MODIS,76,61.03,302.7,25.3,1,2,2025,11,15,853,8,53,4,1,73921,2885,16.69999999999999,0,Medium
673662,23.6781,86.3982,305.4,1.7,1.3,2025-01-18,340,0,MODIS,0,61.03,293.8,10.9,1,2,2025,1,18,340,3,40,1,12,49232,3185,11.599999999999966,0,Medium
703420,18.9685,75.2032,333.3,1.2,1.1,2025-03-18,931,1,MODIS,61,61.03,318.0,12.8,1,0,2025,3,18,931,9,31,2,3,38436,7918,15.300000000000011,0,Medium
320858,21.0778,85.0428,302.9,1.0,1.0,2020-12-09,1638,0,MODIS,52,6.03,291.3,6.6,0,2,2020,12,9,1638,16,38,1,1,73921,11178,11.599999999999966,0,Low
527498,20.9776,80.2791,327.7,2.5,1.5,2023-02-12,841,1,MODIS,77,61.03,304.3,71.4,1,0,2023,2,12,841,8,41,1,5,47348,2034,23.399999999999977,0,Extreme
682144,22.8327,77.7209,317.8,1.2,1.1,2025-02-15,854,1,MODIS,66,61.03,303.5,10.0,1,0,2025,2,15,854,8,54,1,4,76528,2331,14.300000000000011,0,Low
723122,19.6438,73.4082,314.7,1.7,1.3,2025-04-07,1602,0,MODIS,88,61.03,298.1,20.1,0,0,2025,4,7,1602,16,2,2,3,38436,3037,16.599999999999966,1,Medium
563494,23.6851,77.5461,341.1,2.0,1.4,2023-04-17,757,1,MODIS,81,61.03,313.9,62.6,1,0,2023,4,17,757,7,57,2,4,76528,39620,27.200000000000045,1,Extreme
290325,23.6377,77.9663,342.3,1.0,1.0,2020-05-17,531,0,MODIS,83,6.03,321.3,14.1,1,0,2020,5,17,531,5,31,2,4,76528,7507,21.0,0,Medium
198700,25.2557,93.8454,322.9,1.0,1.0,2019-03-29,435,0,MODIS,65,6.03,300.1,16.8,1,0,2019,3,29,435,4,35,2,11,41370,18499,22.799999999999955,0,Medium
146609,31.049,77.1812,324.6,1.0,1.0,2018-05-25,812,1,MODIS,33,6.03,312.2,7.9,1,0,2018,5,25,812,8,12,2,0,167610,31628,12.400000000000034,0,Low
337003,24.9667,93.3935,338.3,1.8,1.3,2021-02-24,644,1,MODIS,90,6.03,294.2,86.7,1,0,2021,2,24,644,6,44,1,2,57778,3915,44.10000000000002,1,Extreme
269442,24.8903,93.1716,333.6,1.0,1.0,2020-03-30,702,1,MODIS,84,6.03,306.1,26.7,1,0,2020,3,30,702,7,2,2,2,57778,42248,27.5,1,Medium
405372,20.411,79.1511,335.2,1.0,1.0,2021-05-17,809,1,MODIS,67,6.03,303.0,18.9,1,0,2021,5,17,809,8,9,2,9,27481,1637,32.19999999999999,0,Medium
127848,25.6209,92.7923,317.2,1.2,1.1,2018-04-03,657,1,MODIS,56,6.03,301.5,9.1,1,0,2018,4,3,657,6,57,2,8,33148,7372,15.699999999999989,0,Low
93734,20.281,82.4927,319.6,1.1,1.1,2018-02-22,745,1,MODIS,40,6.03,305.7,7.2,1,0,2018,2,22,745,7,45,1,1,73921,9366,13.900000000000034,0,Low
706954,16.7386,81.6676,323.0,1.0,1.0,2025-03-24,407,0,MODIS,75,61.03,299.2,15.2,1,2,2025,3,24,407,4,7,2,13,47964,18871,23.80000000000001,0,Medium
630041,27.8286,95.0887,314.8,1.5,1.2,2024-04-14,746,1,MODIS,49,61.03,302.1,9.1,1,0,2024,4,14,746,7,46,2,11,41370,8105,12.699999999999989,0,Low
403547,29.7602,75.3557,327.9,1.2,1.1,2021-05-07,558,0,MODIS,64,6.03,306.7,10.5,1,0,2021,5,7,558,5,58,2,0,167610,31628,21.19999999999999,0,Medium
53011,31.5054,75.2682,332.2,1.0,1.0,2017-05-06,812,1,MODIS,62,6.2,315.2,10.6,1,0,2017,5,6,812,8,12,2,0,167610,31628,17.0,0,Medium
138875,19.9104,83.5398,353.2,1.3,1.1,2018-05-02,803,1,MODIS,95,6.03,310.7,72.5,1,0,2018,5,2,803,8,3,2,1,73921,4396,42.5,1,Extreme
258473,23.7555,85.8521,303.8,1.1,1.0,2020-03-12,1640,0,MODIS,57,6.03,293.6,6.1,0,2,2020,3,12,1640,16,40,2,12,49232,10270,10.199999999999989,0,Low
716258,22.3196,76.5716,327.7,1.0,1.0,2025-03-30,911,1,MODIS,62,61.03,312.0,10.7,1,0,2025,3,30,911,9,11,2,4,76528,13167,15.699999999999989,0,Medium
112766,22.1778,84.8252,328.2,1.0,1.0,2018-03-19,739,1,MODIS,0,6.03,314.3,7.9,1,0,2018,3,19,739,7,39,2,1,73921,19544,13.899999999999975,0,Low
299335,31.1124,74.7798,350.1,1.3,1.1,2020-10-26,830,1,MODIS,95,6.03,303.6,74.6,1,0,2020,10,26,830,8,30,4,0,167610,39610,46.5,1,Extreme
470143,21.3109,70.6873,339.8,1.4,1.2,2022-04-03,535,0,MODIS,82,6.03,314.4,35.9,1,0,2022,4,3,535,5,35,2,10,21095,4258,25.400000000000038,1,High
429889,30.3288,74.3628,314.8,1.0,1.0,2021-11-16,818,1,MODIS,57,6.03,300.3,7.1,1,0,2021,11,16,818,8,18,4,0,167610,73042,14.5,0,Low
443176,30.4179,77.4,302.7,1.1,1.0,2022-02-21,540,0,MODIS,53,6.03,292.4,3.7,1,0,2022,2,21,540,5,40,1,0,167610,2711,10.300000000000011,0,Low
771343,23.1647,82.3439,303.8,1.3,1.1,2026-01-24,333,0,MODIS,57,61.03,291.9,7.6,1,2,2026,1,24,333,3,33,1,5,47348,1762,11.900000000000034,0,Low
90338,29.1287,77.1376,307.7,1.1,1.1,2018-02-09,818,1,MODIS,51,6.03,296.0,6.7,1,0,2018,2,9,818,8,18,1,0,167610,2711,11.699999999999989,0,Low
189449,23.3977,92.8692,341.8,1.8,1.3,2019-03-15,733,1,MODIS,90,6.03,298.2,97.2,1,0,2019,3,15,733,7,33,2,2,57778,42248,43.60000000000002,1,Extreme
98714,21.0018,85.4807,323.5,1.0,1.0,2018-03-03,739,1,MODIS,49,6.03,308.9,8.5,1,0,2018,3,3,739,7,39,2,1,73921,19544,14.600000000000025,0,Low
619443,29.4664,76.8933,305.4,1.0,1.0,2024-03-23,2110,1,MODIS,64,61.03,290.7,8.2,0,2,2024,3,23,2110,21,10,2,0,167610,2014,14.699999999999989,0,Low
332009,31.071,77.8729,306.9,2.1,1.4,2021-02-08,510,0,MODIS,47,6.03,292.3,19.8,1,0,2021,2,8,510,5,10,1,0,167610,2711,14.599999999999966,0,Medium
558752,24.7816,94.4983,412.9,2.4,1.5,2023-04-12,742,1,MODIS,100,61.03,315.3,1152.4,1,0,2023,4,12,742,7,42,2,11,41370,8105,97.59999999999997,1,
714408,25.4839,93.086,337.6,2.1,1.4,2025-03-29,832,1,MODIS,88,61.03,304.5,80.6,1,0,2025,3,29,832,8,32,2,8,33148,19990,33.10000000000002,1,Extreme
557901,24.1634,78.8348,330.7,1.8,1.3,2023-04-11,838,1,MODIS,52,61.03,315.2,20.6,1,0,2023,4,11,838,8,38,2,4,76528,39620,15.5,0,Medium
423310,30.7492,75.4421,319.8,1.0,1.0,2021-11-09,812,1,MODIS,69,6.03,302.1,9.8,1,0,2021,11,9,812,8,12,4,0,167610,73042,17.69999999999999,0,Low
53078,31.6114,74.5595,330.8,1.0,1.0,2017-05-06,812,1,MODIS,39,6.2,313.2,9.7,1,0,2017,5,6,812,8,12,2,0,167610,31628,17.600000000000023,0,Low
88925,18.4971,79.9055,328.4,1.0,1.0,2018-02-02,809,1,MODIS,76,6.03,309.7,15.9,1,0,2018,2,2,809,8,9,1,13,47964,5221,18.69999999999999,0,Medium
548853,8.647,76.8756,315.9,2.3,1.5,2023-03-17,859,1,MODIS,65,61.03,295.8,17.7,1,0,2023,3,17,859,8,59,2,6,13460,3928,20.09999999999997,0,Medium
590172,29.6071,75.334,313.3,1.0,1.0,2023-11-22,833,1,MODIS,58,61.03,301.1,5.8,1,0,2023,11,22,833,8,33,4,0,167610,73042,12.199999999999989,0,Low
632975,25.4227,76.6139,305.8,1.1,1.1,2024-04-19,1620,0,MODIS,23,61.03,295.7,4.3,0,0,2024,4,19,1620,16,20,2,4,76528,39620,10.100000000000025,0,Low
316169,24.7183,75.0397,319.6,1.0,1.0,2020-11-14,549,0,MODIS,68,6.03,304.1,8.0,1,0,2020,11,14,549,5,49,4,4,76528,9210,15.5,0,Low
578902,31.8256,74.901,313.5,1.4,1.2,2023-10-29,818,1,MODIS,64,61.03,299.0,10.5,1,0,2023,10,29,818,8,18,4,0,167610,39610,14.5,0,Medium
204980,19.4757,81.0303,339.7,1.1,1.1,2019-04-10,809,1,MODIS,54,6.03,315.3,30.2,1,0,2019,4,10,809,8,9,2,13,47964,11656,24.399999999999977,0,High
550056,25.2621,90.5008,317.8,2.1,1.4,2023-03-27,755,1,MODIS,33,61.03,297.1,24.5,1,0,2023,3,27,755,7,55,2,8,33148,19990,20.69999999999999,0,Medium
597373,23.3983,68.7614,307.2,1.0,1.0,2024-01-06,531,0,MODIS,54,61.03,296.2,4.3,1,0,2024,1,6,531,5,31,1,10,21095,2544,11.0,0,Low
490450,31.5556,76.0669,306.4,1.1,1.1,2022-05-19,2104,1,MODIS,68,6.03,294.9,5.2,0,0,2022,5,19,2104,21,4,2,0,167610,31628,11.5,0,Low
53693,29.0787,76.9037,334.4,1.1,1.1,2017-05-08,759,1,MODIS,64,6.2,315.1,14.2,1,0,2017,5,8,759,7,59,2,0,167610,31628,19.299999999999955,0,Medium
450145,28.0817,94.7346,313.4,1.1,1.0,2022-03-11,708,1,MODIS,63,6.03,301.2,8.3,1,0,2022,3,11,708,7,8,2,11,41370,18499,12.199999999999989,0,Low
313063,30.3955,74.5617,325.3,1.8,1.3,2020-11-09,842,1,MODIS,79,6.03,301.3,39.4,1,0,2020,11,9,842,8,42,4,0,167610,73042,24.0,0,High
22592,27.7953,95.0376,319.7,1.1,1.0,2017-03-24,651,1,MODIS,61,6.2,299.5,11.8,1,0,2017,3,24,651,6,51,2,11,41370,18499,20.19999999999999,0,Medium
190065,23.3798,92.9489,352.3,2.7,1.6,2019-03-16,638,1,MODIS,96,6.03,295.1,261.9,1,0,2019,3,16,638,6,38,2,2,57778,42248,57.19999999999999,1,Extreme
734648,25.9421,77.9859,333.1,1.9,1.3,2025-04-26,845,1,MODIS,72,61.03,314.1,32.6,1,0,2025,4,26,845,8,45,2,4,76528,39620,19.0,0,High
15256,21.0622,84.6504,320.6,2.0,1.4,2017-03-03,809,1,MODIS,38,6.2,305.3,22.0,1,0,2017,3,3,809,8,9,2,1,73921,19544,15.300000000000011,0,Medium
536272,26.7288,91.0022,320.7,1.2,1.1,2023-03-01,736,1,MODIS,74,61.03,299.8,17.3,1,0,2023,3,1,736,7,36,2,8,33148,19990,20.899999999999977,0,Medium
19060,25.7114,90.9225,343.7,1.9,1.3,2017-03-16,739,1,MODIS,92,6.2,300.8,106.6,1,0,2017,3,16,739,7,39,2,8,33148,19990,42.89999999999998,1,Extreme
427083,30.5923,74.9103,320.4,2.1,1.4,2021-11-13,747,1,MODIS,48,6.03,303.4,26.2,1,0,2021,11,13,747,7,47,4,0,167610,73042,17.0,0,Medium
294257,31.6366,75.1044,323.8,1.0,1.0,2020-09-26,818,1,MODIS,55,6.03,306.2,9.0,1,0,2020,9,26,818,8,18,4,0,167610,648,17.600000000000023,0,Low
37308,23.0904,77.4492,338.6,1.0,1.0,2017-04-11,816,1,MODIS,77,6.2,321.0,18.1,1,0,2017,4,11,816,8,16,2,4,76528,39620,17.600000000000023,0,Medium
451409,14.9457,74.9274,324.1,1.0,1.0,2022-03-13,831,1,MODIS,57,6.03,310.3,7.9,1,0,2022,3,13,831,8,31,2,3,38436,7918,13.800000000000011,0,Low
439954,21.6857,82.5938,328.9,1.9,1.3,2022-02-04,816,1,MODIS,83,6.03,301.3,50.7,1,0,2022,2,4,816,8,16,1,1,73921,9366,27.59999999999997,1,High
128053,25.7194,92.643,351.0,1.2,1.1,2018-04-03,657,1,MODIS,96,6.03,301.3,75.8,1,0,2018,4,3,657,6,57,2,8,33148,7372,49.69999999999999,1,Extreme
341596,19.9424,82.155,328.2,1.1,1.0,2021-03-03,519,0,MODIS,76,6.03,314.0,12.0,1,0,2021,3,3,519,5,19,2,13,47964,18871,14.199999999999989,0,Medium
351189,23.2897,92.6733,351.7,2.2,1.4,2021-03-12,643,1,MODIS,91,6.03,290.8,184.5,1,0,2021,3,12,643,6,43,2,2,57778,42248,60.89999999999998,1,Extreme
539283,21.3652,86.7859,321.8,1.0,1.0,2023-03-05,431,0,MODIS,62,61.03,309.0,6.6,1,0,2023,3,5,431,4,31,2,1,73921,19544,12.800000000000011,0,Low
211275,25.3085,84.1318,328.5,1.0,1.0,2019-04-24,512,0,MODIS,59,6.03,309.9,9.4,1,0,2019,4,24,512,5,12,2,12,49232,12010,18.600000000000023,0,Low
770149,24.5895,81.0002,301.6,1.5,1.2,2026-01-20,412,0,MODIS,42,61.03,288.1,6.0,1,0,2026,1,20,412,4,12,1,5,47348,1762,13.5,0,Low
476412,27.2109,83.4295,324.3,1.4,1.2,2022-04-21,521,0,MODIS,62,6.03,303.0,15.9,1,0,2022,4,21,521,5,21,2,7,41741,15320,21.30000000000001,0,Medium
711871,24.3208,81.3112,335.4,1.0,1.0,2025-03-27,852,1,MODIS,79,61.03,313.4,19.9,1,0,2025,3,27,852,8,52,2,5,47348,12422,22.0,0,Medium
202628,23.5965,78.0615,333.7,1.0,1.0,2019-04-04,537,0,MODIS,66,6.03,321.5,9.6,1,0,2019,4,4,537,5,37,2,4,76528,39620,12.199999999999989,0,Low
180872,21.3007,74.8545,318.4,1.1,1.0,2019-02-13,550,0,MODIS,59,6.03,300.6,10.2,1,0,2019,2,13,550,5,50,1,10,21095,2073,17.799999999999955,0,Medium
553050,17.2319,81.652,327.0,1.3,1.1,2023-04-06,822,1,MODIS,0,61.03,309.7,18.4,1,0,2023,4,6,822,8,22,2,13,47964,11656,17.30000000000001,0,Medium
524620,19.0978,84.2762,321.9,1.0,1.0,2023-02-04,755,1,MODIS,69,61.03,308.7,8.6,1,0,2023,2,4,755,7,55,1,1,73921,9366,13.199999999999989,0,Low
13348,26.7273,82.3363,318.7,1.0,1.0,2017-03-01,512,0,MODIS,63,6.2,304.4,7.7,1,0,2017,3,1,512,5,12,2,7,41741,3895,14.300000000000011,0,Low
177232,21.7137,72.9634,314.2,1.1,1.0,2019-01-21,544,0,MODIS,54,6.03,299.5,7.5,1,2,2019,1,21,544,5,44,1,10,21095,2544,14.699999999999989,0,Low
668138,33.0813,75.3796,306.5,1.3,1.1,2024-12-17,846,1,MODIS,64,61.03,283.1,14.4,1,0,2024,12,17,846,8,46,1,0,167610,3314,23.399999999999977,0,Medium
532062,27.3847,72.0266,328.8,1.2,1.1,2023-02-23,550,0,MODIS,28,61.03,306.0,19.0,1,0,2023,2,23,550,5,50,1,0,167610,2711,22.80000000000001,0,Medium
134226,22.8889,77.3537,329.7,1.8,1.3,2018-04-22,557,0,MODIS,52,6.03,315.8,16.6,1,0,2018,4,22,557,5,57,2,4,76528,39620,13.899999999999975,0,Medium
383480,22.7659,78.276,317.2,1.1,1.0,2021-04-03,1708,0,MODIS,95,6.03,291.7,16.7,0,0,2021,4,3,1708,17,8,2,4,76528,39620,25.5,0,Medium
63714,30.2667,76.2117,315.9,1.4,1.2,2017-10-24,753,1,MODIS,63,6.2,304.2,10.0,1,0,2017,10,24,753,7,53,4,0,167610,39610,11.699999999999989,0,Low
652567,14.3641,76.586,321.8,1.2,1.1,2024-10-24,853,1,MODIS,76,61.03,298.1,18.1,1,0,2024,10,24,853,8,53,4,14,36148,823,23.69999999999999,0,Medium
503821,22.824,78.5803,317.1,2.3,1.5,2022-11-08,744,1,MODIS,64,6.03,304.3,22.0,1,0,2022,11,8,744,7,44,4,4,76528,9210,12.800000000000011,0,Medium
458380,13.8719,79.1322,311.6,2.5,1.5,2022-03-18,1628,0,MODIS,64,6.03,294.1,32.0,0,0,2022,3,18,1628,16,28,2,14,36148,12659,17.5,0,High
499951,30.1504,76.3543,325.9,1.1,1.0,2022-11-02,825,1,MODIS,79,6.03,300.4,18.0,1,0,2022,11,2,825,8,25,4,0,167610,73042,25.5,0,Medium
714128,24.416,92.6423,332.1,1.9,1.3,2025-03-29,832,1,MODIS,82,61.03,300.6,57.3,1,0,2025,3,29,832,8,32,2,2,57778,42248,31.5,1,High
716334,22.5518,75.3262,333.4,1.1,1.1,2025-03-30,911,1,MODIS,73,61.03,316.6,15.4,1,0,2025,3,30,911,9,11,2,4,76528,13167,16.799999999999955,0,Medium
361453,24.282,92.6135,317.0,1.2,1.1,2021-03-22,720,1,MODIS,47,6.03,301.4,7.4,1,0,2021,3,22,720,7,20,2,2,57778,42248,15.600000000000025,0,Low
327452,21.6414,84.1385,312.0,3.5,1.8,2021-01-19,708,1,MODIS,54,6.03,297.7,34.4,1,0,2021,1,19,708,7,8,1,1,73921,10736,14.300000000000011,0,High
164560,31.1064,75.5269,323.3,1.1,1.0,2018-11-10,806,1,MODIS,79,6.03,298.7,17.5,1,0,2018,11,10,806,8,6,4,0,167610,73042,24.600000000000023,0,Medium
571749,22.4381,80.1852,333.1,1.0,1.0,2023-05-19,458,0,MODIS,61,61.03,314.3,9.9,1,0,2023,5,19,458,4,58,2,5,47348,4086,18.80000000000001,0,Low
255405,21.732,84.3788,317.0,1.5,1.2,2020-02-23,726,1,MODIS,63,6.03,301.9,11.6,1,0,2020,2,23,726,7,26,1,1,73921,9366,15.100000000000025,0,Medium
198209,23.7942,92.1433,334.2,1.2,1.1,2019-03-28,702,1,MODIS,38,6.03,293.0,27.4,1,0,2019,3,28,702,7,2,2,2,57778,42248,41.19999999999999,0,Medium
219749,23.7632,80.2664,334.8,1.0,1.0,2019-05-08,525,0,MODIS,69,6.03,318.0,11.5,1,0,2019,5,8,525,5,25,2,5,47348,4086,16.80000000000001,0,Medium
490208,25.1856,77.0453,338.2,1.9,1.3,2022-05-18,502,0,MODIS,78,6.03,314.9,42.1,1,0,2022,5,18,502,5,2,2,4,76528,7507,23.30000000000001,0,High
460753,25.1952,93.0488,322.0,1.6,1.3,2022-03-22,649,1,MODIS,60,6.03,300.0,20.3,1,0,2022,3,22,649,6,49,2,8,33148,19990,22.0,0,Medium
489966,16.3222,80.5058,330.3,1.6,1.3,2022-05-16,825,1,MODIS,64,6.03,303.4,21.2,1,0,2022,5,16,825,8,25,2,13,47964,4838,26.900000000000038,0,Medium
503673,30.2777,75.5291,326.5,1.7,1.3,2022-11-07,842,1,MODIS,80,6.03,298.9,35.3,1,0,2022,11,7,842,8,42,4,0,167610,73042,27.600000000000023,0,High
660425,30.4478,74.7315,319.5,1.1,1.0,2024-11-18,912,1,MODIS,56,61.03,299.9,11.8,1,0,2024,11,18,912,9,12,4,0,167610,73042,19.600000000000023,0,Medium
6689,17.5033,73.905,322.7,1.0,1.0,2017-02-11,833,1,MODIS,38,6.2,310.7,7.2,1,0,2017,2,11,833,8,33,1,3,38436,8837,12.0,0,Low
603090,27.5278,71.9315,316.1,1.2,1.1,2024-02-09,535,0,MODIS,26,61.03,301.9,7.8,1,0,2024,2,9,535,5,35,1,0,167610,2711,14.200000000000044,0,Low
553893,18.5611,81.209,341.9,1.0,1.0,2023-04-08,809,1,MODIS,88,61.03,304.5,35.9,1,0,2023,4,8,809,8,9,2,13,47964,11656,37.39999999999998,1,High
115833,22.1069,83.405,331.1,1.7,1.3,2018-03-22,810,1,MODIS,71,6.03,313.4,23.1,1,0,2018,3,22,810,8,10,2,1,73921,19544,17.700000000000045,0,Medium
19928,19.6255,83.379,326.5,2.0,1.4,2017-03-18,726,1,MODIS,59,6.2,300.4,42.9,1,0,2017,3,18,726,7,26,2,1,73921,19544,26.100000000000023,0,High
736550,21.1029,72.6395,330.5,1.0,1.0,2025-04-30,1627,0,MODIS,100,61.03,299.5,0.0,0,2,2025,4,30,1627,16,27,2,10,21095,4258,31.0,0,
658022,22.8069,77.9908,315.3,1.2,1.1,2024-11-13,908,1,MODIS,54,61.03,304.3,6.8,1,0,2024,11,13,908,9,8,4,4,76528,9210,11.0,0,Low
669357,21.6237,74.4942,315.2,1.2,1.1,2024-12-23,924,1,MODIS,67,61.03,298.1,9.7,1,0,2024,12,23,924,9,24,1,10,21095,1721,17.099999999999966,0,Low
396564,17.1448,74.143,303.8,2.3,1.5,2021-04-21,1655,0,MODIS,57,6.03,292.6,13.3,0,0,2021,4,21,1655,16,55,2,3,38436,3037,11.199999999999989,0,Medium
52709,24.1333,82.5491,333.5,1.6,1.2,2017-05-06,810,1,MODIS,48,6.2,314.9,17.3,1,0,2017,5,6,810,8,10,2,5,47348,4086,18.600000000000023,0,Medium
665390,18.0423,74.5313,308.6,1.2,1.1,2024-12-09,500,0,MODIS,45,61.03,297.8,5.4,1,0,2024,12,9,500,5,0,1,3,38436,5945,10.800000000000011,0,Low
134942,23.8397,81.5623,332.8,1.4,1.2,2018-04-23,810,1,MODIS,60,6.03,317.3,13.1,1,0,2018,4,23,810,8,10,2,5,47348,16741,15.5,0,Medium
752074,29.3237,76.4344,317.8,1.5,1.2,2025-11-14,954,1,MODIS,74,61.03,297.4,22.6,1,0,2025,11,14,954,9,54,4,0,167610,73042,20.400000000000038,0,Medium
459326,25.6184,91.0202,312.2,1.4,1.2,2022-03-20,701,1,MODIS,20,6.03,299.3,7.3,1,0,2022,3,20,701,7,1,2,8,33148,19990,12.899999999999975,0,Low
756506,22.665,87.5033,313.9,1.0,1.0,2025-11-28,901,1,MODIS,68,61.03,301.5,6.4,1,0,2025,11,28,901,9,1,4,12,49232,3375,12.399999999999975,0,Low
250907,19.868,74.4161,317.1,1.3,1.1,2020-01-22,557,0,MODIS,64,6.03,299.6,11.9,1,0,2020,1,22,557,5,57,1,3,38436,8477,17.5,0,Medium
87828,20.8336,74.6926,325.4,1.1,1.1,2018-01-29,834,1,MODIS,68,6.03,312.9,10.0,1,0,2018,1,29,834,8,34,1,10,21095,2544,12.5,0,Low
531583,19.223,73.8052,330.8,1.8,1.3,2023-02-21,2040,1,MODIS,100,61.03,293.7,70.7,0,0,2023,2,21,2040,20,40,1,3,38436,8837,37.10000000000002,1,Extreme
683280,12.7431,77.2936,323.2,1.0,1.0,2025-02-18,911,1,MODIS,62,61.03,310.6,7.7,1,0,2025,2,18,911,9,11,1,6,13460,3893,12.599999999999966,0,Low
488728,17.717,78.6737,345.9,1.0,1.0,2022-05-09,511,0,MODIS,91,6.03,299.3,43.8,1,0,2022,5,9,511,5,11,2,9,27481,1637,46.599999999999966,1,High
378046,19.0585,79.972,329.8,1.1,1.0,2021-04-01,756,1,MODIS,47,6.03,315.0,8.0,1,0,2021,4,1,756,7,56,2,13,47964,11656,14.800000000000011,0,Low
65716,30.0508,76.1341,319.4,1.1,1.1,2017-10-28,554,0,MODIS,72,6.2,301.4,12.4,1,0,2017,10,28,554,5,54,4,0,167610,39610,18.0,0,Medium
671369,31.6259,76.1589,306.5,1.1,1.1,2025-01-04,910,1,MODIS,64,61.03,295.3,5.6,1,0,2025,1,4,910,9,10,1,0,167610,2724,11.199999999999989,0,Low
230333,23.772,86.3897,328.9,1.4,1.2,2019-06-24,751,1,MODIS,71,6.03,300.3,21.8,1,2,2019,6,24,751,7,51,3,12,49232,1005,28.59999999999997,0,Medium
748724,30.0313,74.772,327.2,1.0,1.0,2025-11-06,941,1,MODIS,81,61.03,300.4,21.1,1,0,2025,11,6,941,9,41,4,0,167610,73042,26.80000000000001,1,Medium
361136,24.5526,93.3211,365.1,1.3,1.1,2021-03-22,720,1,MODIS,100,6.03,305.1,132.0,1,0,2021,3,22,720,7,20,2,2,57778,42248,60.0,1,Extreme
169671,21.3558,81.3161,313.3,1.1,1.0,2018-11-28,750,1,MODIS,58,6.03,300.4,6.3,1,0,2018,11,28,750,7,50,4,5,47348,5930,12.900000000000034,0,Low
237894,30.981,75.0053,322.3,1.6,1.2,2019-10-31,836,1,MODIS,75,6.03,299.6,23.4,1,0,2019,10,31,836,8,36,4,0,167610,39610,22.69999999999999,0,Medium
137507,27.2129,83.429,329.9,1.0,1.0,2018-04-28,519,0,MODIS,74,6.03,303.5,14.4,1,0,2018,4,28,519,5,19,2,7,41741,15320,26.399999999999977,0,Medium
27625,21.5496,78.1562,334.9,2.0,1.4,2017-03-31,834,1,MODIS,69,6.2,316.6,31.2,1,0,2017,3,31,834,8,34,2,4,76528,13167,18.299999999999955,0,High
99786,16.1016,79.1199,338.5,1.2,1.1,2018-03-04,820,1,MODIS,83,6.03,314.7,31.6,1,0,2018,3,4,820,8,20,2,14,36148,12659,23.80000000000001,1,High
225116,24.2367,77.9691,335.8,2.1,1.4,2019-05-19,507,0,MODIS,72,6.03,313.6,25.9,1,0,2019,5,19,507,5,7,2,4,76528,7507,22.19999999999999,0,Medium
18,20.3598,85.3427,310.5,2.6,1.6,2017-01-01,532,0,MODIS,0,6.2,297.7,22.6,1,0,2017,1,1,532,5,32,1,1,73921,10736,12.800000000000011,0,Medium
326993,21.6591,82.4814,317.5,1.9,1.3,2021-01-16,815,1,MODIS,66,6.03,305.5,16.9,1,0,2021,1,16,815,8,15,1,1,73921,10736,12.0,0,Medium
255218,25.502,94.3255,359.3,1.5,1.2,2020-02-22,644,1,MODIS,99,6.03,287.3,152.2,1,0,2020,2,22,644,6,44,1,11,41370,5791,72.0,1,Extreme
98050,13.999,78.342,332.9,1.6,1.2,2018-03-02,832,1,MODIS,67,6.03,315.0,25.5,1,0,2018,3,2,832,8,32,2,14,36148,12659,17.899999999999977,0,Medium
244540,30.341,74.7295,316.4,1.1,1.0,2019-11-18,824,1,MODIS,65,6.03,301.0,8.8,1,0,2019,11,18,824,8,24,4,0,167610,73042,15.399999999999975,0,Low
158384,27.7124,77.4198,324.3,1.1,1.1,2018-11-03,758,1,MODIS,73,6.03,304.3,16.0,1,0,2018,11,3,758,7,58,4,0,167610,73042,20.0,0,Medium
485453,19.8737,83.995,328.0,1.4,1.2,2022-05-01,733,1,MODIS,67,6.03,302.1,23.2,1,0,2022,5,1,733,7,33,2,1,73921,4396,25.899999999999977,0,Medium
587176,30.3276,75.064,343.1,1.0,1.0,2023-11-15,837,1,MODIS,91,61.03,302.5,42.3,1,0,2023,11,15,837,8,37,4,0,167610,73042,40.60000000000002,1,High
177790,21.7331,83.2449,314.9,1.0,1.0,2019-01-24,744,1,MODIS,56,6.03,303.0,5.5,1,0,2019,1,24,744,7,44,1,1,73921,10736,11.899999999999975,0,Low
526056,22.2972,86.0843,312.8,1.2,1.1,2023-02-09,427,0,MODIS,62,61.03,299.4,7.0,1,0,2023,2,9,427,4,27,1,12,49232,3888,13.400000000000034,0,Low
150178,22.3274,82.6662,318.7,1.1,1.0,2018-10-05,520,0,MODIS,32,6.03,304.2,8.1,1,2,2018,10,5,520,5,20,4,1,73921,2278,14.5,0,Low
387329,24.5535,83.3686,331.9,2.4,1.5,2021-04-06,816,1,MODIS,72,6.03,313.6,39.9,1,0,2021,4,6,816,8,16,2,12,49232,12010,18.299999999999955,0,High
675733,17.3395,74.9835,320.9,1.0,1.0,2025-01-27,445,0,MODIS,72,61.03,304.0,10.8,1,0,2025,1,27,445,4,45,1,3,38436,8477,16.899999999999977,0,Medium
338279,23.2305,78.7813,325.2,1.0,1.0,2021-02-26,809,1,MODIS,66,6.03,313.6,7.9,1,0,2021,2,26,809,8,9,1,4,76528,2331,11.599999999999966,0,Low
41487,23.0579,75.4919,335.9,1.0,1.0,2017-04-14,537,0,MODIS,62,6.2,321.1,11.4,1,0,2017,4,14,537,5,37,2,4,76528,39620,14.799999999999956,0,Medium
510958,23.5477,87.2436,312.4,1.0,1.0,2022-11-25,442,0,MODIS,49,6.03,299.8,6.1,1,2,2022,11,25,442,4,42,4,12,49232,3375,12.599999999999966,0,Low
653319,31.1312,75.3437,319.0,1.0,1.0,2024-10-29,901,1,MODIS,68,61.03,305.4,7.2,1,2,2024,10,29,901,9,1,4,0,167610,39610,13.600000000000025,0,Low
339930,25.7363,92.1572,316.3,1.1,1.0,2021-03-01,702,1,MODIS,16,6.03,302.1,6.7,1,0,2021,3,1,702,7,2,2,8,33148,19990,14.199999999999989,0,Low
564939,26.4516,83.545,342.4,1.2,1.1,2023-04-19,743,1,MODIS,87,61.03,310.7,35.1,1,0,2023,4,19,743,7,43,2,12,49232,12010,31.69999999999999,1,High
488012,23.5848,77.8274,335.6,1.0,1.0,2022-05-07,521,0,MODIS,56,6.03,314.9,9.4,1,0,2022,5,7,521,5,21,2,4,76528,7507,20.700000000000045,0,Low
74480,21.0819,74.3479,323.1,1.1,1.1,2017-11-21,815,1,MODIS,73,6.2,299.1,10.9,1,0,2017,11,21,815,8,15,4,10,21095,1837,24.0,0,Medium
631664,26.4907,83.5516,338.3,1.0,1.0,2024-04-17,811,1,MODIS,82,61.03,312.8,21.8,1,0,2024,4,17,811,8,11,2,12,49232,12010,25.5,1,Medium
413245,29.8961,76.4785,317.1,1.1,1.0,2021-10-31,818,1,MODIS,67,6.03,302.8,8.4,1,0,2021,10,31,818,8,18,4,0,167610,39610,14.300000000000011,0,Low
657348,30.4622,76.3387,311.5,1.1,1.0,2024-11-10,849,1,MODIS,54,61.03,298.8,5.2,1,0,2024,11,10,849,8,49,4,0,167610,73042,12.699999999999989,0,Low
497411,30.4238,75.4788,319.4,1.2,1.1,2022-10-28,809,1,MODIS,69,6.03,302.3,13.6,1,0,2022,10,28,809,8,9,4,0,167610,39610,17.099999999999966,0,Medium
757103,16.7643,74.6827,307.4,1.1,1.0,2025-11-30,1606,0,MODIS,71,61.03,289.7,9.5,0,0,2025,11,30,1606,16,6,4,3,38436,2420,17.69999999999999,0,Low
142845,31.9119,75.8549,327.5,1.2,1.1,2018-05-11,800,1,MODIS,68,6.03,309.5,14.0,1,0,2018,5,11,800,8,0,2,0,167610,31628,18.0,0,Medium
30683,22.8796,75.7998,331.4,1.1,1.0,2017-04-04,810,1,MODIS,48,6.2,315.6,9.4,1,0,2017,4,4,810,8,10,2,4,76528,39620,15.799999999999956,0,Low
116185,21.8455,77.4744,341.7,1.2,1.1,2018-03-23,544,0,MODIS,85,6.03,312.2,39.2,1,0,2018,3,23,544,5,44,2,4,76528,13167,29.5,1,High
187896,25.5893,90.9402,322.4,2.4,1.5,2019-03-13,746,1,MODIS,75,6.03,294.6,50.5,1,0,2019,3,13,746,7,46,2,8,33148,19990,27.799999999999955,0,High
615596,19.1728,76.9746,305.1,1.0,1.0,2024-03-14,1633,0,MODIS,63,61.03,294.4,5.5,0,0,2024,3,14,1633,16,33,2,9,27481,7575,10.700000000000044,0,Low
464376,27.2578,83.4311,313.5,1.8,1.3,2022-03-27,527,0,MODIS,42,6.03,300.6,10.4,1,0,2022,3,27,527,5,27,2,7,41741,3895,12.899999999999975,0,Medium
306800,30.9507,76.3649,315.7,1.3,1.1,2020-11-04,824,1,MODIS,67,6.03,300.1,11.1,1,0,2020,11,4,824,8,24,4,0,167610,73042,15.599999999999966,0,Medium
71682,30.1708,75.3286,318.9,2.7,1.6,2017-11-08,848,1,MODIS,65,6.2,300.2,33.0,1,0,2017,11,8,848,8,48,4,0,167610,73042,18.69999999999999,0,High
387616,22.8527,78.4066,305.8,1.2,1.1,2021-04-06,2025,1,MODIS,33,6.03,292.7,6.9,0,0,2021,4,6,2025,20,25,2,4,76528,39620,13.100000000000025,0,Low
441312,29.823,77.7463,305.5,1.0,1.0,2022-02-13,812,1,MODIS,59,6.03,295.4,4.2,1,0,2022,2,13,812,8,12,1,0,167610,2711,10.100000000000025,0,Low
481449,23.6368,79.2653,345.7,1.1,1.0,2022-04-27,759,1,MODIS,87,6.03,325.1,23.9,1,0,2022,4,27,759,7,59,2,5,47348,16741,20.59999999999997,1,Medium
482322,30.1568,76.43,333.5,1.1,1.0,2022-04-28,526,0,MODIS,70,6.03,318.1,9.8,1,0,2022,4,28,526,5,26,2,0,167610,7906,15.399999999999975,0,Low
586215,30.0807,75.6597,314.7,1.4,1.2,2023-11-13,852,1,MODIS,50,61.03,301.6,8.6,1,0,2023,11,13,852,8,52,4,0,167610,73042,13.099999999999966,0,Low
402407,30.806,74.91,331.6,1.1,1.0,2021-05-02,540,0,MODIS,73,6.03,309.7,10.9,1,0,2021,5,2,540,5,40,2,0,167610,31628,21.900000000000038,0,Medium
731631,29.1526,79.0353,321.8,1.8,1.3,2025-04-24,451,0,MODIS,69,61.03,307.6,19.9,1,0,2025,4,24,451,4,51,2,7,41741,15320,14.199999999999989,0,Medium
687375,23.4321,93.2231,324.6,1.2,1.1,2025-03-01,814,1,MODIS,78,61.03,298.1,22.4,1,0,2025,3,1,814,8,14,2,2,57778,42248,26.5,0,Medium
408149,16.5752,78.0666,318.5,1.0,1.0,2021-10-08,808,1,MODIS,62,6.03,297.8,7.6,1,0,2021,10,8,808,8,8,4,14,36148,823,20.69999999999999,0,Low
438537,19.5954,74.9903,308.5,1.4,1.2,2022-01-24,519,0,MODIS,50,6.03,294.7,7.2,1,0,2022,1,24,519,5,19,1,3,38436,8477,13.800000000000011,0,Low
30300,23.4553,84.2674,309.6,1.3,1.1,2017-04-03,1652,0,MODIS,78,6.2,296.4,9.8,0,0,2017,4,3,1652,16,52,2,12,49232,12010,13.200000000000044,0,Low
281841,23.7156,77.9314,327.1,1.4,1.2,2020-04-20,550,0,MODIS,65,6.03,300.5,19.6,1,0,2020,4,20,550,5,50,2,4,76528,39620,26.600000000000023,0,Medium
719606,22.5712,92.8193,320.4,1.7,1.3,2025-04-03,830,1,MODIS,56,61.03,304.7,16.7,1,0,2025,4,3,830,8,30,2,2,57778,10542,15.699999999999989,0,Medium
640631,22.3489,79.5124,333.6,1.0,1.0,2024-05-05,444,0,MODIS,76,61.03,315.0,11.9,1,0,2024,5,5,444,4,44,2,5,47348,4086,18.600000000000023,0,Medium
114409,23.8943,92.1878,325.4,1.3,1.1,2018-03-21,727,1,MODIS,76,6.03,303.7,21.0,1,0,2018,3,21,727,7,27,2,2,57778,42248,21.69999999999999,0,Medium
736358,28.5989,76.376,309.6,1.2,1.1,2025-04-29,1549,0,MODIS,74,61.03,298.4,8.6,0,0,2025,4,29,1549,15,49,2,0,167610,7906,11.200000000000044,0,Low
407265,20.9621,85.178,312.1,1.0,1.0,2021-08-06,1635,0,MODIS,45,6.03,287.7,9.4,0,2,2021,8,6,1635,16,35,3,1,73921,664,24.400000000000038,0,Low
763841,18.7607,73.8956,320.3,1.3,1.1,2025-12-24,435,0,MODIS,78,61.03,296.4,22.5,1,0,2025,12,24,435,4,35,1,3,38436,5945,23.900000000000038,0,Medium
130301,22.8926,78.0958,341.4,1.2,1.1,2018-04-09,758,1,MODIS,52,6.03,314.7,30.5,1,0,2018,4,9,758,7,58,2,4,76528,39620,26.69999999999999,0,High
97245,19.3418,77.5956,328.0,1.9,1.3,2018-03-01,751,1,MODIS,59,6.03,313.7,18.0,1,0,2018,3,1,751,7,51,2,9,27481,7575,14.300000000000011,0,Medium
694424,25.3007,93.4612,307.0,2.2,1.4,2025-03-10,736,1,MODIS,45,61.03,290.7,18.6,1,0,2025,3,10,736,7,36,2,11,41370,18499,16.30000000000001,0,Medium
153788,30.6864,75.1709,311.2,1.6,1.3,2018-10-27,753,1,MODIS,54,6.03,299.2,10.5,1,0,2018,10,27,753,7,53,4,0,167610,39610,12.0,0,Medium
500864,30.9053,74.5645,348.5,1.0,1.0,2022-11-02,825,1,MODIS,95,6.03,300.5,52.0,1,0,2022,11,2,825,8,25,4,0,167610,73042,48.0,1,High
69589,30.0535,74.8112,316.7,1.2,1.1,2017-11-03,830,1,MODIS,64,6.2,300.1,11.6,1,0,2017,11,3,830,8,30,4,0,167610,73042,16.599999999999966,0,Medium
573053,22.124,82.1974,332.5,2.0,1.4,2023-05-31,742,1,MODIS,75,61.03,305.4,37.5,1,0,2023,5,31,742,7,42,2,5,47348,4086,27.100000000000023,0,High
758831,29.9933,80.5897,301.5,1.0,1.0,2025-12-06,916,1,MODIS,29,61.03,290.0,5.6,1,0,2025,12,6,916,9,16,1,7,41741,2618,11.5,0,Low
754376,23.7609,80.0069,309.2,1.0,1.0,2025-11-21,927,1,MODIS,53,61.03,298.7,4.5,1,0,2025,11,21,927,9,27,4,5,47348,5930,10.5,0,Low
207297,25.1245,76.9431,339.8,2.0,1.4,2019-04-14,746,1,MODIS,79,6.03,321.7,50.1,1,0,2019,4,14,746,7,46,2,4,76528,39620,18.100000000000023,0,High
723201,22.8155,78.4546,308.7,1.0,1.0,2025-04-07,1602,0,MODIS,72,61.03,294.3,6.9,0,0,2025,4,7,1602,16,2,2,4,76528,39620,14.399999999999975,0,Low
759475,21.2063,82.8191,309.9,1.2,1.1,2025-12-09,930,1,MODIS,58,61.03,299.8,6.2,1,0,2025,12,9,930,9,30,1,1,73921,11178,10.099999999999966,0,Low
94510,21.7836,84.3072,322.5,1.2,1.1,2018-02-24,733,1,MODIS,50,6.03,309.9,9.3,1,0,2018,2,24,733,7,33,1,1,73921,9366,12.600000000000025,0,Low
716573,24.8959,80.259,341.0,1.3,1.1,2025-03-30,911,1,MODIS,85,61.03,315.7,39.9,1,0,2025,3,30,911,9,11,2,5,47348,12422,25.30000000000001,1,High
81724,20.9092,82.7828,321.1,1.0,1.0,2017-12-27,750,1,MODIS,73,6.2,302.2,13.5,1,0,2017,12,27,750,7,50,1,1,73921,11178,18.900000000000038,0,Medium
420450,30.769,75.5257,322.8,1.1,1.1,2021-11-07,824,1,MODIS,63,6.03,301.2,14.6,1,0,2021,11,7,824,8,24,4,0,167610,73042,21.600000000000023,0,Medium
433341,23.0262,79.1918,308.1,1.0,1.0,2021-12-07,519,0,MODIS,54,6.03,295.8,4.4,1,0,2021,12,7,519,5,19,1,5,47348,2981,12.300000000000011,0,Low
569567,31.188,75.7978,324.0,3.2,1.7,2023-05-10,745,1,MODIS,76,61.03,311.4,37.0,1,0,2023,5,10,745,7,45,2,0,167610,31628,12.600000000000025,0,High
97316,21.9528,79.9258,323.3,1.2,1.1,2018-03-01,751,1,MODIS,56,6.03,305.5,12.6,1,0,2018,3,1,751,7,51,2,5,47348,12422,17.80000000000001,0,Medium
38551,25.2301,91.0166,320.4,1.0,1.0,2017-04-12,721,1,MODIS,19,6.2,301.0,10.5,1,0,2017,4,12,721,7,21,2,8,33148,7372,19.399999999999977,0,Medium
380900,24.8977,83.6156,328.8,1.6,1.2,2021-04-02,529,0,MODIS,60,6.03,311.2,20.8,1,0,2021,4,2,529,5,29,2,12,49232,12010,17.600000000000023,0,Medium
60164,30.5149,74.7516,316.7,1.0,1.0,2017-10-13,811,1,MODIS,60,6.2,304.8,6.1,1,0,2017,10,13,811,8,11,4,0,167610,39610,11.899999999999975,0,Low
366020,25.659,92.9417,304.0,1.9,1.3,2021-03-25,1537,0,MODIS,58,6.03,291.2,12.4,0,0,2021,3,25,1537,15,37,2,8,33148,19990,12.800000000000011,0,Medium
519207,16.4062,75.7527,311.2,1.2,1.1,2023-01-08,528,0,MODIS,32,61.03,300.1,6.9,1,0,2023,1,8,528,5,28,1,3,38436,8477,11.099999999999966,0,Low
767409,30.9967,77.6928,300.9,1.1,1.0,2026-01-09,944,1,MODIS,30,61.03,288.6,6.0,1,0,2026,1,9,944,9,44,1,0,167610,2724,12.299999999999956,0,Low
97353,20.392,83.0175,330.0,1.0,1.0,2018-03-01,751,1,MODIS,74,6.03,312.4,12.0,1,0,2018,3,1,751,7,51,2,1,73921,19544,17.600000000000023,0,Medium
635889,26.1945,93.2711,324.9,1.1,1.1,2024-04-26,746,1,MODIS,74,61.03,301.0,17.2,1,0,2024,4,26,746,7,46,2,11,41370,8105,23.899999999999977,0,Medium
574850,15.1826,76.6633,301.4,1.0,1.0,2023-07-30,2055,1,MODIS,40,61.03,288.0,3.8,0,2,2023,7,30,2055,20,55,3,14,36148,127,13.399999999999975,0,Low
637325,27.919,80.0177,338.0,1.1,1.1,2024-04-30,437,0,MODIS,83,61.03,315.6,27.0,1,0,2024,4,30,437,4,37,2,7,41741,15320,22.399999999999977,1,Medium
22889,18.094,82.3498,322.7,1.9,1.4,2017-03-25,732,1,MODIS,40,6.2,308.4,15.5,1,0,2017,3,25,732,7,32,2,13,47964,18871,14.300000000000011,0,Medium
723673,21.2668,79.2541,328.0,1.2,1.1,2025-04-08,410,0,MODIS,71,61.03,306.3,17.9,1,0,2025,4,8,410,4,10,2,5,47348,16741,21.69999999999999,0,Medium
626934,22.7095,78.2106,325.4,1.0,1.0,2024-04-07,1624,0,MODIS,100,61.03,295.2,19.9,0,0,2024,4,7,1624,16,24,2,4,76528,39620,30.19999999999999,0,Medium
697215,21.79,76.8847,332.1,1.6,1.2,2025-03-12,853,1,MODIS,69,61.03,315.6,22.5,1,0,2025,3,12,853,8,53,2,4,76528,13167,16.5,0,Medium
722108,24.3479,80.4254,336.9,1.1,1.0,2025-04-06,850,1,MODIS,78,61.03,318.0,20.4,1,0,2025,4,6,850,8,50,2,5,47348,16741,18.899999999999977,0,Medium
198481,25.7769,91.072,320.0,1.2,1.1,2019-03-28,703,1,MODIS,70,6.03,300.5,13.8,1,0,2019,3,28,703,7,3,2,8,33148,19990,19.5,0,Medium
84283,26.9483,95.3955,311.9,1.2,1.1,2018-01-11,709,1,MODIS,56,6.03,289.9,12.5,1,0,2018,1,11,709,7,9,1,11,41370,4936,22.0,0,Medium
471148,24.0674,80.6183,342.8,1.0,1.0,2022-04-07,510,0,MODIS,86,6.03,317.2,28.7,1,0,2022,4,7,510,5,10,2,5,47348,16741,25.600000000000023,1,Medium
358683,22.3986,92.6138,366.3,1.8,1.3,2021-03-19,649,1,MODIS,100,6.03,281.5,225.2,1,0,2021,3,19,649,6,49,2,2,57778,42248,84.80000000000001,1,Extreme
31393,19.4208,80.2007,333.7,1.1,1.0,2017-04-06,757,1,MODIS,73,6.2,312.1,13.0,1,0,2017,4,6,757,7,57,2,13,47964,11656,21.59999999999997,0,Medium
144631,32.9916,74.3991,326.9,1.8,1.3,2018-05-20,619,0,MODIS,58,6.03,307.4,26.7,1,0,2018,5,20,619,6,19,2,0,167610,31628,19.5,0,Medium
300596,31.5685,75.5938,318.5,1.0,1.0,2020-10-28,818,1,MODIS,70,6.03,304.8,9.0,1,0,2020,10,28,818,8,18,4,0,167610,39610,13.699999999999989,0,Low
603512,25.4402,91.5126,310.5,1.9,1.3,2024-02-10,804,1,MODIS,64,61.03,296.7,16.8,1,0,2024,2,10,804,8,4,1,8,33148,2829,13.800000000000011,0,Medium
213242,25.0988,83.695,333.1,2.7,1.6,2019-04-27,543,0,MODIS,75,6.03,309.6,61.4,1,0,2019,4,27,543,5,43,2,12,49232,12010,23.5,0,Extreme
168385,22.2068,84.8529,312.7,1.0,1.0,2018-11-21,744,1,MODIS,8,6.03,299.7,3.7,1,2,2018,11,21,744,7,44,4,1,73921,2885,13.0,0,Low
77052,21.6653,82.5097,318.0,1.3,1.1,2017-11-27,738,1,MODIS,68,6.2,303.9,12.8,1,0,2017,11,27,738,7,38,4,1,73921,2885,14.100000000000025,0,Medium
663926,23.7822,86.2047,305.5,1.1,1.1,2024-11-29,1547,0,MODIS,65,61.03,291.9,9.9,0,2,2024,11,29,1547,15,47,4,12,49232,3375,13.600000000000025,0,Low
440098,19.7678,84.5791,309.2,1.1,1.0,2022-02-06,448,0,MODIS,50,6.03,299.2,5.2,1,0,2022,2,6,448,4,48,1,1,73921,9366,10.0,0,Low
610050,25.8075,94.3922,310.4,2.0,1.4,2024-03-07,755,1,MODIS,38,61.03,295.1,16.2,1,0,2024,3,7,755,7,55,2,11,41370,18499,15.299999999999956,0,Medium
451250,26.6532,93.3242,332.8,1.2,1.1,2022-03-13,656,1,MODIS,84,6.03,306.7,30.4,1,0,2022,3,13,656,6,56,2,11,41370,18499,26.100000000000023,1,High
236018,30.0708,75.4806,317.9,1.1,1.0,2019-10-28,805,1,MODIS,62,6.03,302.5,9.1,1,0,2019,10,28,805,8,5,4,0,167610,39610,15.399999999999975,0,Low
246368,28.44,79.6302,303.1,1.0,1.0,2019-12-02,523,0,MODIS,51,6.03,292.4,4.2,1,0,2019,12,2,523,5,23,1,7,41741,2618,10.700000000000044,0,Low
665188,26.9363,84.7404,305.7,1.2,1.1,2024-12-07,840,1,MODIS,53,61.03,295.0,4.8,1,0,2024,12,7,840,8,40,1,12,49232,8420,10.699999999999989,0,Low
219121,30.6411,74.9751,335.1,1.7,1.3,2019-05-07,753,1,MODIS,75,6.03,318.9,24.6,1,0,2019,5,7,753,7,53,2,0,167610,31628,16.200000000000045,0,Medium
452095,23.0859,92.4696,349.4,2.0,1.4,2022-03-14,738,1,MODIS,95,6.03,302.8,148.1,1,0,2022,3,14,738,7,38,2,2,57778,42248,46.599999999999966,1,Extreme
141098,28.7499,79.7985,328.9,2.2,1.4,2018-05-09,500,0,MODIS,66,6.03,310.3,28.5,1,0,2018,5,9,500,5,0,2,7,41741,6465,18.59999999999997,0,Medium
140108,29.1534,76.5669,328.5,1.9,1.3,2018-05-06,607,0,MODIS,73,6.03,302.0,29.7,1,0,2018,5,6,607,6,7,2,0,167610,31628,26.5,0,Medium
151951,18.6952,80.1628,315.6,4.6,2.0,2018-10-22,604,0,MODIS,28,6.03,297.8,63.1,1,0,2018,10,22,604,6,4,4,13,47964,499,17.80000000000001,0,Extreme
130574,18.3037,73.4365,336.3,1.1,1.1,2018-04-10,840,1,MODIS,74,6.03,311.8,23.7,1,0,2018,4,10,840,8,40,2,3,38436,3037,24.5,0,Medium
364104,25.6226,94.2772,317.7,1.1,1.0,2021-03-24,708,1,MODIS,58,6.03,300.0,10.3,1,0,2021,3,24,708,7,8,2,11,41370,18499,17.69999999999999,0,Medium
57651,32.9822,75.1494,326.3,1.3,1.1,2017-06-04,606,0,MODIS,74,6.2,311.0,12.2,1,0,2017,6,4,606,6,6,3,0,167610,3042,15.300000000000011,0,Medium
14269,25.9014,90.9596,325.8,1.2,1.1,2017-03-02,727,1,MODIS,79,6.2,300.7,21.3,1,0,2017,3,2,727,7,27,2,8,33148,19990,25.100000000000023,0,Medium
152941,30.0118,76.1745,315.8,1.0,1.0,2018-10-25,805,1,MODIS,45,6.03,303.5,6.2,1,0,2018,10,25,805,8,5,4,0,167610,39610,12.300000000000011,0,Low
211236,27.0142,83.0769,327.2,1.0,1.0,2019-04-24,512,0,MODIS,69,6.03,304.0,10.0,1,0,2019,4,24,512,5,12,2,7,41741,15320,23.19999999999999,0,Low
18518,23.9104,92.3359,366.5,1.4,1.2,2017-03-15,656,1,MODIS,100,6.2,303.2,155.5,1,0,2017,3,15,656,6,56,2,2,57778,42248,63.30000000000001,1,Extreme
37988,22.6714,78.0129,338.6,1.5,1.2,2017-04-12,550,0,MODIS,79,6.2,321.6,32.9,1,0,2017,4,12,550,5,50,2,4,76528,39620,17.0,0,High
511695,18.6812,73.0318,318.8,1.2,1.1,2022-11-28,850,1,MODIS,56,6.03,306.3,9.8,1,2,2022,11,28,850,8,50,4,3,38436,2420,12.5,0,Low
697006,21.3906,83.2156,331.0,1.1,1.0,2025-03-12,853,1,MODIS,76,61.03,314.6,14.7,1,0,2025,3,12,853,8,53,2,1,73921,19544,16.399999999999977,0,Medium
536237,25.6278,92.6289,312.3,1.5,1.2,2023-03-01,736,1,MODIS,57,61.03,299.5,8.2,1,0,2023,3,1,736,7,36,2,8,33148,19990,12.800000000000011,0,Low
450852,27.0165,92.2378,310.6,4.5,2.0,2022-03-13,515,0,MODIS,66,6.03,289.1,75.9,1,0,2022,3,13,515,5,15,2,8,33148,19990,21.5,0,Extreme
625828,23.8344,92.1343,323.0,2.5,1.5,2024-04-06,711,1,MODIS,61,61.03,298.1,42.9,1,0,2024,4,6,711,7,11,2,2,57778,10542,24.899999999999977,0,High
686421,15.9221,78.7311,321.6,2.1,1.4,2025-02-26,931,1,MODIS,54,61.03,301.8,26.5,1,0,2025,2,26,931,9,31,1,14,36148,10539,19.80000000000001,0,Medium
909,27.2893,83.9545,304.1,1.9,1.4,2017-01-08,536,0,MODIS,42,6.2,294.0,9.1,1,0,2017,1,8,536,5,36,1,7,41741,2018,10.100000000000025,0,Low
291680,13.7728,79.5217,305.8,1.8,1.3,2020-05-22,1643,0,MODIS,51,6.03,291.7,7.8,0,0,2020,5,22,1643,16,43,2,14,36148,1092,14.100000000000025,0,Low
254837,12.2982,77.3414,325.0,1.0,1.0,2020-02-20,529,0,MODIS,71,6.03,305.5,13.6,1,0,2020,2,20,529,5,29,1,6,13460,3893,19.5,0,Medium
64402,30.3651,75.0337,329.2,1.4,1.2,2017-10-26,606,0,MODIS,82,6.2,302.3,34.2,1,0,2017,10,26,606,6,6,4,0,167610,39610,26.899999999999977,1,High
130037,18.637,74.101,324.8,1.0,1.0,2018-04-08,545,0,MODIS,15,6.03,308.5,6.4,1,0,2018,4,8,545,5,45,2,3,38436,3037,16.30000000000001,0,Low
288514,28.9164,79.8208,322.0,1.0,1.0,2020-05-10,523,0,MODIS,66,6.03,298.2,8.7,1,0,2020,5,10,523,5,23,2,7,41741,6465,23.80000000000001,0,Low
510389,21.8229,81.8489,315.6,1.2,1.1,2022-11-22,751,1,MODIS,62,6.03,303.4,7.6,1,0,2022,11,22,751,7,51,4,5,47348,5930,12.200000000000044,0,Low
370079,27.6986,95.9756,307.7,1.7,1.3,2021-03-27,1525,0,MODIS,72,6.03,291.9,18.3,0,0,2021,3,27,1525,15,25,2,11,41370,18499,15.800000000000011,0,Medium
279653,22.316,93.1367,335.0,1.1,1.0,2020-04-15,702,1,MODIS,83,6.03,307.4,31.1,1,0,2020,4,15,702,7,2,2,2,57778,10542,27.600000000000023,1,High
21817,20.457,81.9447,325.6,1.2,1.1,2017-03-23,745,1,MODIS,32,6.2,312.7,10.0,1,0,2017,3,23,745,7,45,2,1,73921,19544,12.900000000000034,0,Low
36263,23.2214,93.1366,344.6,2.6,1.5,2017-04-11,637,1,MODIS,92,6.2,299.8,183.8,1,0,2017,4,11,637,6,37,2,2,57778,10542,44.80000000000001,1,Extreme
128504,23.7392,91.8975,343.1,2.0,1.4,2018-04-04,739,1,MODIS,91,6.03,295.4,109.0,1,0,2018,4,4,739,7,39,2,2,57778,10542,47.700000000000045,1,Extreme
82803,20.972,86.0063,310.3,1.2,1.1,2018-01-03,449,0,MODIS,65,6.03,299.3,7.3,1,0,2018,1,3,449,4,49,1,1,73921,10736,11.0,0,Low
577088,30.4421,76.5678,316.1,1.1,1.0,2023-10-20,836,1,MODIS,70,61.03,302.6,7.9,1,0,2023,10,20,836,8,36,4,0,167610,39610,13.5,0,Low
316371,25.0906,83.5319,317.3,1.5,1.2,2020-11-15,804,1,MODIS,63,6.03,300.8,13.1,1,0,2020,11,15,804,8,4,4,12,49232,3375,16.5,0,Medium
488710,21.9128,79.1264,335.9,1.1,1.0,2022-05-09,509,0,MODIS,69,6.03,316.4,13.7,1,0,2022,5,9,509,5,9,2,5,47348,4086,19.5,0,Medium
508142,23.3233,77.9008,314.6,1.2,1.1,2022-11-16,504,0,MODIS,59,6.03,302.2,8.0,1,0,2022,11,16,504,5,4,4,4,76528,9210,12.400000000000034,0,Low
401715,22.3266,79.4112,313.8,1.1,1.0,2021-04-30,1650,0,MODIS,87,6.03,298.0,11.5,0,0,2021,4,30,1650,16,50,2,5,47348,16741,15.800000000000011,0,Medium
171497,18.6167,79.8129,311.4,2.3,1.5,2018-12-15,833,1,MODIS,45,6.03,297.4,16.5,1,0,2018,12,15,833,8,33,1,13,47964,2559,14.0,0,Medium
596788,19.231,76.0289,317.4,1.5,1.2,2024-01-02,900,1,MODIS,63,61.03,304.0,11.7,1,0,2024,1,2,900,9,0,1,9,27481,3684,13.399999999999975,0,Medium
4672,9.1227,76.9481,315.1,1.1,1.0,2017-02-02,535,0,MODIS,48,6.2,303.7,8.2,1,0,2017,2,2,535,5,35,1,6,13460,3893,11.400000000000034,0,Low
436739,18.5732,74.2618,309.5,1.1,1.0,2022-01-04,544,0,MODIS,35,6.03,297.4,5.7,1,0,2022,1,4,544,5,44,1,3,38436,8477,12.100000000000025,0,Low
457174,16.1448,78.7803,307.5,1.2,1.1,2022-03-17,2019,1,MODIS,71,6.03,295.0,8.2,0,0,2022,3,17,2019,20,19,2,14,36148,12659,12.5,0,Low
652708,30.9986,74.6085,315.3,1.0,1.0,2024-10-24,858,1,MODIS,56,61.03,301.0,7.6,1,0,2024,10,24,858,8,58,4,0,167610,39610,14.300000000000011,0,Low
445398,23.6851,86.3972,315.6,1.2,1.1,2022-03-03,440,0,MODIS,0,6.03,300.2,10.0,1,2,2022,3,3,440,4,40,2,12,49232,10270,15.400000000000034,0,Low
409543,31.1663,74.5633,321.2,1.3,1.1,2021-10-21,601,0,MODIS,72,6.03,302.8,17.0,1,0,2021,10,21,601,6,1,4,0,167610,39610,18.399999999999977,0,Medium
265604,26.3416,94.3716,308.4,1.2,1.1,2020-03-26,417,0,MODIS,48,6.03,294.1,6.3,1,0,2020,3,26,417,4,17,2,11,41370,18499,14.299999999999956,0,Low
753248,29.4976,74.1713,311.3,2.1,1.4,2025-11-17,1011,1,MODIS,65,61.03,293.6,19.3,1,0,2025,11,17,1011,10,11,4,0,167610,73042,17.69999999999999,0,Medium
195456,22.0557,79.8755,331.7,1.1,1.0,2019-03-25,810,1,MODIS,63,6.03,314.6,13.2,1,0,2019,3,25,810,8,10,2,5,47348,12422,17.099999999999966,0,Medium
493662,26.8468,94.0176,317.8,1.0,1.0,2022-08-21,415,0,MODIS,0,6.03,298.3,7.0,1,0,2022,8,21,415,4,15,3,11,41370,134,19.5,0,Low
459820,25.638,90.8495,314.8,2.1,1.4,2022-03-21,744,1,MODIS,48,6.03,299.4,14.9,1,0,2022,3,21,744,7,44,2,8,33148,19990,15.400000000000034,0,Medium
375790,25.0741,80.9697,330.8,1.3,1.1,2021-03-30,810,1,MODIS,65,6.03,314.2,13.2,1,0,2021,3,30,810,8,10,2,5,47348,12422,16.600000000000023,0,Medium
60690,29.9457,76.9091,320.2,1.1,1.1,2017-10-15,759,1,MODIS,69,6.2,307.0,8.3,1,0,2017,10,15,759,7,59,4,0,167610,39610,13.199999999999989,0,Low
298552,29.685,75.8254,317.2,2.2,1.4,2020-10-24,842,1,MODIS,66,6.03,301.6,26.7,1,0,2020,10,24,842,8,42,4,0,167610,39610,15.599999999999966,0,Medium
277214,24.4274,87.8128,326.1,1.0,1.0,2020-04-11,727,1,MODIS,25,6.03,307.9,7.2,1,0,2020,4,11,727,7,27,2,12,49232,12010,18.200000000000045,0,Low
567816,23.7722,86.3893,330.1,1.0,1.0,2023-05-04,434,0,MODIS,54,61.03,306.3,10.7,1,2,2023,5,4,434,4,34,2,12,49232,3184,23.80000000000001,0,Medium
763616,15.9598,75.3305,302.1,1.2,1.1,2025-12-22,1545,0,MODIS,46,61.03,288.8,6.9,0,0,2025,12,22,1545,15,45,1,3,38436,5945,13.300000000000011,0,Low
472358,23.7168,79.0664,333.6,1.1,1.1,2022-04-12,528,0,MODIS,71,6.03,316.0,14.7,1,0,2022,4,12,528,5,28,2,5,47348,16741,17.600000000000023,0,Medium
765041,27.7074,96.3104,333.6,1.2,1.1,2025-12-28,835,1,MODIS,77,61.03,293.8,43.8,1,0,2025,12,28,835,8,35,1,11,41370,1415,39.80000000000001,0,High
351152,23.2776,92.6796,335.2,2.2,1.4,2021-03-12,643,1,MODIS,71,6.03,292.0,89.4,1,0,2021,3,12,643,6,43,2,2,57778,42248,43.19999999999999,0,Extreme
405646,24.0823,91.7321,315.3,3.8,1.8,2021-05-22,516,0,MODIS,61,6.03,292.7,46.5,1,0,2021,5,22,516,5,16,2,2,57778,307,22.600000000000023,0,High
194889,22.7426,92.6415,315.5,3.7,1.8,2019-03-25,631,1,MODIS,49,6.03,300.0,52.3,1,0,2019,3,25,631,6,31,2,2,57778,42248,15.5,0,High
595410,21.7573,83.2296,307.3,1.0,1.0,2023-12-26,438,0,MODIS,58,61.03,296.0,4.5,1,0,2023,12,26,438,4,38,1,1,73921,11178,11.300000000000011,0,Low
24209,24.2779,93.5389,315.8,1.3,1.1,2017-03-27,721,1,MODIS,39,6.2,295.3,12.0,1,0,2017,3,27,721,7,21,2,2,57778,42248,20.5,0,Medium
636171,13.2933,78.3799,342.7,1.8,1.3,2024-04-27,824,1,MODIS,87,61.03,315.4,65.3,1,0,2024,4,27,824,8,24,2,14,36148,3614,27.30000000000001,1,Extreme
682555,18.5983,78.0693,318.5,2.1,1.4,2025-02-16,932,1,MODIS,19,61.03,307.1,20.4,1,0,2025,2,16,932,9,32,1,9,27481,5254,11.399999999999975,0,Medium
562526,22.7846,75.3232,333.9,1.0,1.0,2023-04-16,523,0,MODIS,68,61.03,317.4,10.0,1,0,2023,4,16,523,5,23,2,4,76528,39620,16.5,0,Low
698540,22.895,79.1312,307.0,1.0,1.0,2025-03-13,1555,0,MODIS,69,61.03,291.3,7.5,0,0,2025,3,13,1555,15,55,2,5,47348,12422,15.699999999999989,0,Low
562962,23.5953,91.7425,309.4,2.6,1.5,2023-04-16,1617,0,MODIS,75,61.03,295.6,27.9,0,0,2023,4,16,1617,16,17,2,2,57778,10542,13.799999999999956,0,Medium
601967,25.2698,81.2094,316.1,1.2,1.1,2024-02-03,810,1,MODIS,73,61.03,298.6,13.1,1,0,2024,2,3,810,8,10,1,5,47348,2034,17.5,0,Medium
687188,15.0503,75.1173,319.8,1.2,1.1,2025-02-28,912,1,MODIS,44,61.03,306.7,7.8,1,0,2025,2,28,912,9,12,1,3,38436,8837,13.100000000000025,0,Low
100675,24.3547,93.724,314.9,1.7,1.3,2018-03-05,727,1,MODIS,34,6.03,302.2,11.4,1,0,2018,3,5,727,7,27,2,2,57778,42248,12.699999999999989,0,Medium
258772,19.1221,83.3063,320.4,1.0,1.0,2020-03-13,756,1,MODIS,24,6.03,306.4,8.1,1,0,2020,3,13,756,7,56,2,1,73921,19544,14.0,0,Low
267581,24.8415,94.4421,364.1,1.2,1.1,2020-03-28,714,1,MODIS,87,6.03,299.5,119.0,1,0,2020,3,28,714,7,14,2,11,41370,18499,64.60000000000002,1,Extreme
444359,23.7748,86.206,315.0,1.3,1.1,2022-02-27,504,0,MODIS,73,6.03,295.4,11.7,1,2,2022,2,27,504,5,4,1,12,49232,3888,19.600000000000023,0,Medium
180815,8.3236,77.492,305.6,1.9,1.3,2019-02-12,1737,0,MODIS,44,6.03,293.3,12.3,0,0,2019,2,12,1737,17,37,1,6,13460,3893,12.300000000000011,0,Medium
155116,15.9279,78.3419,330.3,1.1,1.0,2018-10-30,820,1,MODIS,77,6.03,305.3,17.7,1,0,2018,10,30,820,8,20,4,14,36148,823,25.0,0,Medium
470035,24.8592,80.6762,330.3,1.6,1.3,2022-04-03,534,0,MODIS,68,6.03,318.3,18.0,1,0,2022,4,3,534,5,34,2,5,47348,16741,12.0,0,Medium
282250,23.6897,79.071,345.5,1.0,1.0,2020-04-21,804,1,MODIS,87,6.03,315.0,29.9,1,0,2020,4,21,804,8,4,2,5,47348,16741,30.5,1,Medium
390821,22.9813,78.4105,331.5,1.0,1.0,2021-04-11,524,0,MODIS,41,6.03,310.5,11.3,1,0,2021,4,11,524,5,24,2,4,76528,39620,21.0,0,Medium
483534,26.498,93.3159,327.6,3.5,1.8,2022-04-29,747,1,MODIS,54,6.03,290.9,114.2,1,0,2022,4,29,747,7,47,2,11,41370,8105,36.700000000000045,0,Extreme
372882,27.4577,96.1951,321.9,2.8,1.6,2021-03-29,727,1,MODIS,75,6.03,297.7,60.1,1,0,2021,3,29,727,7,27,2,11,41370,18499,24.19999999999999,0,Extreme
242064,30.0979,76.1842,323.0,1.2,1.1,2019-11-06,759,1,MODIS,64,6.03,301.5,15.0,1,0,2019,11,6,759,7,59,4,0,167610,73042,21.5,0,Medium
715781,15.5068,78.7331,336.0,1.0,1.0,2025-03-30,909,1,MODIS,57,61.03,313.1,18.9,1,0,2025,3,30,909,9,9,2,14,36148,12659,22.899999999999977,0,Medium
447673,25.0888,93.3456,347.6,2.4,1.5,2022-03-08,637,1,MODIS,94,6.03,298.8,190.8,1,0,2022,3,8,637,6,37,2,2,57778,42248,48.80000000000001,1,Extreme
748591,27.8947,77.4871,312.5,1.1,1.1,2025-11-06,941,1,MODIS,52,61.03,301.8,7.0,1,0,2025,11,6,941,9,41,4,0,167610,73042,10.699999999999989,0,Low
479791,25.9249,78.7422,342.8,1.1,1.0,2022-04-25,812,1,MODIS,67,6.03,318.2,23.0,1,0,2022,4,25,812,8,12,2,4,76528,39620,24.600000000000023,0,Medium
707323,22.1604,92.6192,315.8,1.0,1.0,2025-03-24,1459,0,MODIS,92,61.03,294.2,13.5,0,0,2025,3,24,1459,14,59,2,2,57778,42248,21.600000000000023,0,Medium
121265,22.4086,77.406,312.8,1.0,1.0,2018-03-26,1710,0,MODIS,85,6.03,289.0,11.8,0,0,2018,3,26,1710,17,10,2,4,76528,13167,23.80000000000001,0,Medium
712476,25.2689,92.5521,329.0,1.4,1.2,2025-03-28,753,1,MODIS,82,61.03,297.2,36.3,1,0,2025,3,28,753,7,53,2,8,33148,19990,31.80000000000001,1,High
151489,30.0183,76.5509,321.2,1.7,1.3,2018-10-20,747,1,MODIS,74,6.03,304.2,23.3,1,0,2018,10,20,747,7,47,4,0,167610,39610,17.0,0,Medium
100487,24.0509,92.6237,310.1,1.4,1.2,2018-03-05,727,1,MODIS,34,6.03,298.3,6.6,1,0,2018,3,5,727,7,27,2,2,57778,42248,11.800000000000011,0,Low
349000,19.5595,81.0436,323.2,1.1,1.1,2021-03-09,750,1,MODIS,56,6.03,309.8,10.9,1,0,2021,3,9,750,7,50,2,13,47964,18871,13.399999999999975,0,Medium
249524,21.6344,83.2864,310.1,1.6,1.3,2020-01-07,809,1,MODIS,57,6.03,298.5,8.1,1,0,2020,1,7,809,8,9,1,1,73921,10736,11.600000000000025,0,Low
248700,15.1782,76.6603,310.9,1.0,1.0,2019-12-27,2039,1,MODIS,81,6.03,293.1,9.2,0,2,2019,12,27,2039,20,39,1,14,36148,1891,17.799999999999955,0,Low
514267,21.385,83.9852,315.0,1.0,1.0,2022-12-15,748,1,MODIS,58,6.03,299.5,6.4,1,0,2022,12,15,748,7,48,1,1,73921,11178,15.5,0,Low
573526,20.684,81.6558,329.3,1.4,1.2,2023-06-05,506,0,MODIS,75,61.03,304.9,13.5,1,0,2023,6,5,506,5,6,3,1,73921,1828,24.400000000000038,0,Medium
106203,20.328,81.0041,326.3,1.3,1.2,2018-03-10,745,1,MODIS,64,6.03,310.4,11.2,1,0,2018,3,10,745,7,45,2,13,47964,18871,15.900000000000034,0,Medium
220591,30.5654,76.0841,329.7,1.6,1.2,2019-05-09,606,0,MODIS,71,6.03,313.9,20.7,1,0,2019,5,9,606,6,6,2,0,167610,31628,15.800000000000011,0,Medium
331085,26.9506,94.0426,315.8,1.1,1.0,2021-02-04,709,1,MODIS,68,6.03,303.2,7.0,1,0,2021,2,4,709,7,9,1,11,41370,5791,12.600000000000025,0,Low
409558,30.1241,74.153,316.1,1.3,1.1,2021-10-21,601,0,MODIS,62,6.03,302.9,10.1,1,0,2021,10,21,601,6,1,4,0,167610,39610,13.200000000000044,0,Medium
552106,22.6487,77.602,319.4,2.5,1.5,2023-04-03,1714,0,MODIS,64,61.03,292.6,54.9,0,0,2023,4,3,1714,17,14,2,4,76528,39620,26.799999999999955,0,High
116845,24.2931,92.4419,330.0,1.0,1.0,2018-03-23,715,1,MODIS,82,6.03,299.5,21.4,1,0,2018,3,23,715,7,15,2,2,57778,42248,30.5,1,Medium
216833,31.5918,75.5004,327.8,4.6,2.0,2019-05-04,901,1,MODIS,54,6.03,309.6,97.3,1,0,2019,5,4,901,9,1,2,0,167610,31628,18.19999999999999,0,Extreme
379051,18.2349,80.7241,339.7,1.0,1.0,2021-04-01,756,1,MODIS,83,6.03,319.1,19.3,1,0,2021,4,1,756,7,56,2,13,47964,11656,20.59999999999997,0,Medium
614532,22.3025,92.7817,316.8,1.1,1.1,2024-03-14,747,1,MODIS,57,61.03,300.3,7.7,1,0,2024,3,14,747,7,47,2,2,57778,42248,16.5,0,Low
429800,30.2382,75.2172,317.4,1.0,1.0,2021-11-16,818,1,MODIS,57,6.03,302.0,7.4,1,0,2021,11,16,818,8,18,4,0,167610,73042,15.399999999999975,0,Low
620371,18.0714,80.0879,332.2,1.0,1.0,2024-03-27,830,1,MODIS,75,61.03,310.0,12.3,1,0,2024,3,27,830,8,30,2,13,47964,18871,22.19999999999999,0,Medium
133256,30.5778,74.909,322.9,1.4,1.2,2018-04-20,607,0,MODIS,72,6.03,299.9,15.3,1,0,2018,4,20,607,6,7,2,0,167610,7906,23.0,0,Medium
766508,16.3111,75.6512,332.8,1.1,1.0,2026-01-06,1545,0,MODIS,100,61.03,288.7,39.3,0,0,2026,1,6,1545,15,45,1,3,38436,8477,44.10000000000002,1,High
323704,29.87,79.7489,303.7,1.3,1.1,2020-12-24,811,1,MODIS,57,6.03,290.9,7.5,1,0,2020,12,24,811,8,11,1,7,41741,2618,12.800000000000011,0,Low
66399,30.5762,75.6288,311.2,1.0,1.0,2017-10-29,811,1,MODIS,21,6.2,299.5,4.6,1,0,2017,10,29,811,8,11,4,0,167610,39610,11.699999999999989,0,Low
306346,31.151,77.4861,315.8,1.8,1.3,2020-11-03,741,1,MODIS,67,6.03,291.0,28.9,1,0,2020,11,3,741,7,41,4,0,167610,73042,24.80000000000001,0,Medium
704758,25.833,91.7266,317.2,1.1,1.0,2025-03-19,1458,0,MODIS,95,61.03,289.7,18.0,0,0,2025,3,19,1458,14,58,2,8,33148,19990,27.5,0,Medium
422271,30.0606,75.7067,336.2,1.0,1.0,2021-11-09,812,1,MODIS,86,6.03,303.2,27.9,1,0,2021,11,9,812,8,12,4,0,167610,73042,33.0,1,Medium
96239,19.1316,80.0343,329.3,1.5,1.2,2018-02-28,538,0,MODIS,77,6.03,307.4,31.1,1,0,2018,2,28,538,5,38,1,13,47964,5221,21.900000000000038,0,High
91158,18.4987,80.5074,324.0,2.0,1.4,2018-02-15,738,1,MODIS,66,6.03,294.2,39.4,1,0,2018,2,15,738,7,38,1,13,47964,5221,29.80000000000001,0,High
42050,25.8384,92.4544,329.8,1.0,1.0,2017-04-14,709,1,MODIS,81,6.2,297.6,22.1,1,0,2017,4,14,709,7,9,2,8,33148,7372,32.19999999999999,1,Medium
251691,16.1388,77.9891,333.1,1.3,1.1,2020-01-28,826,1,MODIS,82,6.03,301.2,33.1,1,0,2020,1,28,826,8,26,1,14,36148,3490,31.900000000000038,1,High
755952,24.9905,81.6049,310.9,1.0,1.0,2025-11-26,923,1,MODIS,66,61.03,297.3,6.7,1,0,2025,11,26,923,9,23,4,5,47348,5930,13.599999999999966,0,Low
101454,13.7132,78.9215,332.4,1.0,1.0,2018-03-06,808,1,MODIS,73,6.03,320.6,11.4,1,0,2018,3,6,808,8,8,2,14,36148,12659,11.799999999999956,0,Medium
435956,17.6273,74.5524,316.6,1.1,1.0,2021-12-25,821,1,MODIS,59,6.03,305.4,5.6,1,0,2021,12,25,821,8,21,1,3,38436,5945,11.200000000000044,0,Low
238019,30.4636,75.5101,331.7,1.7,1.3,2019-10-31,836,1,MODIS,84,6.03,302.4,47.8,1,0,2019,10,31,836,8,36,4,0,167610,39610,29.30000000000001,1,High
698279,19.1336,73.7511,337.7,1.1,1.0,2025-03-13,932,1,MODIS,82,61.03,313.2,24.6,1,0,2025,3,13,932,9,32,2,3,38436,7918,24.5,1,Medium
762597,21.6531,83.4177,313.4,1.0,1.0,2025-12-19,921,1,MODIS,42,61.03,298.0,8.1,1,0,2025,12,19,921,9,21,1,1,73921,11178,15.399999999999975,0,Low
686759,20.0678,81.9458,325.5,1.5,1.2,2025-02-27,834,1,MODIS,65,61.03,309.1,20.2,1,0,2025,2,27,834,8,34,1,13,47964,5221,16.399999999999977,0,Medium
737033,25.8394,84.6075,326.6,1.0,1.0,2025-05-01,844,1,MODIS,66,61.03,306.2,11.0,1,0,2025,5,1,844,8,44,2,12,49232,3184,20.400000000000038,0,Medium
5793,26.926,95.1511,309.8,2.5,1.5,2017-02-08,626,1,MODIS,29,6.2,290.0,25.1,1,0,2017,2,8,626,6,26,1,11,41370,5791,19.80000000000001,0,Medium
548700,13.9385,78.3999,324.4,2.5,1.5,2023-03-16,531,0,MODIS,72,61.03,300.0,37.6,1,0,2023,3,16,531,5,31,2,14,36148,12659,24.399999999999977,0,High
163602,25.8991,78.0797,317.8,1.0,1.0,2018-11-10,804,1,MODIS,62,6.03,301.3,9.6,1,0,2018,11,10,804,8,4,4,4,76528,9210,16.5,0,Low
211415,17.5336,82.3469,321.3,1.0,1.0,2019-04-24,514,0,MODIS,45,6.03,307.6,7.1,1,0,2019,4,24,514,5,14,2,13,47964,11656,13.699999999999989,0,Low
23669,30.3305,77.0014,319.3,1.1,1.1,2017-03-26,818,1,MODIS,66,6.2,307.4,7.7,1,0,2017,3,26,818,8,18,2,0,167610,2014,11.900000000000034,0,Low
623055,25.3398,93.1704,325.4,1.1,1.0,2024-04-02,744,1,MODIS,24,61.03,303.0,12.7,1,0,2024,4,2,744,7,44,2,8,33148,7372,22.399999999999977,0,Medium
260354,23.0064,92.442,334.6,2.8,1.6,2020-03-15,745,1,MODIS,86,6.03,304.4,118.9,1,0,2020,3,15,745,7,45,2,2,57778,42248,30.200000000000045,1,Extreme
717507,25.0809,93.8768,320.4,1.1,1.1,2025-03-31,812,1,MODIS,57,61.03,298.5,14.5,1,0,2025,3,31,812,8,12,2,11,41370,18499,21.899999999999977,0,Medium
123967,22.496,76.2821,335.0,1.0,1.0,2018-03-29,816,1,MODIS,69,6.03,321.6,8.8,1,0,2018,3,29,816,8,16,2,4,76528,13167,13.399999999999975,0,Low
433283,25.3022,83.4603,314.3,1.0,1.0,2021-12-06,752,1,MODIS,60,6.03,299.6,6.5,1,0,2021,12,6,752,7,52,1,12,49232,8420,14.699999999999989,0,Low
636216,19.3339,83.3005,336.4,1.0,1.0,2024-04-27,826,1,MODIS,78,61.03,312.3,20.0,1,0,2024,4,27,826,8,26,2,1,73921,9197,24.09999999999997,0,Medium
418576,31.2383,74.7043,315.8,1.3,1.1,2021-11-06,601,0,MODIS,69,6.03,298.0,12.5,1,0,2021,11,6,601,6,1,4,0,167610,73042,17.80000000000001,0,Medium
192311,25.2058,92.3266,354.5,1.0,1.0,2019-03-19,709,1,MODIS,85,6.03,293.2,68.6,1,0,2019,3,19,709,7,9,2,8,33148,19990,61.30000000000001,1,Extreme
375700,23.1108,78.0981,345.0,1.0,1.0,2021-03-30,809,1,MODIS,43,6.03,322.4,23.8,1,0,2021,3,30,809,8,9,2,4,76528,13167,22.600000000000023,0,Medium
692381,20.7957,85.2543,303.5,1.9,1.3,2025-03-07,1513,0,MODIS,55,61.03,293.2,15.2,0,2,2025,3,7,1513,15,13,2,1,73921,19544,10.300000000000011,0,Medium
509862,27.0288,83.5522,310.2,1.3,1.1,2022-11-20,805,1,MODIS,48,6.03,298.7,6.1,1,0,2022,11,20,805,8,5,4,7,41741,5012,11.5,0,Low
716674,11.7381,78.7801,321.5,2.5,1.5,2025-03-30,1538,0,MODIS,100,61.03,293.4,68.8,0,0,2025,3,30,1538,15,38,2,6,13460,3928,28.100000000000023,1,Extreme
657482,25.5527,78.6619,315.9,3.2,1.7,2024-11-11,927,1,MODIS,59,61.03,300.8,31.2,1,0,2024,11,11,927,9,27,4,4,76528,9210,15.099999999999966,0,High
183373,24.3174,93.8321,313.9,1.0,1.0,2019-02-24,702,1,MODIS,48,6.03,302.2,4.9,1,0,2019,2,24,702,7,2,1,2,57778,3915,11.699999999999989,0,Low
745458,31.5884,75.2309,316.7,1.0,1.0,2025-10-19,936,1,MODIS,68,61.03,302.9,7.4,1,0,2025,10,19,936,9,36,4,0,167610,39610,13.800000000000011,0,Low
698824,20.6425,81.8219,324.1,1.7,1.3,2025-03-14,833,1,MODIS,55,61.03,310.8,11.4,1,0,2025,3,14,833,8,33,2,1,73921,19544,13.300000000000011,0,Medium
628436,17.6076,82.0544,326.2,1.2,1.1,2024-04-10,816,1,MODIS,66,61.03,305.4,13.8,1,0,2024,4,10,816,8,16,2,13,47964,11656,20.80000000000001,0,Medium
400840,22.0548,79.1638,331.6,1.3,1.1,2021-04-29,511,0,MODIS,61,6.03,315.9,11.1,1,0,2021,4,29,511,5,11,2,5,47348,16741,15.700000000000044,0,Medium
439061,18.1727,74.9701,312.3,1.0,1.0,2022-01-29,538,0,MODIS,32,6.03,301.6,4.3,1,0,2022,1,29,538,5,38,1,3,38436,8477,10.699999999999989,0,Low
546808,23.4442,93.127,314.8,1.8,1.3,2023-03-14,656,1,MODIS,48,61.03,284.2,14.5,1,0,2023,3,14,656,6,56,2,2,57778,42248,30.600000000000023,0,Medium
148113,30.9288,75.67,330.8,1.3,1.1,2018-05-31,601,0,MODIS,72,6.03,312.5,13.4,1,0,2018,5,31,601,6,1,2,0,167610,31628,18.30000000000001,0,Medium
595270,25.7688,78.3711,314.2,1.0,1.0,2023-12-25,825,1,MODIS,70,61.03,296.3,10.1,1,0,2023,12,25,825,8,25,1,4,76528,1065,17.899999999999977,0,Medium
297179,30.4335,76.413,334.5,1.0,1.0,2020-10-21,811,1,MODIS,86,6.03,304.7,27.2,1,0,2020,10,21,811,8,11,4,0,167610,39610,29.80000000000001,1,Medium
256430,16.2888,77.6026,332.8,1.0,1.0,2020-03-02,814,1,MODIS,75,6.03,308.8,17.4,1,0,2020,3,2,814,8,14,2,14,36148,12659,24.0,0,Medium
681824,14.7172,76.3331,324.4,2.1,1.4,2025-02-15,852,1,MODIS,63,61.03,308.3,24.8,1,0,2025,2,15,852,8,52,1,14,36148,10539,16.099999999999966,0,Medium
328871,31.935,77.064,301.1,1.2,1.1,2021-01-28,528,0,MODIS,35,6.03,285.1,8.2,1,0,2021,1,28,528,5,28,1,0,167610,2724,16.0,0,Low
462132,25.5516,90.1317,320.7,1.2,1.1,2022-03-23,732,1,MODIS,68,6.03,305.5,9.7,1,0,2022,3,23,732,7,32,2,8,33148,19990,15.199999999999989,0,Low
316818,26.915,81.0604,306.6,1.0,1.0,2020-11-18,524,0,MODIS,49,6.03,294.9,3.6,1,2,2020,11,18,524,5,24,4,7,41741,5012,11.700000000000044,0,Low
202144,21.8025,76.974,333.3,1.2,1.1,2019-04-03,804,1,MODIS,52,6.03,319.5,10.5,1,0,2019,4,3,804,8,4,2,4,76528,39620,13.800000000000011,0,Medium
5388,22.0296,82.2827,315.7,1.1,1.0,2017-02-06,507,0,MODIS,62,6.2,304.2,5.1,1,0,2017,2,6,507,5,7,1,1,73921,9366,11.5,0,Low
770039,28.4275,80.6338,317.6,1.1,1.0,2026-01-19,934,1,MODIS,78,61.03,295.7,14.5,1,0,2026,1,19,934,9,34,1,7,41741,2018,21.900000000000038,0,Medium
609388,22.0445,83.7485,313.5,3.7,1.8,2024-03-06,510,0,MODIS,59,61.03,299.4,38.9,1,2,2024,3,6,510,5,10,2,1,73921,19544,14.100000000000025,0,High
325699,26.6388,95.0446,301.9,3.7,1.8,2021-01-05,345,0,MODIS,50,6.03,286.4,34.5,1,0,2021,1,5,345,3,45,1,11,41370,4936,15.5,0,High
719165,25.8235,91.4701,314.1,1.6,1.3,2025-04-02,752,1,MODIS,42,61.03,298.3,9.6,1,0,2025,4,2,752,7,52,2,8,33148,7372,15.800000000000011,0,Low
581074,31.1446,75.237,312.7,1.0,1.0,2023-11-03,829,1,MODIS,44,61.03,296.6,5.5,1,0,2023,11,3,829,8,29,4,0,167610,73042,16.099999999999966,0,Low
285245,23.5843,82.0432,329.4,1.0,1.0,2020-04-30,757,1,MODIS,69,6.03,310.6,10.2,1,0,2020,4,30,757,7,57,2,5,47348,16741,18.799999999999955,0,Medium
437731,14.9839,75.7607,320.2,1.2,1.1,2022-01-13,539,0,MODIS,62,6.03,301.4,14.6,1,0,2022,1,13,539,5,39,1,14,36148,3490,18.80000000000001,0,Medium
113556,23.8638,92.0391,321.9,2.3,1.5,2018-03-20,644,1,MODIS,68,6.03,301.8,41.6,1,0,2018,3,20,644,6,44,2,2,57778,42248,20.09999999999997,0,High
206235,22.3508,77.3828,360.6,1.0,1.0,2019-04-13,532,0,MODIS,100,6.03,321.7,63.0,1,0,2019,4,13,532,5,32,2,4,76528,39620,38.900000000000034,1,Extreme
406638,30.0899,74.6156,373.1,1.5,1.2,2021-06-20,759,1,MODIS,100,6.03,309.3,191.5,1,0,2021,6,20,759,7,59,3,0,167610,3042,63.80000000000001,1,Extreme
351647,17.6493,80.3189,327.6,1.5,1.2,2021-03-12,820,1,MODIS,52,6.03,312.2,15.7,1,0,2021,3,12,820,8,20,2,13,47964,18871,15.400000000000034,0,Medium
123383,22.2442,77.0712,336.8,2.3,1.5,2018-03-29,507,0,MODIS,83,6.03,314.3,64.5,1,0,2018,3,29,507,5,7,2,4,76528,13167,22.5,1,Extreme
718276,19.6273,83.6974,325.2,1.0,1.0,2025-04-01,850,1,MODIS,66,61.03,308.2,9.3,1,0,2025,4,1,850,8,50,2,1,73921,9197,17.0,0,Low
53158,31.4027,74.7024,336.8,1.1,1.1,2017-05-07,541,0,MODIS,77,6.2,316.4,14.9,1,0,2017,5,7,541,5,41,2,0,167610,31628,20.400000000000038,0,Medium
512176,24.9855,83.9492,314.9,1.1,1.0,2022-12-01,742,1,MODIS,67,6.03,299.8,9.6,1,0,2022,12,1,742,7,42,1,12,49232,8420,15.099999999999966,0,Low
642550,24.7891,76.2733,316.7,1.3,1.1,2024-05-09,1642,0,MODIS,91,61.03,299.6,14.5,0,0,2024,5,9,1642,16,42,2,4,76528,7507,17.099999999999966,0,Medium
596363,22.0463,83.7439,300.7,1.1,1.0,2023-12-30,2043,1,MODIS,33,61.03,287.1,6.2,0,0,2023,12,30,2043,20,43,1,1,73921,11178,13.599999999999966,0,Low
611167,24.3844,92.7161,315.0,1.0,1.0,2024-03-09,739,1,MODIS,65,61.03,300.7,8.5,1,0,2024,3,9,739,7,39,2,2,57778,42248,14.300000000000011,0,Low
246346,30.0036,76.8649,312.9,1.3,1.1,2019-12-01,753,1,MODIS,72,6.03,294.5,13.8,1,0,2019,12,1,753,7,53,1,0,167610,3314,18.399999999999977,0,Medium
504264,30.8001,75.7073,313.9,1.1,1.1,2022-11-09,829,1,MODIS,64,6.03,298.1,6.8,1,0,2022,11,9,829,8,29,4,0,167610,73042,15.799999999999956,0,Low
533349,20.3548,81.6184,323.5,1.0,1.0,2023-02-25,802,1,MODIS,64,61.03,312.4,7.3,1,0,2023,2,25,802,8,2,1,13,47964,5221,11.100000000000025,0,Low
396334,19.9358,83.5879,339.4,3.6,1.8,2021-04-20,827,1,MODIS,86,6.03,299.8,201.9,1,0,2021,4,20,827,8,27,2,1,73921,9197,39.599999999999966,1,Extreme
502573,25.6961,76.6853,319.2,1.5,1.2,2022-11-05,541,0,MODIS,62,6.03,305.1,13.8,1,0,2022,11,5,541,5,41,4,4,76528,9210,14.099999999999966,0,Medium
681088,22.9759,79.0018,323.7,1.3,1.1,2025-02-13,913,1,MODIS,77,61.03,303.2,20.8,1,0,2025,2,13,913,9,13,1,5,47348,2034,20.5,0,Medium
28718,21.378,76.8838,309.1,1.1,1.0,2017-04-01,1703,0,MODIS,74,6.2,298.2,5.8,0,0,2017,4,1,1703,17,3,2,9,27481,3504,10.900000000000034,0,Low
734465,19.6537,84.0683,319.1,1.1,1.0,2025-04-26,844,1,MODIS,41,61.03,303.2,6.6,1,0,2025,4,26,844,8,44,2,1,73921,9197,15.900000000000034,0,Low
436507,24.726,74.6225,304.5,1.1,1.0,2022-01-01,829,1,MODIS,56,6.03,293.2,4.2,1,0,2022,1,1,829,8,29,1,4,76528,1502,11.300000000000011,0,Low
289427,16.7123,81.1767,329.8,1.1,1.0,2020-05-14,808,1,MODIS,43,6.03,305.6,16.3,1,0,2020,5,14,808,8,8,2,13,47964,4838,24.19999999999999,0,Medium
538840,22.3396,86.9501,325.3,1.7,1.3,2023-03-04,804,1,MODIS,72,61.03,307.3,22.7,1,0,2023,3,4,804,8,4,2,12,49232,10270,18.0,0,Medium
199692,22.9709,92.4761,327.8,1.7,1.3,2019-03-30,650,1,MODIS,80,6.03,300.5,41.2,1,0,2019,3,30,650,6,50,2,2,57778,42248,27.30000000000001,0,High
543720,10.3885,77.1546,325.7,2.4,1.5,2023-03-11,803,1,MODIS,75,61.03,299.3,68.5,1,0,2023,3,11,803,8,3,2,6,13460,3928,26.399999999999977,0,Extreme
718289,19.7883,83.2223,350.0,1.0,1.0,2025-04-01,850,1,MODIS,94,61.03,305.8,48.9,1,0,2025,4,1,850,8,50,2,1,73921,9197,44.19999999999999,1,High
501151,21.9234,83.346,316.4,1.1,1.0,2022-11-04,501,0,MODIS,67,6.03,304.4,9.1,1,2,2022,11,4,501,5,1,4,1,73921,2885,12.0,0,Low
755348,25.7352,76.7084,309.5,1.1,1.0,2025-11-24,945,1,MODIS,62,61.03,297.9,5.7,1,0,2025,11,24,945,9,45,4,4,76528,9210,11.600000000000025,0,Low
183010,13.9494,75.8915,305.5,1.0,1.0,2019-02-23,1720,0,MODIS,65,6.03,294.3,6.5,0,0,2019,2,23,1720,17,20,1,14,36148,10539,11.199999999999989,0,Low
215824,24.2448,80.9125,342.0,1.0,1.0,2019-05-01,519,0,MODIS,83,6.03,321.8,19.8,1,0,2019,5,1,519,5,19,2,5,47348,4086,20.19999999999999,0,Medium
203072,19.1711,80.4323,323.0,1.2,1.1,2019-04-05,750,1,MODIS,36,6.03,302.6,6.2,1,0,2019,4,5,750,7,50,2,13,47964,11656,20.399999999999977,0,Low
722705,21.7125,78.4401,342.8,1.7,1.3,2025-04-07,928,1,MODIS,85,61.03,317.9,49.6,1,0,2025,4,7,928,9,28,2,4,76528,39620,24.900000000000038,1,High
488799,18.5586,78.4311,332.8,1.1,1.0,2022-05-09,821,1,MODIS,62,6.03,311.0,10.5,1,0,2022,5,9,821,8,21,2,9,27481,1637,21.80000000000001,0,Medium
386850,25.1098,92.9309,323.3,2.4,1.5,2021-04-06,638,1,MODIS,79,6.03,300.9,57.5,1,0,2021,4,6,638,6,38,2,8,33148,7372,22.400000000000038,0,High
511722,23.9213,71.6365,313.7,1.1,1.0,2022-11-29,549,0,MODIS,56,6.03,303.2,6.4,1,0,2022,11,29,549,5,49,4,10,21095,1837,10.5,0,Low
2791,21.6222,83.3881,310.3,1.0,1.0,2017-01-21,507,0,MODIS,50,6.2,299.2,4.2,1,0,2017,1,21,507,5,7,1,1,73921,10736,11.100000000000025,0,Low
729146,25.7289,76.4702,334.6,1.0,1.0,2025-04-21,432,0,MODIS,72,61.03,314.7,18.2,1,0,2025,4,21,432,4,32,2,4,76528,39620,19.900000000000038,0,Medium
463229,24.0193,92.0955,329.5,1.0,1.0,2022-03-25,719,1,MODIS,80,6.03,297.9,20.1,1,0,2022,3,25,719,7,19,2,2,57778,42248,31.600000000000023,0,Medium
81283,21.3376,82.869,313.7,1.4,1.2,2017-12-25,455,0,MODIS,68,6.2,299.1,12.3,1,0,2017,12,25,455,4,55,1,1,73921,11178,14.599999999999966,0,Medium
387677,23.0959,91.5903,312.8,2.1,1.4,2021-04-07,410,0,MODIS,53,6.03,297.4,13.8,1,0,2021,4,7,410,4,10,2,2,57778,10542,15.400000000000034,0,Medium
568042,19.8648,85.4348,321.4,2.1,1.4,2023-05-05,728,1,MODIS,46,61.03,291.2,44.6,1,0,2023,5,5,728,7,28,2,1,73921,4396,30.19999999999999,0,High
389717,25.4733,93.3903,327.6,1.0,1.0,2021-04-09,708,1,MODIS,82,6.03,301.3,16.8,1,0,2021,4,9,708,7,8,2,11,41370,8105,26.30000000000001,0,Medium
659426,22.7905,86.205,313.5,1.6,1.2,2024-11-16,425,0,MODIS,53,61.03,299.2,15.5,1,2,2024,11,16,425,4,25,4,12,49232,3375,14.300000000000011,0,Medium
347590,22.0685,79.9343,333.5,1.0,1.0,2021-03-07,803,1,MODIS,78,6.03,314.1,18.1,1,0,2021,3,7,803,8,3,2,5,47348,12422,19.399999999999977,0,Medium
358114,25.017,93.2698,319.3,3.4,1.7,2021-03-18,745,1,MODIS,58,6.03,297.5,65.7,1,0,2021,3,18,745,7,45,2,2,57778,42248,21.80000000000001,0,Extreme
566758,17.1885,80.7976,323.4,1.6,1.2,2023-04-24,755,1,MODIS,60,61.03,301.1,14.0,1,0,2023,4,24,755,7,55,2,13,47964,11656,22.299999999999955,0,Medium
634680,25.7513,91.2747,327.6,1.5,1.2,2024-04-24,802,1,MODIS,76,61.03,304.6,25.9,1,0,2024,4,24,802,8,2,2,8,33148,7372,23.0,0,Medium
399906,29.5733,76.6251,333.6,2.0,1.4,2021-04-27,836,1,MODIS,74,6.03,312.6,34.6,1,0,2021,4,27,836,8,36,2,0,167610,7906,21.0,0,High
599936,21.2379,81.4663,318.3,1.2,1.1,2024-01-22,454,0,MODIS,76,61.03,291.0,17.9,1,0,2024,1,22,454,4,54,1,5,47348,1762,27.30000000000001,0,Medium
382387,22.819,77.8179,328.2,4.0,1.9,2021-04-03,613,0,MODIS,35,6.03,311.1,76.7,1,0,2021,4,3,613,6,13,2,4,76528,39620,17.099999999999966,0,Extreme
734688,29.8763,78.4084,320.0,1.5,1.2,2025-04-26,846,1,MODIS,69,61.03,306.4,14.0,1,0,2025,4,26,846,8,46,2,0,167610,7906,13.600000000000025,0,Medium
12056,21.1658,86.2441,322.6,1.3,1.1,2017-02-26,750,1,MODIS,54,6.2,310.7,6.2,1,0,2017,2,26,750,7,50,1,1,73921,9366,11.900000000000034,0,Low
623666,18.3883,81.1061,334.5,1.1,1.0,2024-04-03,823,1,MODIS,77,61.03,309.7,15.3,1,0,2024,4,3,823,8,23,2,13,47964,11656,24.80000000000001,0,Medium
497286,30.32,76.4955,322.0,1.1,1.0,2022-10-28,809,1,MODIS,75,6.03,303.1,12.8,1,0,2022,10,28,809,8,9,4,0,167610,39610,18.899999999999977,0,Medium
57388,16.6038,81.0989,333.0,1.6,1.3,2017-05-31,456,0,MODIS,77,6.2,301.3,43.9,1,0,2017,5,31,456,4,56,2,13,47964,4838,31.69999999999999,0,High
108699,13.611,75.4573,302.9,2.1,1.4,2018-03-12,1656,0,MODIS,32,6.03,290.5,14.4,0,0,2018,3,12,1656,16,56,2,14,36148,12659,12.399999999999975,0,Medium
21432,24.6822,93.1329,328.9,1.0,1.0,2017-03-22,702,1,MODIS,82,6.2,300.1,23.8,1,0,2017,3,22,702,7,2,2,2,57778,42248,28.799999999999955,1,Medium
603630,26.7098,91.05,321.4,2.7,1.6,2024-02-11,707,1,MODIS,80,61.03,297.2,61.9,1,0,2024,2,11,707,7,7,1,8,33148,2829,24.19999999999999,0,Extreme
677845,19.0989,76.0854,307.3,1.4,1.2,2025-02-04,1600,0,MODIS,71,61.03,290.8,14.2,0,0,2025,2,4,1600,16,0,1,9,27481,5254,16.5,0,Medium
193950,25.7894,91.4847,319.1,2.3,1.5,2019-03-23,644,1,MODIS,31,6.03,295.1,34.5,1,0,2019,3,23,644,6,44,2,8,33148,19990,24.0,0,High
441512,25.0987,94.0178,304.8,1.1,1.1,2022-02-14,715,1,MODIS,30,6.03,294.2,4.6,1,0,2022,2,14,715,7,15,1,11,41370,5791,10.600000000000025,0,Low
424138,30.4828,76.0751,328.7,1.0,1.0,2021-11-09,812,1,MODIS,81,6.03,301.2,19.1,1,0,2021,11,9,812,8,12,4,0,167610,73042,27.5,0,Medium
755649,19.2092,76.3977,316.4,1.0,1.0,2025-11-26,416,0,MODIS,70,61.03,299.0,9.9,1,0,2025,11,26,416,4,16,4,9,27481,2693,17.399999999999977,0,Low
662279,25.8506,78.001,314.9,1.6,1.2,2024-11-23,913,1,MODIS,48,61.03,299.5,13.2,1,0,2024,11,23,913,9,13,4,4,76528,9210,15.399999999999975,0,Medium
710884,15.7306,78.7574,323.8,1.7,1.3,2025-03-27,850,1,MODIS,56,61.03,302.8,24.4,1,0,2025,3,27,850,8,50,2,14,36148,12659,21.0,0,Medium
16348,20.7719,70.749,326.6,1.0,1.0,2017-03-06,840,1,MODIS,49,6.2,312.4,9.3,1,0,2017,3,6,840,8,40,2,10,21095,5604,14.200000000000044,0,Low
3553,25.5612,91.2348,310.6,1.0,1.0,2017-01-25,441,0,MODIS,66,6.2,297.0,6.6,1,0,2017,1,25,441,4,41,1,8,33148,1715,13.600000000000025,0,Low
239057,30.0119,74.478,320.6,1.1,1.0,2019-11-04,811,1,MODIS,66,6.03,301.3,11.8,1,0,2019,11,4,811,8,11,4,0,167610,73042,19.30000000000001,0,Medium
383661,22.9346,75.7851,302.6,1.0,1.0,2021-04-03,1709,0,MODIS,50,6.03,290.7,5.5,0,0,2021,4,3,1709,17,9,2,4,76528,39620,11.900000000000034,0,Low
238686,13.9309,77.4873,317.6,1.2,1.1,2019-11-04,807,1,MODIS,56,6.03,303.2,7.4,1,0,2019,11,4,807,8,7,4,14,36148,1186,14.400000000000034,0,Low
735029,19.3975,74.0267,333.3,1.1,1.0,2025-04-27,923,1,MODIS,52,61.03,320.9,10.1,1,0,2025,4,27,923,9,23,2,3,38436,3037,12.400000000000034,0,Medium
108171,23.4518,92.4268,319.0,1.7,1.3,2018-03-12,733,1,MODIS,69,6.03,301.0,24.5,1,0,2018,3,12,733,7,33,2,2,57778,42248,18.0,0,Medium
567369,26.0858,93.2998,329.7,2.4,1.5,2023-04-27,647,1,MODIS,84,61.03,298.9,73.9,1,0,2023,4,27,647,6,47,2,11,41370,8105,30.80000000000001,1,Extreme
198265,24.0225,92.0797,316.7,1.2,1.1,2019-03-28,702,1,MODIS,66,6.03,301.1,9.1,1,0,2019,3,28,702,7,2,2,2,57778,42248,15.599999999999966,0,Low
236284,30.3124,75.0184,325.3,1.1,1.1,2019-10-28,805,1,MODIS,76,6.03,301.7,19.8,1,0,2019,10,28,805,8,5,4,0,167610,39610,23.600000000000023,0,Medium
687248,20.9428,84.1452,327.8,2.7,1.6,2025-02-28,913,1,MODIS,78,61.03,306.6,56.4,1,0,2025,2,28,913,9,13,1,1,73921,9366,21.19999999999999,0,High
288584,24.1821,79.3171,335.9,1.0,1.0,2020-05-10,525,0,MODIS,55,6.03,318.3,7.6,1,0,2020,5,10,525,5,25,2,5,47348,4086,17.599999999999966,0,Low
3520,10.5307,76.234,327.4,1.6,1.3,2017-01-24,843,1,MODIS,74,6.2,308.3,27.1,1,0,2017,1,24,843,8,43,1,6,13460,1313,19.09999999999997,0,Medium
693807,21.5343,76.5331,335.6,3.8,1.8,2025-03-09,834,1,MODIS,83,61.03,311.7,146.4,1,0,2025,3,9,834,8,34,2,4,76528,13167,23.900000000000038,1,Extreme
401575,19.5598,83.1276,326.8,2.1,1.4,2021-04-30,725,1,MODIS,71,6.03,306.0,33.9,1,0,2021,4,30,725,7,25,2,1,73921,9197,20.80000000000001,0,High
491572,15.0373,79.7364,323.3,1.7,1.3,2022-05-30,529,0,MODIS,43,6.03,304.0,17.8,1,0,2022,5,30,529,5,29,2,14,36148,1092,19.30000000000001,0,Medium
3739,21.1072,72.6417,315.3,2.1,1.4,2017-01-26,526,0,MODIS,0,6.2,298.6,23.1,1,2,2017,1,26,526,5,26,1,10,21095,2544,16.69999999999999,0,Medium
508863,30.4788,74.8774,318.9,1.1,1.1,2022-11-16,833,1,MODIS,70,6.03,299.1,12.4,1,0,2022,11,16,833,8,33,4,0,167610,73042,19.799999999999955,0,Medium
298504,30.6156,74.5486,314.4,1.9,1.3,2020-10-24,842,1,MODIS,61,6.03,301.3,14.2,1,0,2020,10,24,842,8,42,4,0,167610,39610,13.099999999999966,0,Medium
99872,19.5404,79.9929,328.2,1.5,1.2,2018-03-04,821,1,MODIS,70,6.03,310.7,18.9,1,0,2018,3,4,821,8,21,2,13,47964,18871,17.5,0,Medium
554466,24.5094,92.937,317.9,1.0,1.0,2023-04-09,714,1,MODIS,63,61.03,303.4,7.9,1,0,2023,4,9,714,7,14,2,2,57778,10542,14.5,0,Low
554336,23.7991,91.9473,359.0,1.2,1.1,2023-04-09,714,1,MODIS,99,61.03,303.8,90.7,1,0,2023,4,9,714,7,14,2,2,57778,10542,55.19999999999999,1,Extreme
660683,30.9814,75.1781,320.0,1.2,1.1,2024-11-18,913,1,MODIS,48,61.03,297.7,14.1,1,0,2024,11,18,913,9,13,4,0,167610,73042,22.30000000000001,0,Medium
370386,28.3286,80.7063,339.8,1.3,1.1,2021-03-28,510,0,MODIS,89,6.03,304.9,43.8,1,0,2021,3,28,510,5,10,2,7,41741,3895,34.900000000000034,1,High
709176,22.0392,83.7317,322.4,1.6,1.2,2025-03-26,347,0,MODIS,69,61.03,307.4,16.3,1,2,2025,3,26,347,3,47,2,1,73921,19544,15.0,0,Medium
296058,31.2138,74.7759,317.2,1.6,1.2,2020-10-17,836,1,MODIS,61,6.03,304.4,11.8,1,0,2020,10,17,836,8,36,4,0,167610,39610,12.800000000000011,0,Medium
526023,22.8607,87.3775,313.3,1.2,1.1,2023-02-08,730,1,MODIS,40,61.03,302.1,6.5,1,0,2023,2,8,730,7,30,1,12,49232,3888,11.199999999999989,0,Low
53847,31.5519,74.9678,330.7,1.3,1.1,2017-05-08,800,1,MODIS,39,6.2,313.3,9.2,1,0,2017,5,8,800,8,0,2,0,167610,31628,17.399999999999977,0,Low
375206,23.5586,81.8005,332.6,1.4,1.2,2021-03-30,809,1,MODIS,68,6.03,314.6,21.5,1,0,2021,3,30,809,8,9,2,5,47348,12422,18.0,0,Medium
51061,24.5077,79.2441,333.8,1.0,1.0,2017-05-02,525,0,MODIS,53,6.2,320.0,8.6,1,0,2017,5,2,525,5,25,2,5,47348,4086,13.800000000000011,0,Low
590,17.6509,76.4595,323.2,1.0,1.0,2017-01-05,814,1,MODIS,60,6.2,311.4,9.3,1,0,2017,1,5,814,8,14,1,9,27481,3684,11.800000000000011,0,Low
556749,25.0021,92.9062,337.9,1.5,1.2,2023-04-11,700,1,MODIS,88,61.03,303.4,62.7,1,0,2023,4,11,700,7,0,2,2,57778,10542,34.5,1,Extreme
128867,22.8947,78.4231,302.5,1.0,1.0,2018-04-04,1704,0,MODIS,18,6.03,292.4,4.1,0,0,2018,4,4,1704,17,4,2,4,76528,39620,10.100000000000025,0,Low
388035,25.3998,93.3511,322.9,1.3,1.1,2021-04-07,720,1,MODIS,74,6.03,302.8,15.6,1,0,2021,4,7,720,7,20,2,11,41370,8105,20.09999999999997,0,Medium
321632,21.9618,87.2703,311.9,1.0,1.0,2020-12-14,732,1,MODIS,52,6.03,297.3,5.0,1,0,2020,12,14,732,7,32,1,12,49232,8420,14.599999999999966,0,Low
102847,23.2371,93.3089,317.6,1.1,1.0,2018-03-07,715,1,MODIS,43,6.03,297.7,11.9,1,0,2018,3,7,715,7,15,2,2,57778,42248,19.900000000000038,0,Medium
609303,26.2725,94.7028,311.6,4.2,1.9,2024-03-05,811,1,MODIS,53,61.03,296.8,60.5,1,0,2024,3,5,811,8,11,2,11,41370,18499,14.800000000000011,0,Extreme
127754,22.9318,92.5067,347.8,1.4,1.2,2018-04-03,656,1,MODIS,94,6.03,301.5,80.0,1,0,2018,4,3,656,6,56,2,2,57778,10542,46.30000000000001,1,Extreme
70207,29.6127,75.3282,312.6,1.0,1.0,2017-11-05,817,1,MODIS,43,6.2,301.0,5.0,1,0,2017,11,5,817,8,17,4,0,167610,73042,11.600000000000025,0,Low
192725,17.0,76.3145,306.8,1.0,1.0,2019-03-20,1715,0,MODIS,62,6.03,296.6,4.8,0,0,2019,3,20,1715,17,15,2,3,38436,7918,10.199999999999989,0,Low
611434,26.8843,94.9302,315.5,1.2,1.1,2024-03-09,739,1,MODIS,60,61.03,297.5,11.1,1,0,2024,3,9,739,7,39,2,11,41370,18499,18.0,0,Medium
209723,26.9574,83.0533,305.8,1.1,1.0,2019-04-20,1634,0,MODIS,66,6.03,293.6,7.0,0,0,2019,4,20,1634,16,34,2,7,41741,15320,12.199999999999989,0,Low
457641,24.3575,92.4581,318.2,1.0,1.0,2022-03-18,713,1,MODIS,62,6.03,303.3,7.5,1,0,2022,3,18,713,7,13,2,2,57778,42248,14.899999999999975,0,Low
446422,15.9923,74.7726,321.1,3.4,1.7,2022-03-05,608,0,MODIS,63,6.03,305.8,36.4,1,0,2022,3,5,608,6,8,2,3,38436,7918,15.300000000000011,0,High
164041,30.9547,76.095,312.6,1.0,1.0,2018-11-10,805,1,MODIS,66,6.03,300.0,6.0,1,0,2018,11,10,805,8,5,4,0,167610,73042,12.600000000000025,0,Low
750359,18.7359,77.9018,313.4,1.0,1.0,2025-11-11,934,1,MODIS,36,61.03,301.6,4.3,1,0,2025,11,11,934,9,34,4,9,27481,2693,11.799999999999956,0,Low
126081,22.9094,79.7902,337.4,1.0,1.0,2018-03-31,804,1,MODIS,75,6.03,325.0,9.2,1,0,2018,3,31,804,8,4,2,5,47348,12422,12.399999999999975,0,Low
646161,19.5829,80.8758,347.0,3.0,1.6,2024-05-22,906,1,MODIS,92,61.03,294.6,236.5,1,0,2024,5,22,906,9,6,2,13,47964,4838,52.39999999999998,1,Extreme
728368,22.4797,80.3401,335.9,1.0,1.0,2025-04-19,906,1,MODIS,60,61.03,319.7,12.7,1,0,2025,4,19,906,9,6,2,5,47348,16741,16.19999999999999,0,Medium
535915,17.7284,75.0274,319.1,1.4,1.2,2023-03-01,504,0,MODIS,53,61.03,305.7,9.9,1,0,2023,3,1,504,5,4,2,3,38436,7918,13.400000000000034,0,Low
693154,14.3899,74.9665,338.3,1.1,1.0,2025-03-08,931,1,MODIS,85,61.03,312.5,29.1,1,0,2025,3,8,931,9,31,2,14,36148,12659,25.80000000000001,1,Medium
274238,20.1855,79.7713,326.5,1.0,1.0,2020-04-05,803,1,MODIS,44,6.03,309.6,6.9,1,0,2020,4,5,803,8,3,2,13,47964,11656,16.899999999999977,0,Low
94214,15.9211,78.9528,324.2,1.4,1.2,2018-02-23,826,1,MODIS,51,6.03,308.2,15.1,1,0,2018,2,23,826,8,26,1,14,36148,10539,16.0,0,Medium
527249,13.5492,77.7446,317.0,1.3,1.1,2023-02-12,455,0,MODIS,55,61.03,305.2,8.1,1,0,2023,2,12,455,4,55,1,14,36148,10539,11.800000000000011,0,Low
217240,23.1798,79.7908,338.6,1.0,1.0,2019-05-05,804,1,MODIS,77,6.03,320.0,13.8,1,0,2019,5,5,804,8,4,2,5,47348,4086,18.600000000000023,0,Medium
115658,19.9757,80.2123,328.9,1.1,1.0,2018-03-22,809,1,MODIS,53,6.03,314.1,9.6,1,0,2018,3,22,809,8,9,2,13,47964,18871,14.799999999999956,0,Low
464094,23.674,84.3539,321.8,1.4,1.2,2022-03-26,802,1,MODIS,23,6.03,306.3,8.6,1,0,2022,3,26,802,8,2,2,12,49232,10270,15.5,0,Low
367016,25.4192,93.9409,320.3,1.1,1.0,2021-03-26,656,1,MODIS,48,6.03,298.2,14.2,1,0,2021,3,26,656,6,56,2,11,41370,18499,22.100000000000023,0,Medium
435710,21.1112,72.6473,303.8,1.3,1.1,2021-12-23,2044,1,MODIS,57,6.03,292.3,10.0,0,2,2021,12,23,2044,20,44,1,10,21095,1721,11.5,0,Low
589295,30.5435,76.3524,316.0,1.8,1.3,2023-11-19,807,1,MODIS,51,61.03,299.6,18.3,1,0,2023,11,19,807,8,7,4,0,167610,73042,16.399999999999977,0,Medium
168655,18.767,78.4114,321.3,1.4,1.2,2018-11-22,827,1,MODIS,68,6.03,306.4,15.0,1,0,2018,11,22,827,8,27,4,9,27481,2693,14.900000000000034,0,Medium
282225,21.6733,78.2249,339.1,1.1,1.0,2020-04-21,803,1,MODIS,78,6.03,319.9,17.3,1,0,2020,4,21,803,8,3,2,4,76528,39620,19.200000000000045,0,Medium
299554,31.9921,74.8382,316.4,1.3,1.1,2020-10-26,830,1,MODIS,59,6.03,302.5,11.3,1,0,2020,10,26,830,8,30,4,0,167610,39610,13.899999999999975,0,Medium
218024,30.0085,75.453,338.6,1.2,1.1,2019-05-06,536,0,MODIS,78,6.03,321.2,21.4,1,0,2019,5,6,536,5,36,2,0,167610,31628,17.400000000000034,0,Medium
640009,26.4307,84.6164,333.7,1.1,1.0,2024-05-04,819,1,MODIS,76,61.03,308.9,20.2,1,0,2024,5,4,819,8,19,2,12,49232,3184,24.80000000000001,0,Medium
390831,22.5214,76.1603,333.9,1.3,1.1,2021-04-11,524,0,MODIS,73,6.03,316.4,15.5,1,0,2021,4,11,524,5,24,2,4,76528,39620,17.5,0,Medium
549227,20.3612,85.2503,316.9,4.3,1.9,2023-03-23,522,0,MODIS,0,61.03,297.4,54.6,1,0,2023,3,23,522,5,22,2,1,73921,19544,19.5,0,High
14098,24.0716,93.8837,314.9,1.7,1.3,2017-03-02,726,1,MODIS,63,6.2,300.5,17.8,1,0,2017,3,2,726,7,26,2,2,57778,42248,14.399999999999975,0,Medium
154170,18.6709,78.4558,316.2,1.0,1.0,2018-10-28,527,0,MODIS,45,6.03,301.7,6.1,1,0,2018,10,28,527,5,27,4,9,27481,462,14.5,0,Low
152459,31.1336,74.6103,334.1,1.0,1.0,2018-10-23,818,1,MODIS,85,6.03,303.8,27.1,1,0,2018,10,23,818,8,18,4,0,167610,39610,30.30000000000001,1,Medium
80822,30.245,75.4121,314.7,1.3,1.1,2017-12-21,830,1,MODIS,74,6.2,295.4,16.2,1,0,2017,12,21,830,8,30,1,0,167610,3314,19.30000000000001,0,Medium
618809,24.0351,73.3901,327.7,1.4,1.2,2024-03-20,839,1,MODIS,60,61.03,315.5,13.1,1,0,2024,3,20,839,8,39,2,10,21095,5604,12.199999999999989,0,Medium
585385,30.5894,75.4183,311.8,1.8,1.3,2023-11-12,811,1,MODIS,43,61.03,298.9,11.9,1,0,2023,11,12,811,8,11,4,0,167610,73042,12.900000000000034,0,Medium
548778,13.6803,79.419,323.4,1.0,1.0,2023-03-16,819,1,MODIS,60,61.03,301.0,12.2,1,0,2023,3,16,819,8,19,2,14,36148,12659,22.399999999999977,0,Medium
83367,17.9814,73.3938,324.6,1.0,1.0,2018-01-06,827,1,MODIS,76,6.03,304.7,14.4,1,0,2018,1,6,827,8,27,1,3,38436,8477,19.900000000000038,0,Medium
60201,29.8198,76.4768,315.5,1.0,1.0,2017-10-13,811,1,MODIS,56,6.2,303.5,6.2,1,0,2017,10,13,811,8,11,4,0,167610,39610,12.0,0,Low
733462,23.6689,76.065,315.3,1.6,1.3,2025-04-24,1547,0,MODIS,90,61.03,296.8,23.2,0,0,2025,4,24,1547,15,47,2,4,76528,39620,18.5,1,Medium
484007,32.2609,76.1528,308.8,1.3,1.1,2022-04-29,1709,0,MODIS,76,6.03,295.7,8.7,0,0,2022,4,29,1709,17,9,2,0,167610,7906,13.100000000000025,0,Low
306852,30.7568,75.5887,313.2,1.2,1.1,2020-11-04,824,1,MODIS,37,6.03,300.4,6.0,1,0,2020,11,4,824,8,24,4,0,167610,73042,12.800000000000011,0,Low
83745,32.2576,75.4872,301.9,1.0,1.0,2018-01-08,818,1,MODIS,49,6.03,291.0,4.2,1,0,2018,1,8,818,8,18,1,0,167610,2724,10.899999999999975,0,Low
494246,20.7438,84.4602,313.5,2.3,1.5,2022-09-28,517,0,MODIS,42,6.03,292.8,21.1,1,0,2022,9,28,517,5,17,4,1,73921,1202,20.69999999999999,0,Medium
17063,26.0492,94.1752,307.6,3.1,1.7,2017-03-10,505,0,MODIS,56,6.2,290.3,29.9,1,0,2017,3,10,505,5,5,2,11,41370,18499,17.30000000000001,0,Medium
245460,30.2257,74.368,311.4,1.8,1.3,2019-11-23,842,1,MODIS,60,6.03,295.4,13.1,1,0,2019,11,23,842,8,42,4,0,167610,73042,16.0,0,Medium
269108,23.7298,92.175,402.2,1.2,1.1,2020-03-30,702,1,MODIS,100,6.03,312.4,316.0,1,0,2020,3,30,702,7,2,2,2,57778,42248,89.80000000000001,1,Extreme
740840,29.2131,79.1334,323.2,2.3,1.5,2025-05-15,356,0,MODIS,46,61.03,305.9,19.2,1,0,2025,5,15,356,3,56,2,7,41741,6465,17.30000000000001,0,Medium
609829,13.9691,78.6342,306.1,2.4,1.5,2024-03-06,1602,0,MODIS,67,61.03,295.8,17.0,0,0,2024,3,6,1602,16,2,2,14,36148,12659,10.300000000000011,0,Medium
186650,25.7287,94.5322,316.8,3.9,1.8,2019-03-11,620,1,MODIS,60,6.03,290.8,85.7,1,0,2019,3,11,620,6,20,2,11,41370,18499,26.0,0,Extreme
102455,22.1447,92.7802,350.6,1.0,1.0,2018-03-07,714,1,MODIS,95,6.03,307.4,55.9,1,0,2018,3,7,714,7,14,2,2,57778,42248,43.200000000000045,1,High
44671,23.1482,81.1956,332.1,1.5,1.2,2017-04-17,739,1,MODIS,52,6.2,318.2,15.8,1,0,2017,4,17,739,7,39,2,5,47348,16741,13.900000000000034,0,Medium
649399,31.8865,75.9223,324.2,1.6,1.3,2024-06-14,525,0,MODIS,51,61.03,308.9,17.9,1,0,2024,6,14,525,5,25,3,0,167610,3042,15.300000000000011,0,Medium
665696,21.3231,81.6689,310.5,1.4,1.2,2024-12-10,900,1,MODIS,57,61.03,298.8,7.5,1,0,2024,12,10,900,9,0,1,5,47348,2981,11.699999999999989,0,Low
420259,31.6387,75.3057,319.1,1.1,1.1,2021-11-07,824,1,MODIS,73,6.03,303.1,10.7,1,0,2021,11,7,824,8,24,4,0,167610,73042,16.0,0,Medium
457258,22.4858,74.2418,325.5,1.0,1.0,2022-03-18,535,0,MODIS,27,6.03,313.3,7.3,1,0,2022,3,18,535,5,35,2,10,21095,5604,12.199999999999989,0,Low
680829,13.6716,76.8387,324.6,1.0,1.0,2025-02-13,911,1,MODIS,61,61.03,313.3,8.6,1,0,2025,2,13,911,9,11,1,14,36148,10539,11.300000000000011,0,Low
379019,18.165,81.1883,337.9,1.0,1.0,2021-04-01,756,1,MODIS,78,6.03,317.9,17.8,1,0,2021,4,1,756,7,56,2,13,47964,11656,20.0,0,Medium
705534,24.7236,77.9506,324.4,1.1,1.0,2025-03-20,913,1,MODIS,52,61.03,309.8,8.1,1,0,2025,3,20,913,9,13,2,4,76528,13167,14.599999999999966,0,Low
438785,27.3886,72.0562,323.4,1.1,1.0,2022-01-26,824,1,MODIS,53,6.03,305.3,14.0,1,0,2022,1,26,824,8,24,1,0,167610,2724,18.09999999999997,0,Medium
765457,16.3213,73.673,311.7,3.1,1.7,2026-01-01,928,1,MODIS,48,61.03,298.9,30.0,1,0,2026,1,1,928,9,28,1,3,38436,8477,12.800000000000011,0,Medium
265110,22.3647,76.934,303.7,1.0,1.0,2020-03-24,1704,0,MODIS,43,6.03,286.0,5.3,0,0,2020,3,24,1704,17,4,2,4,76528,13167,17.69999999999999,0,Low
573863,21.0567,72.6496,318.1,1.6,1.3,2023-06-09,905,1,MODIS,28,61.03,305.6,17.6,1,3,2023,6,9,905,9,5,3,10,21095,534,12.5,0,Medium
170656,17.7251,76.1061,316.2,2.3,1.5,2018-12-09,603,0,MODIS,60,6.03,301.0,16.1,1,0,2018,12,9,603,6,3,1,3,38436,5945,15.199999999999989,0,Medium
692906,24.1214,92.4329,495.1,1.2,1.1,2025-03-08,755,1,MODIS,100,61.03,338.2,2056.4,1,0,2025,3,8,755,7,55,2,2,57778,42248,156.90000000000003,1,
521974,18.1711,73.1904,316.3,1.1,1.0,2023-01-22,833,1,MODIS,47,61.03,305.3,7.0,1,0,2023,1,22,833,8,33,1,3,38436,8477,11.0,0,Low
453256,23.0361,93.2426,336.1,2.2,1.4,2022-03-15,642,1,MODIS,86,6.03,300.0,97.9,1,0,2022,3,15,642,6,42,2,2,57778,42248,36.10000000000002,1,Extreme
366013,24.1992,91.9466,301.8,2.4,1.5,2021-03-25,1537,0,MODIS,44,6.03,288.2,18.0,0,0,2021,3,25,1537,15,37,2,2,57778,42248,13.600000000000025,0,Medium
124528,30.6325,75.8145,317.4,1.0,1.0,2018-03-30,548,0,MODIS,66,6.03,301.1,9.7,1,0,2018,3,30,548,5,48,2,0,167610,2014,16.299999999999955,0,Low
375221,22.0435,80.9736,328.4,1.2,1.1,2021-03-30,809,1,MODIS,60,6.03,315.3,12.0,1,0,2021,3,30,809,8,9,2,5,47348,12422,13.099999999999966,0,Medium
167032,29.7742,75.5127,315.9,1.0,1.0,2018-11-17,811,1,MODIS,59,6.03,303.2,6.2,1,0,2018,11,17,811,8,11,4,0,167610,73042,12.699999999999989,0,Low
132354,22.1991,70.1177,331.7,1.5,1.2,2018-04-18,622,0,MODIS,56,6.03,318.9,15.6,1,0,2018,4,18,622,6,22,2,10,21095,4258,12.800000000000011,0,Medium
259857,24.9886,94.1676,328.6,1.0,1.0,2020-03-14,702,1,MODIS,81,6.03,302.3,19.5,1,0,2020,3,14,702,7,2,2,11,41370,18499,26.30000000000001,0,Medium
700693,21.743,79.5371,343.2,1.2,1.1,2025-03-15,913,1,MODIS,88,61.03,310.9,45.6,1,0,2025,3,15,913,9,13,2,5,47348,12422,32.30000000000001,1,High
92878,19.8578,82.2045,333.2,1.0,1.0,2018-02-20,757,1,MODIS,82,6.03,308.1,18.0,1,0,2018,2,20,757,7,57,1,13,47964,5221,25.09999999999997,0,Medium
3367,18.795,73.5499,316.4,1.1,1.0,2017-01-24,539,0,MODIS,58,6.2,302.8,7.7,1,0,2017,1,24,539,5,39,1,3,38436,8477,13.599999999999966,0,Low
614946,23.3496,93.2065,354.9,1.2,1.1,2024-03-14,748,1,MODIS,97,61.03,300.0,86.3,1,0,2024,3,14,748,7,48,2,2,57778,42248,54.89999999999998,1,Extreme
147332,27.0546,79.0978,338.3,1.0,1.0,2018-05-27,759,1,MODIS,77,6.03,317.0,13.6,1,0,2018,5,27,759,7,59,2,7,41741,6465,21.30000000000001,0,Medium
747888,30.4798,74.1189,342.2,1.4,1.2,2025-11-03,924,1,MODIS,91,61.03,304.3,69.0,1,0,2025,11,3,924,9,24,4,0,167610,73042,37.89999999999998,1,Extreme
89515,20.1279,78.3881,320.6,1.3,1.1,2018-02-04,757,1,MODIS,50,6.03,309.2,7.8,1,0,2018,2,4,757,7,57,1,9,27481,5254,11.400000000000034,0,Low
319860,18.4031,73.29,320.7,1.0,1.0,2020-12-04,833,1,MODIS,71,6.03,307.4,8.8,1,0,2020,12,4,833,8,33,1,3,38436,5945,13.300000000000011,0,Low
337343,21.3151,70.6637,326.5,1.0,1.0,2021-02-25,555,0,MODIS,70,6.03,310.8,12.0,1,0,2021,2,25,555,5,55,1,10,21095,2073,15.699999999999989,0,Medium
287595,25.0046,84.2022,329.5,1.7,1.3,2020-05-07,804,1,MODIS,45,6.03,304.8,19.7,1,0,2020,5,7,804,8,4,2,12,49232,3184,24.69999999999999,0,Medium
603811,28.5414,80.5622,319.3,1.9,1.3,2024-02-11,846,1,MODIS,78,61.03,298.0,35.2,1,0,2024,2,11,846,8,46,1,7,41741,3088,21.30000000000001,0,High
368116,23.8369,92.1402,310.0,1.3,1.1,2021-03-26,1619,0,MODIS,79,6.03,291.7,13.8,0,0,2021,3,26,1619,16,19,2,2,57778,42248,18.30000000000001,0,Medium
112253,15.1766,76.6553,307.7,1.1,1.0,2018-03-18,2046,1,MODIS,49,6.03,294.4,7.7,0,2,2018,3,18,2046,20,46,2,14,36148,12659,13.300000000000011,0,Low
652785,21.3665,81.0159,315.6,1.1,1.0,2024-10-26,837,1,MODIS,63,61.03,299.5,6.7,1,0,2024,10,26,837,8,37,4,5,47348,737,16.100000000000023,0,Low
766746,16.0864,75.6279,320.3,1.1,1.0,2026-01-07,1001,1,MODIS,71,61.03,304.9,11.4,1,0,2026,1,7,1001,10,1,1,3,38436,8477,15.400000000000034,0,Medium
289792,19.8854,83.9053,331.9,3.0,1.7,2020-05-15,713,1,MODIS,81,6.03,297.2,118.3,1,0,2020,5,15,713,7,13,2,1,73921,4396,34.69999999999999,1,Extreme
501386,30.2417,76.0884,317.1,1.0,1.0,2022-11-04,812,1,MODIS,69,6.03,302.8,6.2,1,0,2022,11,4,812,8,12,4,0,167610,73042,14.300000000000011,0,Low
8409,18.6792,80.4049,327.6,1.1,1.0,2017-02-17,756,1,MODIS,75,6.2,312.4,15.7,1,0,2017,2,17,756,7,56,1,13,47964,5221,15.200000000000044,0,Medium
588059,18.6804,78.1551,319.9,1.3,1.1,2023-11-17,819,1,MODIS,43,61.03,305.0,11.8,1,0,2023,11,17,819,8,19,4,9,27481,2693,14.899999999999975,0,Medium
293277,20.9624,85.1815,309.6,1.9,1.4,2020-07-15,2031,1,MODIS,78,6.03,290.4,19.6,0,2,2020,7,15,2031,20,31,3,1,73921,647,19.200000000000045,0,Medium
541967,18.5359,78.7758,320.5,1.1,1.1,2023-03-08,457,0,MODIS,53,61.03,304.9,10.0,1,0,2023,3,8,457,4,57,2,9,27481,7575,15.600000000000025,0,Low
474544,18.6206,80.8157,327.4,1.0,1.0,2022-04-18,805,1,MODIS,33,6.03,308.8,6.1,1,0,2022,4,18,805,8,5,2,13,47964,11656,18.59999999999997,0,Low
68347,29.6694,75.1947,313.9,1.4,1.2,2017-10-31,759,1,MODIS,47,6.2,301.8,8.2,1,0,2017,10,31,759,7,59,4,0,167610,39610,12.099999999999966,0,Low
730245,25.0261,80.5812,333.0,2.1,1.4,2025-04-22,925,1,MODIS,68,61.03,320.0,31.5,1,0,2025,4,22,925,9,25,2,5,47348,16741,13.0,0,High
97208,20.7048,82.4381,327.1,1.0,1.0,2018-03-01,751,1,MODIS,53,6.03,313.1,9.3,1,0,2018,3,1,751,7,51,2,1,73921,19544,14.0,0,Low
630347,18.0357,81.886,327.3,1.0,1.0,2024-04-15,825,1,MODIS,52,61.03,308.4,9.5,1,0,2024,4,15,825,8,25,2,13,47964,11656,18.900000000000038,0,Low
132176,28.5978,95.5031,333.0,1.3,1.1,2018-04-17,710,1,MODIS,87,6.03,296.7,43.8,1,0,2018,4,17,710,7,10,2,11,41370,8105,36.30000000000001,1,High
406425,20.9691,85.1691,318.8,2.5,1.5,2021-06-05,529,0,MODIS,34,6.03,294.5,18.8,1,2,2021,6,5,529,5,29,3,1,73921,1828,24.30000000000001,0,Medium
545201,14.0071,79.0489,342.8,1.1,1.0,2023-03-13,507,0,MODIS,89,61.03,306.0,39.7,1,0,2023,3,13,507,5,7,2,14,36148,12659,36.80000000000001,1,High
189897,25.7443,91.0533,322.3,1.9,1.3,2019-03-16,506,0,MODIS,71,6.03,297.8,34.9,1,0,2019,3,16,506,5,6,2,8,33148,19990,24.5,0,High
204646,23.5817,87.3987,327.8,1.0,1.0,2019-04-09,727,1,MODIS,75,6.03,305.9,12.7,1,0,2019,4,9,727,7,27,2,12,49232,12010,21.900000000000038,0,Medium
609516,24.1989,92.6199,313.8,1.9,1.3,2024-03-06,713,1,MODIS,66,61.03,297.4,22.6,1,0,2024,3,6,713,7,13,2,2,57778,42248,16.400000000000034,0,Medium
357931,25.4922,90.3812,334.8,2.2,1.4,2021-03-18,745,1,MODIS,58,6.03,298.7,80.5,1,0,2021,3,18,745,7,45,2,8,33148,19990,36.10000000000002,0,Extreme
579943,30.9311,74.4287,316.8,1.1,1.0,2023-11-01,844,1,MODIS,66,61.03,299.8,7.8,1,0,2023,11,1,844,8,44,4,0,167610,73042,17.0,0,Low
5508,15.4668,78.8489,323.9,1.0,1.0,2017-02-06,813,1,MODIS,30,6.2,309.4,8.7,1,0,2017,2,6,813,8,13,1,14,36148,10539,14.5,0,Low
714041,24.0077,92.1595,349.5,1.7,1.3,2025-03-29,832,1,MODIS,94,61.03,301.0,110.7,1,0,2025,3,29,832,8,32,2,2,57778,42248,48.5,1,Extreme
156023,31.1363,74.5409,314.9,1.1,1.0,2018-10-30,824,1,MODIS,53,6.03,301.2,5.6,1,0,2018,10,30,824,8,24,4,0,167610,39610,13.699999999999989,0,Low
168581,20.961,85.173,306.6,2.9,1.6,2018-11-21,1710,0,MODIS,69,6.03,292.0,35.8,0,2,2018,11,21,1710,17,10,4,1,73921,2885,14.600000000000025,0,High
95622,15.3945,79.1012,336.9,1.1,1.1,2018-02-27,802,1,MODIS,74,6.03,313.6,23.3,1,0,2018,2,27,802,8,2,1,14,36148,10539,23.299999999999955,0,Medium
59293,20.9625,85.1835,316.2,1.0,1.0,2017-09-29,2006,1,MODIS,93,6.2,281.1,14.8,0,2,2017,9,29,2006,20,6,4,1,73921,1202,35.099999999999966,0,Medium
674018,19.0109,78.7757,313.6,1.1,1.1,2025-01-19,910,1,MODIS,51,61.03,303.5,5.1,1,0,2025,1,19,910,9,10,1,9,27481,3684,10.100000000000025,0,Low
123711,19.1889,82.8454,383.9,1.8,1.3,2018-03-29,815,1,MODIS,94,6.03,301.4,384.9,1,0,2018,3,29,815,8,15,2,1,73921,19544,82.5,1,Extreme
729467,18.653,84.3163,324.7,1.0,1.0,2025-04-21,845,1,MODIS,49,61.03,306.6,6.9,1,0,2025,4,21,845,8,45,2,1,73921,9197,18.09999999999997,0,Low
631026,20.7736,73.4168,333.1,1.1,1.0,2024-04-16,906,1,MODIS,56,61.03,312.1,13.1,1,0,2024,4,16,906,9,6,2,10,21095,4258,21.0,0,Medium
36835,19.2635,81.3257,333.8,1.4,1.2,2017-04-11,815,1,MODIS,62,6.2,314.4,26.4,1,0,2017,4,11,815,8,15,2,13,47964,11656,19.400000000000038,0,Medium
492057,24.0179,81.1838,340.3,1.0,1.0,2022-06-05,759,1,MODIS,69,6.03,316.7,21.4,1,0,2022,6,5,759,7,59,3,5,47348,385,23.600000000000023,0,Medium
137403,27.3516,84.2034,323.2,1.0,1.0,2018-04-27,747,1,MODIS,46,6.03,302.1,9.3,1,0,2018,4,27,747,7,47,2,7,41741,15320,21.09999999999997,0,Low
328639,26.4615,94.9035,315.5,1.4,1.2,2021-01-26,715,1,MODIS,75,6.03,294.8,17.4,1,0,2021,1,26,715,7,15,1,11,41370,4936,20.69999999999999,0,Medium
21158,20.1577,80.142,329.1,1.1,1.0,2017-03-21,757,1,MODIS,63,6.2,315.4,9.8,1,0,2017,3,21,757,7,57,2,13,47964,18871,13.700000000000044,0,Low
517966,29.9086,74.946,323.9,2.7,1.6,2022-12-31,1726,0,MODIS,100,6.03,282.0,106.5,0,0,2022,12,31,1726,17,26,1,0,167610,3314,41.89999999999998,1,Extreme
630867,23.1652,91.7404,337.5,1.4,1.2,2024-04-16,729,1,MODIS,87,61.03,300.7,48.7,1,0,2024,4,16,729,7,29,2,2,57778,10542,36.80000000000001,1,High
475794,21.9653,80.3159,341.4,1.1,1.1,2022-04-20,753,1,MODIS,83,6.03,316.2,30.3,1,0,2022,4,20,753,7,53,2,5,47348,16741,25.19999999999999,1,High
648274,21.1061,72.6324,323.9,1.4,1.2,2024-06-02,1628,0,MODIS,93,61.03,297.8,0.0,0,2,2024,6,2,1628,16,28,3,10,21095,534,26.09999999999997,0,
350187,22.3486,85.4473,302.8,1.3,1.1,2021-03-10,1619,0,MODIS,41,6.03,290.9,6.8,0,0,2021,3,10,1619,16,19,2,12,49232,10270,11.900000000000034,0,Low
328626,26.1012,94.6909,313.4,1.3,1.1,2021-01-26,714,1,MODIS,65,6.03,289.4,16.7,1,0,2021,1,26,714,7,14,1,11,41370,4936,24.0,0,Medium
737908,26.1862,79.1995,330.1,1.0,1.0,2025-05-04,902,1,MODIS,61,61.03,311.0,9.5,1,0,2025,5,4,902,9,2,2,7,41741,6465,19.100000000000023,0,Low
94977,18.1268,80.1763,326.8,1.2,1.1,2018-02-25,815,1,MODIS,60,6.03,311.9,12.6,1,0,2018,2,25,815,8,15,1,13,47964,5221,14.900000000000034,0,Medium
592114,18.4485,73.199,323.3,1.1,1.0,2023-12-09,848,1,MODIS,75,61.03,304.4,14.1,1,0,2023,12,9,848,8,48,1,3,38436,5945,18.900000000000038,0,Medium
281223,23.3018,78.0772,336.9,1.6,1.2,2020-04-17,828,1,MODIS,63,6.03,317.1,26.5,1,0,2020,4,17,828,8,28,2,4,76528,39620,19.799999999999955,0,Medium
106167,22.0281,83.0141,328.0,1.0,1.0,2018-03-10,745,1,MODIS,52,6.03,313.9,7.2,1,0,2018,3,10,745,7,45,2,1,73921,19544,14.100000000000025,0,Low
371221,20.6146,80.0947,339.1,1.6,1.2,2021-03-28,821,1,MODIS,80,6.03,316.8,43.6,1,0,2021,3,28,821,8,21,2,13,47964,18871,22.30000000000001,0,High
766207,19.1946,73.462,311.6,1.9,1.4,2026-01-05,1023,1,MODIS,62,61.03,299.5,13.3,1,0,2026,1,5,1023,10,23,1,3,38436,8477,12.100000000000025,0,Medium
567314,20.7893,85.2513,306.9,1.6,1.3,2023-04-26,1633,0,MODIS,62,61.03,296.1,9.3,0,2,2023,4,26,1633,16,33,2,1,73921,9197,10.799999999999956,0,Low
587885,31.7624,74.5865,310.5,1.0,1.0,2023-11-15,837,1,MODIS,57,61.03,298.0,5.4,1,0,2023,11,15,837,8,37,4,0,167610,73042,12.5,0,Low
310419,30.7578,74.8455,321.3,1.0,1.0,2020-11-06,812,1,MODIS,72,6.03,303.8,11.2,1,0,2020,11,6,812,8,12,4,0,167610,73042,17.5,0,Medium
34331,19.9235,84.0191,323.1,1.4,1.2,2017-04-10,732,1,MODIS,39,6.2,310.1,10.0,1,0,2017,4,10,732,7,32,2,1,73921,9197,13.0,0,Low
675660,22.0454,83.7455,301.7,1.1,1.0,2025-01-26,2059,1,MODIS,43,61.03,288.4,8.1,0,2,2025,1,26,2059,20,59,1,1,73921,10736,13.300000000000011,0,Low
381677,16.0069,78.5515,325.1,1.1,1.0,2021-04-02,532,0,MODIS,46,6.03,308.6,9.1,1,0,2021,4,2,532,5,32,2,14,36148,3614,16.5,0,Low
227065,28.7167,80.0482,326.9,1.4,1.2,2019-05-25,740,1,MODIS,43,6.03,308.7,19.4,1,0,2019,5,25,740,7,40,2,7,41741,6465,18.19999999999999,0,Medium
210551,27.2627,95.7522,343.4,1.0,1.0,2019-04-22,657,1,MODIS,93,6.03,300.0,41.2,1,0,2019,4,22,657,6,57,2,11,41370,8105,43.39999999999998,1,High
10915,20.203,82.3816,333.1,1.1,1.1,2017-02-24,802,1,MODIS,80,6.2,308.6,24.8,1,0,2017,2,24,802,8,2,1,1,73921,9366,24.5,0,Medium
280784,23.526,75.5331,311.9,1.0,1.0,2020-04-16,1710,0,MODIS,84,6.03,295.2,9.1,0,0,2020,4,16,1710,17,10,2,4,76528,39620,16.69999999999999,0,Low
465056,22.757,77.1788,327.3,4.7,2.0,2022-03-28,611,0,MODIS,54,6.03,312.6,72.3,1,0,2022,3,28,611,6,11,2,4,76528,13167,14.699999999999989,0,Extreme
530585,23.6867,86.3997,311.9,1.1,1.0,2023-02-19,445,0,MODIS,41,61.03,299.3,5.6,1,2,2023,2,19,445,4,45,1,12,49232,3888,12.599999999999966,0,Low
531723,14.5664,78.04,319.2,1.1,1.0,2023-02-22,512,0,MODIS,42,61.03,307.3,5.4,1,0,2023,2,22,512,5,12,1,14,36148,10539,11.899999999999975,0,Low
759472,21.1412,82.3989,318.2,1.2,1.1,2025-12-09,930,1,MODIS,73,61.03,300.4,13.9,1,0,2025,12,9,930,9,30,1,1,73921,11178,17.80000000000001,0,Medium
260429,16.2881,75.6774,306.6,1.1,1.1,2020-03-15,1709,0,MODIS,67,6.03,293.8,6.5,0,0,2020,3,15,1709,17,9,2,3,38436,7918,12.800000000000011,0,Low
617240,26.7021,90.1326,364.2,1.3,1.1,2024-03-16,733,1,MODIS,100,61.03,305.7,125.5,1,0,2024,3,16,733,7,33,2,8,33148,19990,58.5,1,Extreme
546560,22.3387,92.7281,403.9,2.0,1.4,2023-03-14,656,1,MODIS,94,61.03,289.7,733.6,1,0,2023,3,14,656,6,56,2,2,57778,42248,114.2,1,Extreme
583103,29.6928,75.7627,319.5,1.7,1.3,2023-11-06,856,1,MODIS,72,61.03,301.6,22.8,1,0,2023,11,6,856,8,56,4,0,167610,73042,17.899999999999977,0,Medium
376838,19.7935,79.632,328.7,1.7,1.3,2021-03-31,543,0,MODIS,56,6.03,314.4,17.0,1,0,2021,3,31,543,5,43,2,13,47964,18871,14.300000000000011,0,Medium
399295,29.5899,76.0925,328.7,1.6,1.2,2021-04-27,522,0,MODIS,56,6.03,312.5,14.0,1,0,2021,4,27,522,5,22,2,0,167610,7906,16.19999999999999,0,Medium
705965,20.9131,74.8154,320.5,1.4,1.2,2025-03-22,425,0,MODIS,51,61.03,307.4,10.2,1,0,2025,3,22,425,4,25,2,9,27481,7575,13.100000000000025,0,Medium
121495,19.6823,81.4422,325.6,1.0,1.0,2018-03-27,520,0,MODIS,64,6.03,313.3,7.3,1,0,2018,3,27,520,5,20,2,13,47964,18871,12.300000000000011,0,Low
130635,18.1392,82.0107,335.8,1.3,1.1,2018-04-11,744,1,MODIS,80,6.03,308.2,30.1,1,0,2018,4,11,744,7,44,2,13,47964,11656,27.600000000000023,0,High
69856,29.9928,76.0698,314.7,1.4,1.2,2017-11-03,830,1,MODIS,41,6.2,297.8,10.3,1,0,2017,11,3,830,8,30,4,0,167610,73042,16.899999999999977,0,Medium
205548,15.1689,76.5148,314.9,2.2,1.4,2019-04-11,2104,1,MODIS,90,6.03,294.1,34.8,0,0,2019,4,11,2104,21,4,2,14,36148,3614,20.799999999999955,1,High
170016,29.2356,76.4242,313.7,1.2,1.1,2018-12-02,554,0,MODIS,67,6.03,299.5,10.3,1,0,2018,12,2,554,5,54,1,0,167610,3314,14.199999999999989,0,Medium
291371,30.4574,74.7398,338.0,1.0,1.0,2020-05-21,818,1,MODIS,76,6.03,323.6,11.6,1,0,2020,5,21,818,8,18,2,0,167610,31628,14.399999999999975,0,Medium
762337,23.7618,86.4092,300.7,1.4,1.2,2025-12-17,2149,1,MODIS,20,61.03,288.5,9.0,0,2,2025,12,17,2149,21,49,1,12,49232,8420,12.199999999999989,0,Low
605381,13.6128,78.8356,339.8,1.0,1.0,2024-02-18,836,1,MODIS,86,61.03,313.8,27.8,1,0,2024,2,18,836,8,36,1,14,36148,10539,26.0,1,Medium
135087,26.9755,83.1724,331.1,1.9,1.4,2018-04-23,811,1,MODIS,74,6.03,317.5,29.0,1,0,2018,4,23,811,8,11,2,7,41741,15320,13.600000000000025,0,Medium
673232,24.0039,87.6905,309.4,1.2,1.1,2025-01-15,811,1,MODIS,65,61.03,298.9,6.7,1,0,2025,1,15,811,8,11,1,12,49232,3185,10.5,0,Low
196605,24.1954,92.494,340.5,1.0,1.0,2019-03-26,715,1,MODIS,89,6.03,302.9,34.4,1,0,2019,3,26,715,7,15,2,2,57778,42248,37.60000000000002,1,High
748977,26.899,71.5872,317.1,1.3,1.1,2025-11-07,454,0,MODIS,42,61.03,303.4,9.4,1,0,2025,11,7,454,4,54,4,10,21095,1837,13.700000000000044,0,Low
510910,27.1725,83.664,313.6,1.2,1.1,2022-11-24,740,1,MODIS,65,6.03,300.6,7.3,1,0,2022,11,24,740,7,40,4,7,41741,5012,13.0,0,Low
90791,26.0258,94.3932,311.2,1.1,1.0,2018-02-12,709,1,MODIS,65,6.03,296.5,8.0,1,0,2018,2,12,709,7,9,1,11,41370,5791,14.699999999999989,0,Low
598922,8.6067,77.2085,313.7,1.5,1.2,2024-01-14,903,1,MODIS,53,61.03,302.1,12.2,1,0,2024,1,14,903,9,3,1,6,13460,1313,11.599999999999966,0,Medium
324159,26.387,80.7113,306.8,1.0,1.0,2020-12-26,758,1,MODIS,53,6.03,296.0,4.5,1,0,2020,12,26,758,7,58,1,7,41741,2618,10.800000000000011,0,Low
688203,19.22,78.8252,326.1,2.3,1.5,2025-03-03,932,1,MODIS,67,61.03,309.9,31.4,1,0,2025,3,3,932,9,32,2,9,27481,7575,16.200000000000045,0,High
559000,22.1434,92.794,324.6,1.6,1.3,2023-04-12,742,1,MODIS,42,61.03,307.1,19.9,1,0,2023,4,12,742,7,42,2,2,57778,10542,17.5,0,Medium
764471,17.8021,75.4748,309.0,1.0,1.0,2025-12-26,415,0,MODIS,62,61.03,295.8,6.0,1,0,2025,12,26,415,4,15,1,3,38436,5945,13.199999999999989,0,Low
611958,22.9738,92.697,338.7,1.4,1.2,2024-03-11,722,1,MODIS,89,61.03,302.2,56.7,1,0,2024,3,11,722,7,22,2,2,57778,42248,36.5,1,High
456726,19.1195,80.1493,343.7,1.0,1.0,2022-03-17,807,1,MODIS,88,6.03,317.0,28.2,1,0,2022,3,17,807,8,7,2,13,47964,18871,26.69999999999999,1,Medium
189558,24.0662,93.8027,316.1,2.2,1.4,2019-03-15,733,1,MODIS,64,6.03,299.4,22.7,1,0,2019,3,15,733,7,33,2,2,57778,42248,16.700000000000045,0,Medium
571835,31.5156,75.404,336.8,1.2,1.1,2023-05-20,537,0,MODIS,82,61.03,315.7,18.6,1,0,2023,5,20,537,5,37,2,0,167610,31628,21.100000000000023,0,Medium
103528,21.3454,86.1733,318.3,1.1,1.1,2018-03-08,449,0,MODIS,56,6.03,304.8,7.4,1,0,2018,3,8,449,4,49,2,1,73921,19544,13.5,0,Low
411302,30.86,74.9759,322.7,2.1,1.4,2021-10-28,747,1,MODIS,78,6.03,302.0,39.9,1,0,2021,10,28,747,7,47,4,0,167610,39610,20.69999999999999,0,High
600255,18.354,75.4882,302.3,1.4,1.2,2024-01-23,1627,0,MODIS,48,61.03,287.5,9.9,0,0,2024,1,23,1627,16,27,1,3,38436,8477,14.800000000000011,0,Low
722263,29.1877,78.6558,321.4,1.1,1.1,2025-04-06,852,1,MODIS,65,61.03,309.9,6.6,1,0,2025,4,6,852,8,52,2,7,41741,15320,11.5,0,Low
634366,11.0747,76.6624,336.5,1.0,1.0,2024-04-23,856,1,MODIS,79,61.03,309.6,24.1,1,0,2024,4,23,856,8,56,2,6,13460,1606,26.899999999999977,0,Medium
437868,16.4832,75.619,304.3,1.1,1.1,2022-01-16,1701,0,MODIS,60,6.03,290.0,7.7,0,0,2022,1,16,1701,17,1,1,3,38436,8477,14.300000000000011,0,Low
560512,26.2854,83.8507,327.0,2.4,1.5,2023-04-13,825,1,MODIS,66,61.03,308.3,30.1,1,0,2023,4,13,825,8,25,2,12,49232,12010,18.69999999999999,0,High
79313,16.5082,74.1729,318.8,1.0,1.0,2017-12-12,832,1,MODIS,62,6.2,303.5,7.9,1,0,2017,12,12,832,8,32,1,3,38436,5945,15.300000000000011,0,Low
60806,30.3431,74.3818,314.7,1.8,1.3,2017-10-16,842,1,MODIS,52,6.2,302.6,13.2,1,0,2017,10,16,842,8,42,4,0,167610,39610,12.099999999999966,0,Medium
67452,31.4354,75.7,311.5,1.0,1.0,2017-10-29,812,1,MODIS,30,6.2,298.7,4.4,1,0,2017,10,29,812,8,12,4,0,167610,39610,12.800000000000011,0,Low
211822,23.7741,86.3821,309.3,1.7,1.3,2019-04-24,1609,0,MODIS,43,6.03,296.8,11.3,0,2,2019,4,24,1609,16,9,2,12,49232,12010,12.5,0,Medium
74025,30.2795,74.8106,309.0,1.2,1.1,2017-11-19,830,1,MODIS,41,6.2,296.7,6.1,1,0,2017,11,19,830,8,30,4,0,167610,73042,12.300000000000011,0,Low
495573,31.2946,75.0436,315.7,2.1,1.4,2022-10-23,752,1,MODIS,67,6.03,301.6,20.8,1,0,2022,10,23,752,7,52,4,0,167610,39610,14.099999999999966,0,Medium
384955,30.5303,78.529,328.2,2.1,1.4,2021-04-04,830,1,MODIS,80,6.03,301.0,56.7,1,0,2021,4,4,830,8,30,2,0,167610,7906,27.19999999999999,0,High
560701,29.9059,74.9584,336.7,1.2,1.1,2023-04-14,537,0,MODIS,82,61.03,312.7,25.9,1,2,2023,4,14,537,5,37,2,0,167610,7906,24.0,1,Medium
284479,24.374,78.8061,313.1,1.1,1.0,2020-04-27,1652,0,MODIS,86,6.03,295.4,11.2,0,0,2020,4,27,1652,16,52,2,4,76528,39620,17.700000000000045,0,Medium
345224,19.7731,84.1474,320.1,2.3,1.5,2021-03-06,719,1,MODIS,60,6.03,307.0,25.1,1,0,2021,3,6,719,7,19,2,1,73921,19544,13.100000000000025,0,Medium
227886,30.3955,79.343,328.9,1.2,1.1,2019-05-28,811,1,MODIS,75,6.03,306.4,19.5,1,0,2019,5,28,811,8,11,2,7,41741,6465,22.5,0,Medium
114648,24.8505,87.4164,322.0,1.0,1.0,2018-03-21,727,1,MODIS,35,6.03,309.9,5.1,1,0,2018,3,21,727,7,27,2,12,49232,10270,12.100000000000025,0,Low
680443,17.5483,74.5152,306.8,1.0,1.0,2025-02-12,1622,0,MODIS,69,61.03,291.7,7.5,0,0,2025,2,12,1622,16,22,1,3,38436,8837,15.100000000000025,0,Low
52080,30.3849,75.0962,339.0,1.0,1.0,2017-05-05,554,0,MODIS,80,6.2,315.4,19.1,1,0,2017,5,5,554,5,54,2,0,167610,31628,23.600000000000023,0,Medium
69111,27.5243,79.8855,314.8,1.2,1.1,2017-11-02,746,1,MODIS,58,6.2,301.4,7.5,1,0,2017,11,2,746,7,46,4,7,41741,5012,13.400000000000034,0,Low
185073,27.956,80.281,307.8,1.0,1.0,2019-03-04,753,1,MODIS,52,6.03,296.0,4.4,1,0,2019,3,4,753,7,53,2,7,41741,3895,11.800000000000011,0,Low
390611,29.2527,80.0276,318.5,1.0,1.0,2021-04-11,522,0,MODIS,48,6.03,301.8,8.9,1,0,2021,4,11,522,5,22,2,7,41741,15320,16.69999999999999,0,Low
114085,27.0554,78.433,324.6,1.5,1.2,2018-03-20,824,1,MODIS,52,6.03,307.8,17.5,1,0,2018,3,20,824,8,24,2,7,41741,3895,16.80000000000001,0,Medium
626572,21.3944,80.7426,306.2,1.0,1.0,2024-04-06,2058,1,MODIS,57,61.03,292.4,5.8,0,0,2024,4,6,2058,20,58,2,5,47348,16741,13.800000000000011,0,Low
207506,28.4023,80.8497,339.5,1.1,1.0,2019-04-15,518,0,MODIS,86,6.03,307.3,34.7,1,0,2019,4,15,518,5,18,2,7,41741,15320,32.19999999999999,1,High
206747,21.4241,72.705,337.5,1.1,1.1,2019-04-13,840,1,MODIS,75,6.03,317.7,19.4,1,0,2019,4,13,840,8,40,2,10,21095,4258,19.80000000000001,0,Medium
222185,19.5485,83.245,330.5,2.0,1.4,2019-05-11,726,1,MODIS,27,6.03,306.9,42.5,1,0,2019,5,11,726,7,26,2,1,73921,4396,23.600000000000023,0,High
22120,28.0211,94.6093,332.7,4.8,2.0,2017-03-24,517,0,MODIS,86,6.2,287.8,275.4,1,0,2017,3,24,517,5,17,2,11,41370,18499,44.89999999999998,1,Extreme
744330,20.7925,85.2589,305.1,1.3,1.1,2025-09-17,1508,0,MODIS,61,61.03,284.7,7.2,0,2,2025,9,17,1508,15,8,4,1,73921,1202,20.400000000000038,0,Low
636338,28.6169,79.472,331.5,1.0,1.0,2024-04-27,828,1,MODIS,72,61.03,315.8,10.0,1,0,2024,4,27,828,8,28,2,7,41741,15320,15.699999999999989,0,Low
250160,21.6318,78.1516,311.7,1.1,1.0,2020-01-14,815,1,MODIS,56,6.03,299.2,6.0,1,0,2020,1,14,815,8,15,1,4,76528,1502,12.5,0,Low
260622,23.4145,92.4664,357.2,1.7,1.3,2020-03-16,650,1,MODIS,99,6.03,285.9,165.2,1,0,2020,3,16,650,6,50,2,2,57778,42248,71.30000000000001,1,Extreme
735803,27.9935,80.0229,304.6,3.3,1.7,2025-04-28,1510,0,MODIS,61,61.03,292.6,29.4,0,0,2025,4,28,1510,15,10,2,7,41741,15320,12.0,0,Medium
530984,19.6677,83.507,327.5,1.2,1.1,2023-02-20,746,1,MODIS,76,61.03,307.2,19.4,1,0,2023,2,20,746,7,46,1,1,73921,9366,20.30000000000001,0,Medium
382148,23.0012,79.5307,301.6,2.5,1.5,2021-04-02,1626,0,MODIS,37,6.03,288.7,17.9,0,0,2021,4,2,1626,16,26,2,5,47348,16741,12.900000000000034,0,Medium
182568,26.5246,92.3053,329.9,1.0,1.0,2019-02-22,715,1,MODIS,49,6.03,299.8,22.4,1,0,2019,2,22,715,7,15,1,8,33148,2829,30.09999999999997,0,Medium
489675,18.6896,73.0362,306.5,1.1,1.0,2022-05-14,2050,1,MODIS,68,6.03,296.1,5.3,0,2,2022,5,14,2050,20,50,2,3,38436,1102,10.399999999999975,0,Low
564371,28.0807,95.5454,321.6,1.0,1.0,2023-04-18,701,1,MODIS,77,61.03,300.8,13.5,1,0,2023,4,18,701,7,1,2,11,41370,8105,20.80000000000001,0,Medium
746970,31.9551,74.8644,311.4,2.2,1.4,2025-10-30,1007,1,MODIS,43,61.03,298.9,13.9,1,0,2025,10,30,1007,10,7,4,0,167610,39610,12.5,0,Medium
168961,20.7913,85.2553,316.1,1.1,1.0,2018-11-24,507,0,MODIS,71,6.03,303.8,9.5,1,2,2018,11,24,507,5,7,4,1,73921,2885,12.300000000000011,0,Low
180218,22.7873,86.2085,305.4,1.8,1.3,2019-02-09,436,0,MODIS,26,6.03,290.6,8.0,1,2,2019,2,9,436,4,36,1,12,49232,3888,14.799999999999956,0,Low
71272,18.6959,78.6399,320.0,1.1,1.0,2017-11-07,802,1,MODIS,65,6.2,305.0,10.5,1,0,2017,11,7,802,8,2,4,9,27481,2693,15.0,0,Medium
610660,16.2917,78.5331,331.6,1.0,1.0,2024-03-08,834,1,MODIS,47,61.03,316.4,11.7,1,0,2024,3,8,834,8,34,2,14,36148,12659,15.200000000000044,0,Medium
351706,21.1182,79.4778,336.6,1.4,1.2,2021-03-12,821,1,MODIS,81,6.03,309.6,36.2,1,0,2021,3,12,821,8,21,2,5,47348,12422,27.0,1,High
577388,21.7678,84.025,304.5,1.1,1.1,2023-10-23,1620,0,MODIS,60,61.03,291.4,6.2,0,2,2023,10,23,1620,16,20,4,1,73921,2278,13.100000000000025,0,Low
47168,18.4268,82.4067,337.8,1.0,1.0,2017-04-22,756,1,MODIS,77,6.2,315.4,17.6,1,0,2017,4,22,756,7,56,2,13,47964,11656,22.400000000000038,0,Medium
413813,30.3791,74.0489,318.3,1.0,1.0,2021-10-31,818,1,MODIS,65,6.03,303.4,8.9,1,2,2021,10,31,818,8,18,4,0,167610,39610,14.900000000000034,0,Low
235418,31.2494,74.7762,313.0,1.0,1.0,2019-10-27,547,0,MODIS,55,6.03,300.8,4.7,1,0,2019,10,27,547,5,47,4,0,167610,39610,12.199999999999989,0,Low
772118,19.3602,76.2714,306.3,1.4,1.2,2026-01-27,353,0,MODIS,55,61.03,293.7,6.5,1,0,2026,1,27,353,3,53,1,9,27481,3684,12.600000000000025,0,Low
730159,22.414,75.9136,340.5,1.0,1.0,2025-04-22,925,1,MODIS,80,61.03,323.0,16.0,1,0,2025,4,22,925,9,25,2,4,76528,39620,17.5,0,Medium
114776,25.7959,91.3491,319.8,1.3,1.1,2018-03-21,728,1,MODIS,68,6.03,297.7,17.3,1,0,2018,3,21,728,7,28,2,8,33148,19990,22.100000000000023,0,Medium
674525,19.0043,76.7088,311.7,1.1,1.0,2025-01-22,442,0,MODIS,58,61.03,301.1,6.4,1,0,2025,1,22,442,4,42,1,9,27481,3684,10.599999999999966,0,Low
476083,23.7733,77.606,344.5,1.5,1.2,2022-04-20,754,1,MODIS,86,6.03,322.2,38.9,1,0,2022,4,20,754,7,54,2,4,76528,39620,22.30000000000001,1,High
610218,19.8606,74.6299,305.9,1.0,1.0,2024-03-07,1644,0,MODIS,66,61.03,291.6,7.0,0,0,2024,3,7,1644,16,44,2,3,38436,7918,14.299999999999956,0,Low
82912,29.879,80.3732,304.0,1.0,1.0,2018-01-03,759,1,MODIS,45,6.03,288.8,6.5,1,0,2018,1,3,759,7,59,1,7,41741,2018,15.199999999999989,0,Low
368932,22.1934,92.6142,330.7,2.2,1.4,2021-03-27,738,1,MODIS,66,6.03,300.3,60.2,1,0,2021,3,27,738,7,38,2,2,57778,42248,30.399999999999977,0,Extreme
268319,23.4661,91.6067,338.3,1.2,1.1,2020-03-29,448,0,MODIS,88,6.03,304.2,41.3,1,0,2020,3,29,448,4,48,2,2,57778,42248,34.10000000000002,1,High
271826,27.7168,95.9865,332.0,1.0,1.0,2020-04-01,651,1,MODIS,84,6.03,296.6,26.2,1,0,2020,4,1,651,6,51,2,11,41370,8105,35.39999999999998,1,Medium
45974,22.2824,79.8642,337.2,3.1,1.7,2017-04-19,727,1,MODIS,72,6.2,316.5,84.4,1,0,2017,4,19,727,7,27,2,5,47348,16741,20.69999999999999,0,Extreme
595740,24.9838,83.7366,309.7,1.0,1.0,2023-12-27,810,1,MODIS,56,61.03,297.6,4.3,1,0,2023,12,27,810,8,10,1,12,49232,8420,12.099999999999966,0,Low
592112,18.6836,75.6944,322.0,1.0,1.0,2023-12-09,848,1,MODIS,72,61.03,302.8,11.4,1,0,2023,12,9,848,8,48,1,3,38436,5945,19.19999999999999,0,Medium
573132,20.7287,81.629,339.1,1.3,1.1,2023-06-01,823,1,MODIS,80,61.03,317.0,24.3,1,0,2023,6,1,823,8,23,3,1,73921,1828,22.100000000000023,0,Medium
612855,22.8277,87.3968,314.1,1.0,1.0,2024-03-12,418,0,MODIS,56,61.03,300.7,5.1,1,0,2024,3,12,418,4,18,2,12,49232,10270,13.400000000000034,0,Low
748262,30.5588,74.2674,314.4,1.6,1.3,2025-11-04,1003,1,MODIS,45,61.03,296.3,12.7,1,0,2025,11,4,1003,10,3,4,0,167610,73042,18.09999999999997,0,Medium
203768,23.0342,76.3045,336.4,1.5,1.2,2019-04-06,835,1,MODIS,73,6.03,318.4,26.9,1,0,2019,4,6,835,8,35,2,4,76528,39620,18.0,0,Medium
254448,27.8084,79.2847,310.8,1.1,1.0,2020-02-18,537,0,MODIS,66,6.03,297.3,7.9,1,0,2020,2,18,537,5,37,1,7,41741,3088,13.5,0,Low
612280,23.3004,92.6866,326.6,1.4,1.2,2024-03-11,723,1,MODIS,80,61.03,303.6,32.3,1,0,2024,3,11,723,7,23,2,2,57778,42248,23.0,0,High
102915,24.0293,93.1769,348.6,1.1,1.0,2018-03-07,715,1,MODIS,80,6.03,301.8,53.1,1,0,2018,3,7,715,7,15,2,2,57778,42248,46.80000000000001,0,High
249715,25.0268,70.9201,316.4,1.0,1.0,2020-01-10,841,1,MODIS,59,6.03,303.0,6.3,1,0,2020,1,10,841,8,41,1,10,21095,2544,13.399999999999975,0,Low
585661,18.5462,77.956,317.2,1.4,1.2,2023-11-13,849,1,MODIS,58,61.03,301.3,9.7,1,0,2023,11,13,849,8,49,4,9,27481,2693,15.899999999999975,0,Low
392477,24.6539,80.8865,333.1,2.0,1.4,2021-04-13,822,1,MODIS,67,6.03,318.3,28.9,1,0,2021,4,13,822,8,22,2,5,47348,16741,14.800000000000011,0,Medium
640726,22.2701,76.5511,352.3,1.2,1.1,2024-05-05,859,1,MODIS,80,61.03,303.7,68.7,1,0,2024,5,5,859,8,59,2,4,76528,7507,48.60000000000002,0,Extreme
354169,24.4523,93.2948,348.6,1.1,1.0,2021-03-15,714,1,MODIS,89,6.03,290.5,53.4,1,0,2021,3,15,714,7,14,2,2,57778,42248,58.10000000000002,1,High
141719,31.7404,75.2317,333.9,1.1,1.0,2018-05-10,542,0,MODIS,70,6.03,316.2,11.3,1,0,2018,5,10,542,5,42,2,0,167610,31628,17.69999999999999,0,Medium
642054,30.6158,74.152,334.7,1.1,1.0,2024-05-08,505,0,MODIS,76,61.03,315.2,15.4,1,0,2024,5,8,505,5,5,2,0,167610,31628,19.5,0,Medium
482397,29.2303,79.16,320.3,1.0,1.0,2022-04-28,526,0,MODIS,54,6.03,307.4,5.9,1,0,2022,4,28,526,5,26,2,7,41741,15320,12.900000000000034,0,Low
559144,25.8668,91.6104,318.0,1.5,1.2,2023-04-12,743,1,MODIS,33,61.03,305.1,7.7,1,0,2023,4,12,743,7,43,2,8,33148,7372,12.899999999999975,0,Low
480254,29.5364,79.4945,319.1,1.4,1.2,2022-04-26,538,0,MODIS,66,6.03,303.9,11.5,1,0,2022,4,26,538,5,38,2,7,41741,15320,15.200000000000044,0,Medium
700881,21.1954,76.5121,331.5,1.0,1.0,2025-03-15,913,1,MODIS,70,61.03,317.5,11.0,1,0,2025,3,15,913,9,13,2,9,27481,7575,14.0,0,Medium
211990,24.2906,77.9507,333.6,1.8,1.3,2019-04-25,556,0,MODIS,63,6.03,316.2,19.2,1,0,2019,4,25,556,5,56,2,4,76528,39620,17.400000000000034,0,Medium
144780,29.9239,78.9865,342.8,1.1,1.0,2018-05-20,753,1,MODIS,90,6.03,306.4,44.0,1,0,2018,5,20,753,7,53,2,7,41741,6465,36.400000000000034,1,High
714076,24.3366,93.837,328.8,2.3,1.5,2025-03-29,832,1,MODIS,79,61.03,305.6,53.1,1,0,2025,3,29,832,8,32,2,2,57778,42248,23.19999999999999,0,High
527720,18.5958,81.7159,323.4,1.8,1.3,2023-02-13,744,1,MODIS,72,61.03,311.4,22.7,1,0,2023,2,13,744,7,44,1,13,47964,5221,12.0,0,Medium
398447,22.9172,92.7443,333.3,1.7,1.3,2021-04-25,1917,1,MODIS,100,6.03,294.8,72.4,0,0,2021,4,25,1917,19,17,2,2,57778,10542,38.5,1,Extreme
609346,17.36,74.0514,302.5,1.4,1.2,2024-03-05,1701,0,MODIS,50,61.03,291.9,7.4,0,0,2024,3,5,1701,17,1,2,3,38436,7918,10.600000000000025,0,Low
634677,21.8162,85.2088,323.0,1.2,1.1,2024-04-24,802,1,MODIS,55,61.03,306.0,11.7,1,0,2024,4,24,802,8,2,2,1,73921,9197,17.0,0,Medium
516396,21.7537,82.3132,312.9,3.0,1.7,2022-12-23,834,1,MODIS,54,6.03,301.4,23.9,1,0,2022,12,23,834,8,34,1,1,73921,11178,11.5,0,Medium
606585,14.0167,78.2494,316.7,2.9,1.6,2024-02-22,1704,0,MODIS,94,61.03,295.2,65.0,0,0,2024,2,22,1704,17,4,1,14,36148,10539,21.5,1,Extreme
644906,22.6814,72.2938,336.3,1.0,1.0,2024-05-17,859,1,MODIS,70,61.03,316.7,10.7,1,0,2024,5,17,859,8,59,2,10,21095,1118,19.600000000000023,0,Medium
761790,21.7457,82.962,310.9,1.3,1.1,2025-12-16,904,1,MODIS,19,61.03,299.4,7.4,1,0,2025,12,16,904,9,4,1,1,73921,11178,11.5,0,Low
308743,22.9802,79.4641,319.3,1.1,1.0,2020-11-06,809,1,MODIS,64,6.03,307.7,8.1,1,0,2020,11,6,809,8,9,4,5,47348,5930,11.600000000000025,0,Low
357981,25.0283,93.2614,350.4,3.4,1.7,2021-03-18,745,1,MODIS,96,6.03,299.0,342.1,1,0,2021,3,18,745,7,45,2,2,57778,42248,51.39999999999998,1,Extreme
341445,22.9489,78.7985,316.0,1.1,1.1,2021-03-03,518,0,MODIS,38,6.03,305.2,5.9,1,0,2021,3,3,518,5,18,2,5,47348,12422,10.800000000000011,0,Low
677287,18.4855,78.9056,322.0,1.0,1.0,2025-02-03,428,0,MODIS,76,61.03,305.0,12.9,1,0,2025,2,3,428,4,28,1,9,27481,5254,17.0,0,Medium
529206,26.1318,94.3041,312.0,1.7,1.3,2023-02-15,732,1,MODIS,40,61.03,292.9,18.3,1,0,2023,2,15,732,7,32,1,11,41370,5791,19.100000000000023,0,Medium
722628,18.3626,73.9455,333.2,1.0,1.0,2025-04-07,928,1,MODIS,66,61.03,320.5,8.4,1,0,2025,4,7,928,9,28,2,3,38436,3037,12.699999999999989,0,Low
96264,22.8515,76.12,330.4,1.0,1.0,2018-02-28,538,0,MODIS,77,6.03,312.2,13.6,1,0,2018,2,28,538,5,38,1,4,76528,2331,18.19999999999999,0,Medium
390193,22.5815,80.0229,333.6,1.2,1.1,2021-04-10,751,1,MODIS,72,6.03,316.2,11.5,1,0,2021,4,10,751,7,51,2,5,47348,16741,17.400000000000034,0,Medium
623722,18.9955,80.3692,334.0,1.1,1.1,2024-04-03,823,1,MODIS,78,61.03,304.6,23.3,1,0,2024,4,3,823,8,23,2,13,47964,11656,29.399999999999977,0,Medium
130898,18.268,73.6138,339.5,1.0,1.0,2018-04-12,828,1,MODIS,78,6.03,312.0,26.8,1,0,2018,4,12,828,8,28,2,3,38436,3037,27.5,0,Medium
288258,17.7907,82.3464,334.1,1.1,1.0,2020-05-09,750,1,MODIS,81,6.03,303.0,26.2,1,0,2020,5,9,750,7,50,2,13,47964,4838,31.100000000000023,1,Medium
565863,23.8749,77.8585,335.8,1.0,1.0,2023-04-20,825,1,MODIS,71,61.03,317.9,12.0,1,0,2023,4,20,825,8,25,2,4,76528,39620,17.900000000000034,0,Medium
697318,23.8336,85.6549,321.6,1.5,1.2,2025-03-12,854,1,MODIS,59,61.03,308.0,13.7,1,0,2025,3,12,854,8,54,2,12,49232,10270,13.600000000000025,0,Medium
169402,17.5023,82.9594,317.0,1.1,1.1,2018-11-26,802,1,MODIS,67,6.03,306.5,6.9,1,0,2018,11,26,802,8,2,4,13,47964,957,10.5,0,Low
378425,19.3444,80.6846,330.3,1.0,1.0,2021-04-01,756,1,MODIS,64,6.03,315.5,9.5,1,0,2021,4,1,756,7,56,2,13,47964,11656,14.800000000000011,0,Low
679770,20.9555,86.013,321.8,1.6,1.3,2025-02-10,853,1,MODIS,53,61.03,308.4,17.3,1,2,2025,2,10,853,8,53,1,1,73921,9366,13.400000000000034,0,Medium
763311,21.8508,82.4837,324.9,1.7,1.3,2025-12-21,900,1,MODIS,82,61.03,299.0,41.1,1,0,2025,12,21,900,9,0,1,1,73921,11178,25.899999999999977,1,High
457621,24.3232,92.604,344.3,1.0,1.0,2022-03-18,713,1,MODIS,91,6.03,305.1,42.5,1,0,2022,3,18,713,7,13,2,2,57778,42248,39.19999999999999,1,High
177654,26.0296,94.4682,308.6,1.0,1.0,2019-01-23,702,1,MODIS,66,6.03,295.4,6.9,1,0,2019,1,23,702,7,2,1,11,41370,4936,13.200000000000044,0,Low
300703,30.3644,75.7276,333.0,1.0,1.0,2020-10-28,818,1,MODIS,84,6.03,303.9,25.9,1,0,2020,10,28,818,8,18,4,0,167610,39610,29.100000000000023,1,Medium
463962,25.7127,91.1343,313.3,4.7,2.0,2022-03-26,802,1,MODIS,43,6.03,294.6,67.1,1,0,2022,3,26,802,8,2,2,8,33148,19990,18.69999999999999,0,Extreme
725379,19.3474,81.1192,321.5,1.2,1.1,2025-04-11,848,1,MODIS,18,61.03,305.9,8.2,1,0,2025,4,11,848,8,48,2,13,47964,11656,15.600000000000025,0,Low
414100,29.6645,75.7973,317.6,1.0,1.0,2021-11-01,543,0,MODIS,69,6.03,301.7,8.8,1,0,2021,11,1,543,5,43,4,0,167610,73042,15.900000000000034,0,Low
381443,22.8198,77.8544,349.9,1.0,1.0,2021-04-02,530,0,MODIS,92,6.03,319.7,42.0,1,0,2021,4,2,530,5,30,2,4,76528,39620,30.19999999999999,1,High
449415,22.7263,92.65,313.2,1.0,1.0,2022-03-11,707,1,MODIS,50,6.03,301.7,5.8,1,0,2022,3,11,707,7,7,2,2,57778,42248,11.5,0,Low
68037,31.0112,76.1628,314.6,1.2,1.1,2017-10-31,759,1,MODIS,69,6.2,300.2,8.6,1,0,2017,10,31,759,7,59,4,0,167610,39610,14.400000000000034,0,Low
217530,28.768,76.6099,350.6,1.0,1.0,2019-05-05,805,1,MODIS,93,6.03,318.7,43.7,1,0,2019,5,5,805,8,5,2,0,167610,31628,31.900000000000038,1,High
408342,31.4927,74.9964,318.7,1.3,1.1,2021-10-10,800,1,MODIS,66,6.03,302.6,11.8,1,0,2021,10,10,800,8,0,4,0,167610,39610,16.099999999999966,0,Medium
81354,23.0548,77.3373,314.0,1.1,1.0,2017-12-25,803,1,MODIS,63,6.2,302.4,8.0,1,0,2017,12,25,803,8,3,1,4,76528,1065,11.600000000000025,0,Low
109390,19.0402,81.115,326.6,1.4,1.2,2018-03-13,815,1,MODIS,24,6.03,312.1,11.0,1,0,2018,3,13,815,8,15,2,13,47964,18871,14.5,0,Medium
398740,22.3986,80.062,335.1,1.2,1.1,2021-04-26,751,1,MODIS,73,6.03,320.1,13.9,1,0,2021,4,26,751,7,51,2,5,47348,16741,15.0,0,Medium
98529,16.1063,78.5981,318.7,3.1,1.7,2018-03-03,738,1,MODIS,23,6.03,307.2,28.7,1,0,2018,3,3,738,7,38,2,14,36148,12659,11.5,0,Medium
721776,22.8066,82.9319,323.9,1.0,1.0,2025-04-06,850,1,MODIS,25,61.03,311.6,6.2,1,0,2025,4,6,850,8,50,2,1,73921,9197,12.299999999999956,0,Low
446043,25.1309,93.1451,330.0,1.1,1.0,2022-03-04,702,1,MODIS,84,6.03,297.5,29.5,1,0,2022,3,4,702,7,2,2,2,57778,42248,32.5,1,Medium
167381,30.3918,75.4484,322.3,1.0,1.0,2018-11-17,811,1,MODIS,72,6.03,301.9,13.4,1,0,2018,11,17,811,8,11,4,0,167610,73042,20.400000000000038,0,Medium
181441,27.0653,93.7868,314.1,1.0,1.0,2019-02-15,709,1,MODIS,52,6.03,292.8,9.9,1,0,2019,2,15,709,7,9,1,11,41370,5791,21.30000000000001,0,Low
359244,17.0263,73.9496,332.0,1.0,1.0,2021-03-19,826,1,MODIS,66,6.03,315.0,14.5,1,0,2021,3,19,826,8,26,2,3,38436,7918,17.0,0,Medium
100837,19.1613,79.8986,310.5,1.1,1.1,2018-03-05,1651,0,MODIS,80,6.03,297.5,8.8,0,0,2018,3,5,1651,16,51,2,13,47964,18871,13.0,0,Low
323637,23.0519,77.3253,312.7,1.0,1.0,2020-12-24,809,1,MODIS,58,6.03,301.7,6.1,1,0,2020,12,24,809,8,9,1,4,76528,1065,11.0,0,Low
647576,31.1277,77.082,308.7,1.2,1.1,2024-05-30,1608,0,MODIS,75,61.03,293.5,9.9,0,0,2024,5,30,1608,16,8,2,0,167610,31628,15.199999999999989,0,Low
39809,23.5574,93.245,318.5,1.8,1.3,2017-04-13,454,0,MODIS,68,6.2,298.1,27.5,1,0,2017,4,13,454,4,54,2,2,57778,10542,20.399999999999977,0,Medium
654626,30.8994,75.2642,316.0,1.0,1.0,2024-11-03,904,1,MODIS,65,61.03,301.3,8.8,1,0,2024,11,3,904,9,4,4,0,167610,73042,14.699999999999989,0,Low
439908,15.9377,78.7035,320.1,1.0,1.0,2022-02-04,814,1,MODIS,54,6.03,305.3,10.2,1,0,2022,2,4,814,8,14,1,14,36148,10539,14.800000000000011,0,Medium
210442,23.3805,79.819,337.4,1.0,1.0,2019-04-22,525,0,MODIS,75,6.03,319.2,14.0,1,0,2019,4,22,525,5,25,2,5,47348,16741,18.19999999999999,0,Medium
231394,23.7209,86.4451,318.9,1.2,1.1,2019-09-19,448,0,MODIS,68,6.03,296.0,10.5,1,2,2019,9,19,448,4,48,4,12,49232,1038,22.899999999999977,0,Medium
699242,25.6601,90.3922,324.6,1.6,1.2,2025-03-14,834,1,MODIS,77,61.03,300.3,26.6,1,0,2025,3,14,834,8,34,2,8,33148,19990,24.30000000000001,0,Medium
322946,21.8098,82.804,314.4,1.2,1.1,2020-12-21,738,1,MODIS,62,6.03,303.1,7.9,1,0,2020,12,21,738,7,38,1,1,73921,11178,11.299999999999956,0,Low
664866,16.9395,74.2764,311.7,1.2,1.1,2024-12-06,439,0,MODIS,54,61.03,295.9,6.2,1,0,2024,12,6,439,4,39,1,3,38436,5945,15.800000000000011,0,Low
396552,26.3422,93.2621,325.6,2.1,1.4,2021-04-21,733,1,MODIS,78,6.03,293.4,50.4,1,0,2021,4,21,733,7,33,2,11,41370,8105,32.200000000000045,0,High
724864,25.9523,93.2297,319.6,1.0,1.0,2025-04-10,810,1,MODIS,56,61.03,304.8,6.6,1,0,2025,4,10,810,8,10,2,11,41370,8105,14.800000000000011,0,Low
537299,18.8237,83.2531,316.9,3.8,1.8,2023-03-03,721,1,MODIS,54,61.03,301.6,44.4,1,0,2023,3,3,721,7,21,2,1,73921,19544,15.299999999999956,0,High
59539,30.9434,76.2964,316.9,1.0,1.0,2017-10-06,805,1,MODIS,67,6.2,303.7,7.8,1,0,2017,10,6,805,8,5,4,0,167610,39610,13.199999999999989,0,Low
388102,24.7433,94.1604,324.1,1.4,1.2,2021-04-07,720,1,MODIS,76,6.03,302.4,21.1,1,0,2021,4,7,720,7,20,2,11,41370,8105,21.700000000000045,0,Medium
38150,24.0038,93.5341,322.3,1.3,1.1,2017-04-12,720,1,MODIS,71,6.2,301.8,17.4,1,0,2017,4,12,720,7,20,2,2,57778,10542,20.5,0,Medium
157455,31.6418,75.651,316.6,1.0,1.0,2018-11-01,812,1,MODIS,72,6.03,297.9,9.8,1,0,2018,11,1,812,8,12,4,0,167610,73042,18.700000000000045,0,Low
720903,26.2953,93.3085,351.7,1.1,1.0,2025-04-05,811,1,MODIS,72,61.03,293.4,64.1,1,0,2025,4,5,811,8,11,2,11,41370,8105,58.30000000000001,0,Extreme
747638,20.9704,85.1727,309.3,1.1,1.0,2025-11-01,1509,0,MODIS,40,61.03,293.0,7.0,0,2,2025,11,1,1509,15,9,4,1,73921,2885,16.30000000000001,0,Low
192797,22.3953,76.4373,334.6,1.2,1.1,2019-03-21,526,0,MODIS,78,6.03,311.2,25.1,1,0,2019,3,21,526,5,26,2,4,76528,13167,23.400000000000038,0,Medium
29425,22.4364,77.0766,347.3,1.1,1.1,2017-04-02,822,1,MODIS,89,6.2,318.2,39.8,1,0,2017,4,2,822,8,22,2,4,76528,39620,29.100000000000023,1,High
714820,26.5462,93.7094,313.8,2.4,1.5,2025-03-29,832,1,MODIS,53,61.03,292.2,23.4,1,0,2025,3,29,832,8,32,2,11,41370,18499,21.600000000000023,0,Medium
497543,30.7428,74.5096,316.8,1.3,1.1,2022-10-28,809,1,MODIS,64,6.03,302.6,10.5,1,0,2022,10,28,809,8,9,4,0,167610,39610,14.199999999999989,0,Medium
479856,29.5109,76.7742,333.2,1.0,1.0,2022-04-25,813,1,MODIS,73,6.03,305.9,15.8,1,0,2022,4,25,813,8,13,2,0,167610,7906,27.30000000000001,0,Medium
77769,29.3498,76.3204,311.2,1.0,1.0,2017-11-30,811,1,MODIS,54,6.2,301.1,4.8,1,0,2017,11,30,811,8,11,4,0,167610,73042,10.099999999999966,0,Low
84915,20.9139,82.6162,315.4,1.0,1.0,2018-01-15,513,0,MODIS,65,6.03,301.9,7.5,1,0,2018,1,15,513,5,13,1,1,73921,10736,13.5,0,Low
553017,25.8243,91.7121,331.4,3.2,1.7,2023-04-06,646,1,MODIS,80,61.03,298.3,126.7,1,0,2023,4,6,646,6,46,2,8,33148,7372,33.099999999999966,0,Extreme
277693,23.1521,75.6063,339.4,1.1,1.1,2020-04-12,810,1,MODIS,79,6.03,317.7,23.7,1,0,2020,4,12,810,8,10,2,4,76528,39620,21.69999999999999,0,Medium
196616,24.4315,94.1325,319.3,1.2,1.1,2019-03-26,715,1,MODIS,64,6.03,302.8,11.7,1,0,2019,3,26,715,7,15,2,2,57778,42248,16.5,0,Medium
148444,21.3536,82.1599,326.6,1.2,1.1,2018-06-06,527,0,MODIS,70,6.03,293.5,12.2,1,0,2018,6,6,527,5,27,3,1,73921,1828,33.10000000000002,0,Medium
358360,25.9744,94.7807,353.4,4.5,2.0,2021-03-18,745,1,MODIS,97,6.03,297.1,570.5,1,0,2021,3,18,745,7,45,2,11,41370,18499,56.29999999999996,1,Extreme
360169,20.9302,84.9712,331.2,1.0,1.0,2021-03-21,506,0,MODIS,75,6.03,309.8,16.4,1,0,2021,3,21,506,5,6,2,1,73921,19544,21.399999999999977,0,Medium
6717,33.0889,74.182,324.5,1.5,1.2,2017-02-11,837,1,MODIS,82,6.2,294.5,36.5,1,0,2017,2,11,837,8,37,1,0,167610,2711,30.0,1,High
139788,25.4418,75.9827,335.8,1.6,1.2,2018-05-05,835,1,MODIS,66,6.03,313.1,21.4,1,0,2018,5,5,835,8,35,2,4,76528,7507,22.69999999999999,0,Medium
716244,22.8318,80.4876,332.5,1.2,1.1,2025-03-30,911,1,MODIS,69,61.03,317.9,15.6,1,0,2025,3,30,911,9,11,2,5,47348,12422,14.600000000000025,0,Medium
650017,30.7786,76.1377,346.1,1.1,1.0,2024-06-19,1629,0,MODIS,100,61.03,297.4,56.4,0,0,2024,6,19,1629,16,29,3,0,167610,3042,48.700000000000045,1,High
532186,14.0135,77.8901,330.8,1.2,1.1,2023-02-23,814,1,MODIS,74,61.03,311.9,21.1,1,0,2023,2,23,814,8,14,1,14,36148,10539,18.900000000000038,0,Medium
583453,30.0536,75.6114,318.1,2.8,1.6,2023-11-07,759,1,MODIS,67,61.03,297.5,38.9,1,0,2023,11,7,759,7,59,4,0,167610,73042,20.600000000000023,0,High
391612,21.4544,70.5692,329.7,3.4,1.7,2021-04-12,917,1,MODIS,40,6.03,315.7,61.5,1,0,2021,4,12,917,9,17,2,10,21095,4258,14.0,0,Extreme
383947,24.9571,81.18,379.7,1.0,1.0,2021-04-04,517,0,MODIS,100,6.03,319.4,132.2,1,0,2021,4,4,517,5,17,2,5,47348,16741,60.30000000000001,1,Extreme
688800,23.1338,93.0853,302.4,1.2,1.1,2025-03-04,1453,0,MODIS,49,61.03,287.6,7.9,0,0,2025,3,4,1453,14,53,2,2,57778,42248,14.799999999999956,0,Low
524272,31.905,77.0678,302.0,1.1,1.1,2023-02-03,513,0,MODIS,26,61.03,289.3,6.7,1,0,2023,2,3,513,5,13,1,0,167610,2711,12.699999999999989,0,Low
386638,24.3398,81.8637,331.1,1.2,1.1,2021-04-06,505,0,MODIS,67,6.03,314.1,14.6,1,0,2021,4,6,505,5,5,2,5,47348,16741,17.0,0,Medium
100174,20.8256,70.6745,321.7,1.0,1.0,2018-03-05,557,0,MODIS,50,6.03,309.7,6.5,1,0,2018,3,5,557,5,57,2,10,21095,5604,12.0,0,Low
94710,19.7739,82.2997,328.3,1.0,1.0,2018-02-25,508,0,MODIS,76,6.03,311.1,11.0,1,0,2018,2,25,508,5,8,1,13,47964,5221,17.19999999999999,0,Medium
157971,31.0272,75.3578,316.8,1.0,1.0,2018-11-01,812,1,MODIS,53,6.03,300.8,7.2,1,0,2018,11,1,812,8,12,4,0,167610,73042,16.0,0,Low
160167,31.1621,76.1361,315.2,1.5,1.2,2018-11-06,830,1,MODIS,68,6.03,299.6,15.5,1,0,2018,11,6,830,8,30,4,0,167610,73042,15.599999999999966,0,Medium
13669,13.1668,75.6183,315.0,1.1,1.0,2017-03-01,819,1,MODIS,39,6.2,295.8,8.1,1,0,2017,3,1,819,8,19,2,14,36148,12659,19.19999999999999,0,Low
336573,21.7604,82.349,332.4,1.3,1.1,2021-02-23,738,1,MODIS,81,6.03,313.5,26.6,1,0,2021,2,23,738,7,38,1,1,73921,9366,18.899999999999977,1,Medium
648747,23.7714,86.3907,315.9,1.2,1.1,2024-06-08,1536,0,MODIS,59,61.03,301.2,8.9,0,2,2024,6,8,1536,15,36,3,12,49232,1005,14.699999999999989,0,Low
463213,24.1033,93.2837,316.3,1.1,1.1,2022-03-25,719,1,MODIS,59,6.03,298.0,9.4,1,0,2022,3,25,719,7,19,2,2,57778,42248,18.30000000000001,0,Low
25281,23.1828,79.3083,335.1,1.2,1.1,2017-03-29,537,0,MODIS,73,6.2,318.9,15.8,1,0,2017,3,29,537,5,37,2,5,47348,12422,16.200000000000045,0,Medium
91224,21.4108,84.1918,321.2,1.1,1.0,2018-02-15,739,1,MODIS,69,6.03,308.3,9.7,1,0,2018,2,15,739,7,39,1,1,73921,9366,12.899999999999975,0,Low
477970,23.6171,77.6759,341.0,2.3,1.5,2022-04-24,552,0,MODIS,83,6.03,315.8,78.2,1,0,2022,4,24,552,5,52,2,4,76528,39620,25.19999999999999,1,Extreme
307405,30.0691,74.6446,315.4,1.1,1.0,2020-11-04,824,1,MODIS,50,6.03,303.8,6.6,1,0,2020,11,4,824,8,24,4,0,167610,73042,11.599999999999966,0,Low
354577,24.0708,92.4404,432.0,1.0,1.0,2021-03-15,714,1,MODIS,100,6.03,316.5,507.0,1,0,2021,3,15,714,7,14,2,2,57778,42248,115.5,1,Extreme
151520,34.345,74.6068,305.9,1.8,1.3,2018-10-20,748,1,MODIS,52,6.03,293.5,10.5,1,0,2018,10,20,748,7,48,4,0,167610,39610,12.399999999999975,0,Medium
287018,22.4564,79.7831,310.9,1.0,1.0,2020-05-04,1658,0,MODIS,78,6.03,297.8,6.5,0,0,2020,5,4,1658,16,58,2,5,47348,4086,13.099999999999966,0,Low
739671,31.357,75.8612,327.7,2.6,1.5,2025-05-11,842,1,MODIS,79,61.03,307.7,42.0,1,0,2025,5,11,842,8,42,2,0,167610,31628,20.0,0,High
553727,25.0739,84.0656,324.5,1.0,1.0,2023-04-08,449,0,MODIS,59,61.03,309.0,7.5,1,0,2023,4,8,449,4,49,2,12,49232,12010,15.5,0,Low
294608,30.9861,75.4338,315.8,1.0,1.0,2020-10-05,812,1,MODIS,57,6.03,304.6,6.5,1,0,2020,10,5,812,8,12,4,0,167610,39610,11.199999999999989,0,Low
434013,25.1571,83.4621,311.0,1.2,1.1,2021-12-13,758,1,MODIS,59,6.03,297.6,7.4,1,0,2021,12,13,758,7,58,1,12,49232,8420,13.399999999999975,0,Low
218359,20.7976,85.2565,308.6,1.0,1.0,2019-05-06,1633,0,MODIS,70,6.03,298.0,6.0,0,2,2019,5,6,1633,16,33,2,1,73921,4396,10.600000000000025,0,Low
704801,26.2461,93.2324,318.1,1.0,1.0,2025-03-19,1459,0,MODIS,96,61.03,286.4,17.6,0,0,2025,3,19,1459,14,59,2,11,41370,18499,31.700000000000045,0,Medium
207135,23.7479,92.0225,317.0,2.7,1.6,2019-04-14,745,1,MODIS,64,6.03,297.8,30.1,1,0,2019,4,14,745,7,45,2,2,57778,10542,19.19999999999999,0,High
268341,16.0484,78.9757,326.1,2.9,1.6,2020-03-29,451,0,MODIS,69,6.03,305.0,55.6,1,0,2020,3,29,451,4,51,2,14,36148,12659,21.100000000000023,0,High
486056,30.3546,76.1637,329.1,1.0,1.0,2022-05-02,819,1,MODIS,62,6.03,308.1,9.1,1,0,2022,5,2,819,8,19,2,0,167610,31628,21.0,0,Low
347840,22.0321,84.0113,333.2,1.5,1.2,2021-03-07,803,1,MODIS,78,6.03,317.0,25.4,1,0,2021,3,7,803,8,3,2,1,73921,19544,16.19999999999999,0,Medium
704776,22.4441,92.6004,310.6,1.1,1.0,2025-03-19,1458,0,MODIS,80,61.03,296.2,8.4,0,0,2025,3,19,1458,14,58,2,2,57778,42248,14.400000000000034,0,Low
772294,26.209,84.8859,304.5,2.7,1.6,2026-01-27,945,1,MODIS,44,61.03,294.1,19.4,1,0,2026,1,27,945,9,45,1,12,49232,3185,10.399999999999975,0,Medium
343375,24.715,85.7187,319.7,1.0,1.0,2021-03-05,505,0,MODIS,53,6.03,304.9,8.1,1,0,2021,3,5,505,5,5,2,12,49232,10270,14.800000000000011,0,Low
643950,31.7679,76.6696,321.0,1.0,1.0,2024-05-14,837,1,MODIS,39,61.03,308.1,6.3,1,0,2024,5,14,837,8,37,2,0,167610,31628,12.899999999999975,0,Low
201964,19.0633,80.4677,331.7,1.0,1.0,2019-04-03,803,1,MODIS,68,6.03,314.2,11.0,1,0,2019,4,3,803,8,3,2,13,47964,11656,17.5,0,Medium
606339,13.5253,79.5028,306.3,1.0,1.0,2024-02-21,1623,0,MODIS,68,61.03,296.1,4.9,0,0,2024,2,21,1623,16,23,1,14,36148,10539,10.199999999999989,0,Low
16275,26.104,92.4913,332.0,1.1,1.0,2017-03-06,703,1,MODIS,84,6.2,303.2,27.4,1,0,2017,3,6,703,7,3,2,8,33148,19990,28.80000000000001,1,Medium
619262,30.6694,75.924,315.4,1.3,1.1,2024-03-22,825,1,MODIS,68,61.03,297.7,13.4,1,0,2024,3,22,825,8,25,2,0,167610,2014,17.69999999999999,0,Medium
496412,29.9377,76.0907,315.2,1.0,1.0,2022-10-26,821,1,MODIS,49,6.03,303.7,5.0,1,0,2022,10,26,821,8,21,4,0,167610,39610,11.5,0,Low
423392,30.7933,76.3849,327.6,1.0,1.0,2021-11-09,812,1,MODIS,73,6.03,302.4,16.8,1,0,2021,11,9,812,8,12,4,0,167610,73042,25.200000000000045,0,Medium
523915,26.1604,94.6645,322.5,3.2,1.7,2023-02-02,632,1,MODIS,82,61.03,291.7,108.6,1,0,2023,2,2,632,6,32,1,11,41370,5791,30.80000000000001,1,Extreme
759207,24.9992,86.1312,305.2,1.1,1.1,2025-12-08,853,1,MODIS,54,61.03,294.5,5.0,1,0,2025,12,8,853,8,53,1,12,49232,8420,10.699999999999989,0,Low
557774,27.6003,96.3741,338.2,1.0,1.0,2023-04-11,701,1,MODIS,89,61.03,296.4,36.2,1,0,2023,4,11,701,7,1,2,11,41370,8105,41.80000000000001,1,High
235389,30.2079,76.3782,316.6,1.0,1.0,2019-10-27,547,0,MODIS,68,6.03,301.9,7.6,1,0,2019,10,27,547,5,47,4,0,167610,39610,14.700000000000044,0,Low
536562,14.1376,78.2955,333.9,1.1,1.0,2023-03-02,816,1,MODIS,79,61.03,312.8,20.7,1,0,2023,3,2,816,8,16,2,14,36148,12659,21.09999999999997,0,Medium
395872,27.7352,81.6882,330.2,1.0,1.0,2021-04-19,746,1,MODIS,68,6.03,316.0,8.7,1,0,2021,4,19,746,7,46,2,7,41741,15320,14.199999999999989,0,Low
630166,27.199,83.3702,307.2,1.3,1.1,2024-04-14,1614,0,MODIS,24,61.03,293.1,7.6,0,0,2024,4,14,1614,16,14,2,7,41741,15320,14.099999999999966,0,Low
504504,29.828,75.6223,319.0,1.1,1.0,2022-11-09,829,1,MODIS,70,6.03,298.1,11.1,1,0,2022,11,9,829,8,29,4,0,167610,73042,20.899999999999977,0,Medium
105916,25.957,94.2614,318.6,1.1,1.0,2018-03-10,435,0,MODIS,75,6.03,298.4,13.9,1,0,2018,3,10,435,4,35,2,11,41370,18499,20.200000000000045,0,Medium
167506,30.8236,74.526,327.3,1.0,1.0,2018-11-17,812,1,MODIS,83,6.03,295.0,22.9,1,0,2018,11,17,812,8,12,4,0,167610,73042,32.30000000000001,1,Medium
689335,18.9735,77.3923,331.5,1.0,1.0,2025-03-05,912,1,MODIS,73,61.03,316.7,12.5,1,0,2025,3,5,912,9,12,2,9,27481,7575,14.800000000000011,0,Medium
520986,16.5918,74.5467,304.2,1.1,1.1,2023-01-16,1654,0,MODIS,59,61.03,290.0,8.5,0,0,2023,1,16,1654,16,54,1,3,38436,8477,14.199999999999989,0,Low
141895,30.3099,74.7905,335.6,1.1,1.0,2018-05-10,543,0,MODIS,74,6.03,314.3,14.2,1,0,2018,5,10,543,5,43,2,0,167610,31628,21.30000000000001,0,Medium
9978,19.089,82.4161,329.0,1.8,1.3,2017-02-21,732,1,MODIS,74,6.2,307.1,36.2,1,0,2017,2,21,732,7,32,1,13,47964,5221,21.899999999999977,0,High
356412,19.0747,76.156,303.3,1.1,1.0,2021-03-16,1720,0,MODIS,38,6.03,289.7,8.5,0,0,2021,3,16,1720,17,20,2,9,27481,7575,13.600000000000025,0,Low
220335,32.493,74.7096,334.9,1.2,1.1,2019-05-09,606,0,MODIS,79,6.03,315.0,21.1,1,0,2019,5,9,606,6,6,2,0,167610,31628,19.899999999999977,0,Medium
87542,22.1166,82.6752,324.4,1.0,1.0,2018-01-28,751,1,MODIS,75,6.03,307.7,12.1,1,0,2018,1,28,751,7,51,1,1,73921,10736,16.69999999999999,0,Medium
95477,13.4461,75.8267,324.3,1.9,1.4,2018-02-27,801,1,MODIS,34,6.03,310.4,28.7,1,0,2018,2,27,801,8,1,1,14,36148,10539,13.900000000000034,0,Medium
318837,22.2135,84.8686,300.1,1.7,1.3,2020-11-28,1657,0,MODIS,10,6.03,289.9,9.0,0,2,2020,11,28,1657,16,57,4,1,73921,2885,10.200000000000044,0,Low
366025,25.3181,93.103,306.3,1.9,1.3,2021-03-25,1537,0,MODIS,68,6.03,292.7,16.5,0,0,2021,3,25,1537,15,37,2,8,33148,19990,13.600000000000025,0,Medium
631126,29.3063,79.5055,305.8,1.4,1.2,2024-04-16,1557,0,MODIS,66,61.03,291.5,9.9,0,0,2024,4,16,1557,15,57,2,7,41741,15320,14.300000000000011,0,Low
742030,22.1271,76.8245,303.7,1.2,1.1,2025-05-19,1552,0,MODIS,16,61.03,278.4,6.2,0,0,2025,5,19,1552,15,52,2,4,76528,7507,25.30000000000001,0,Low
699856,24.217,92.5909,327.9,2.8,1.6,2025-03-15,735,1,MODIS,78,61.03,295.7,82.4,1,0,2025,3,15,735,7,35,2,2,57778,42248,32.19999999999999,0,Extreme
108943,21.5862,85.6139,322.1,1.1,1.0,2018-03-13,507,0,MODIS,52,6.03,308.1,6.9,1,0,2018,3,13,507,5,7,2,1,73921,19544,14.0,0,Low
180867,22.0913,77.8611,316.9,1.5,1.2,2019-02-13,550,0,MODIS,65,6.03,301.9,12.3,1,0,2019,2,13,550,5,50,1,4,76528,2331,15.0,0,Medium
729317,23.3032,77.9164,340.5,1.0,1.0,2025-04-21,432,0,MODIS,85,61.03,316.0,25.8,1,0,2025,4,21,432,4,32,2,4,76528,39620,24.5,1,Medium
252879,31.974,75.5383,303.2,1.0,1.0,2020-02-08,812,1,MODIS,42,6.03,292.6,4.1,1,0,2020,2,8,812,8,12,1,0,167610,2711,10.599999999999966,0,Low
578701,25.1299,77.1289,321.7,1.3,1.1,2023-10-29,816,1,MODIS,63,61.03,308.5,11.2,1,0,2023,10,29,816,8,16,4,4,76528,1622,13.199999999999989,0,Medium
664153,23.5829,71.6284,317.5,1.2,1.1,2024-12-02,514,0,MODIS,72,61.03,299.9,13.1,1,0,2024,12,2,514,5,14,1,10,21095,1721,17.600000000000023,0,Medium
34930,25.1526,86.3256,338.3,1.0,1.0,2017-04-10,733,1,MODIS,56,6.2,316.2,17.9,1,0,2017,4,10,733,7,33,2,12,49232,12010,22.100000000000023,0,Medium
615442,26.684,90.0157,326.7,1.0,1.0,2024-03-14,749,1,MODIS,78,61.03,304.8,15.9,1,0,2024,3,14,749,7,49,2,8,33148,19990,21.899999999999977,0,Medium
282538,24.0029,77.9901,341.9,1.0,1.0,2020-04-22,537,0,MODIS,75,6.03,316.6,21.1,1,0,2020,4,22,537,5,37,2,4,76528,39620,25.299999999999955,0,Medium
220245,28.8699,79.8523,305.4,2.3,1.5,2019-05-08,1623,0,MODIS,32,6.03,294.8,15.5,0,0,2019,5,8,1623,16,23,2,7,41741,6465,10.599999999999966,0,Medium
292052,30.3233,74.2768,334.8,2.0,1.4,2020-05-25,618,0,MODIS,75,6.03,314.8,33.8,1,0,2020,5,25,618,6,18,2,0,167610,31628,20.0,0,High
762064,16.2992,80.492,315.3,1.1,1.1,2025-12-17,941,1,MODIS,53,61.03,302.6,8.1,1,0,2025,12,17,941,9,41,1,13,47964,2559,12.699999999999989,0,Low
556515,24.2259,92.2707,319.2,1.8,1.3,2023-04-11,700,1,MODIS,65,61.03,301.8,18.3,1,0,2023,4,11,700,7,0,2,2,57778,10542,17.399999999999977,0,Medium
423000,30.9409,74.6317,314.4,1.0,1.0,2021-11-09,812,1,MODIS,47,6.03,302.3,5.6,1,2,2021,11,9,812,8,12,4,0,167610,73042,12.099999999999966,0,Low
361280,24.7457,93.5784,317.4,1.3,1.1,2021-03-22,720,1,MODIS,39,6.03,301.9,10.8,1,0,2021,3,22,720,7,20,2,2,57778,42248,15.5,0,Medium
522598,19.864,82.2185,328.5,1.0,1.0,2023-01-26,806,1,MODIS,79,61.03,308.4,15.5,1,0,2023,1,26,806,8,6,1,13,47964,1969,20.100000000000023,0,Medium
271419,23.879,92.1768,317.7,1.8,1.3,2020-04-01,650,1,MODIS,60,6.03,306.4,13.0,1,0,2020,4,1,650,6,50,2,2,57778,10542,11.300000000000011,0,Medium
42107,27.8564,94.24,316.9,1.1,1.0,2017-04-14,709,1,MODIS,69,6.2,300.4,9.4,1,0,2017,4,14,709,7,9,2,11,41370,8105,16.5,0,Low
89503,19.2861,78.8338,320.4,1.2,1.1,2018-02-04,757,1,MODIS,55,6.03,305.7,10.7,1,0,2018,2,4,757,7,57,1,9,27481,5254,14.699999999999989,0,Medium
356279,28.334,80.3996,318.0,1.0,1.0,2021-03-16,758,1,MODIS,38,6.03,304.3,6.5,1,0,2021,3,16,758,7,58,2,7,41741,3895,13.699999999999989,0,Low
165846,30.3598,75.5706,318.0,1.1,1.1,2018-11-15,824,1,MODIS,70,6.03,302.5,10.9,1,0,2018,11,15,824,8,24,4,0,167610,73042,15.5,0,Medium
273642,24.762,94.1006,327.3,1.4,1.2,2020-04-04,721,1,MODIS,77,6.03,308.5,19.7,1,0,2020,4,4,721,7,21,2,11,41370,8105,18.80000000000001,0,Medium
202916,22.1894,77.1189,318.8,1.4,1.2,2019-04-04,2056,1,MODIS,97,6.03,294.2,24.5,0,0,2019,4,4,2056,20,56,2,4,76528,39620,24.600000000000023,1,Medium
110097,21.1861,84.9035,326.9,1.9,1.3,2018-03-14,720,1,MODIS,69,6.03,311.7,24.2,1,0,2018,3,14,720,7,20,2,1,73921,19544,15.199999999999989,0,Medium
182332,17.0711,77.5521,337.6,1.1,1.0,2019-02-21,808,1,MODIS,78,6.03,317.3,19.1,1,0,2019,2,21,808,8,8,1,9,27481,5254,20.30000000000001,0,Medium
414200,22.2102,84.8655,310.6,1.1,1.1,2021-11-02,449,0,MODIS,31,6.03,296.0,3.6,1,2,2021,11,2,449,4,49,4,1,73921,2885,14.600000000000025,0,Low
557184,23.6777,91.8593,343.4,1.9,1.4,2023-04-11,700,1,MODIS,91,61.03,301.4,100.6,1,0,2023,4,11,700,7,0,2,2,57778,10542,42.0,1,Extreme
539516,26.0491,91.5715,316.8,1.3,1.1,2023-03-05,709,1,MODIS,58,61.03,303.2,7.8,1,0,2023,3,5,709,7,9,2,8,33148,19990,13.600000000000025,0,Low
322923,22.7604,70.6804,314.8,1.1,1.0,2020-12-21,608,0,MODIS,62,6.03,302.1,7.8,1,0,2020,12,21,608,6,8,1,10,21095,1721,12.699999999999989,0,Low
311615,31.2431,74.9708,319.8,1.3,1.1,2020-11-08,759,1,MODIS,60,6.03,304.3,13.2,1,0,2020,11,8,759,7,59,4,0,167610,73042,15.5,0,Medium
681013,19.297,78.4739,322.1,1.1,1.0,2025-02-13,912,1,MODIS,48,61.03,311.2,6.7,1,0,2025,2,13,912,9,12,1,9,27481,5254,10.900000000000034,0,Low
125943,24.4025,79.5443,334.2,1.0,1.0,2018-03-31,804,1,MODIS,67,6.03,321.4,10.5,1,0,2018,3,31,804,8,4,2,5,47348,12422,12.800000000000011,0,Medium
96721,18.1629,73.7678,300.7,1.1,1.0,2018-02-28,2057,1,MODIS,33,6.03,290.7,4.8,0,0,2018,2,28,2057,20,57,1,3,38436,8837,10.0,0,Low
329137,21.0819,85.0378,305.1,1.2,1.1,2021-01-28,1626,0,MODIS,63,6.03,291.4,8.7,0,2,2021,1,28,1626,16,26,1,1,73921,10736,13.700000000000044,0,Low
469526,22.193,79.8537,334.1,1.4,1.2,2022-03-31,820,1,MODIS,72,6.03,318.9,19.2,1,0,2022,3,31,820,8,20,2,5,47348,12422,15.200000000000044,0,Medium
102214,21.2468,84.3069,306.3,1.1,1.0,2018-03-06,2019,1,MODIS,67,6.03,295.1,7.9,0,0,2018,3,6,2019,20,19,2,1,73921,19544,11.199999999999989,0,Low
332070,18.3757,78.1734,321.2,1.3,1.1,2021-02-08,513,0,MODIS,67,6.03,307.9,12.2,1,0,2021,2,8,513,5,13,1,9,27481,5254,13.300000000000011,0,Medium
48771,31.9367,75.6729,324.0,2.8,1.6,2017-04-26,735,1,MODIS,73,6.2,305.7,35.2,1,0,2017,4,26,735,7,35,2,0,167610,7906,18.30000000000001,0,High
101496,17.4235,81.2011,323.6,1.1,1.0,2018-03-06,808,1,MODIS,57,6.03,309.3,7.6,1,0,2018,3,6,808,8,8,2,13,47964,18871,14.300000000000011,0,Low
689655,21.7509,83.8959,325.5,2.5,1.5,2025-03-05,913,1,MODIS,63,61.03,306.8,49.1,1,0,2025,3,5,913,9,13,2,1,73921,19544,18.69999999999999,0,High
696543,19.946,74.1888,317.2,1.8,1.3,2025-03-12,422,0,MODIS,40,61.03,303.2,17.5,1,0,2025,3,12,422,4,22,2,3,38436,7918,14.0,0,Medium
291239,18.6881,79.3277,339.9,1.1,1.0,2020-05-21,814,1,MODIS,84,6.03,307.3,27.3,1,0,2020,5,21,814,8,14,2,13,47964,4838,32.599999999999966,1,Medium
757306,21.644,81.1346,309.7,1.1,1.0,2025-12-01,918,1,MODIS,59,61.03,298.1,5.1,1,0,2025,12,1,918,9,18,1,5,47348,2981,11.599999999999966,0,Low
551360,22.4217,77.5217,305.4,1.0,1.0,2023-03-31,1649,0,MODIS,59,61.03,291.8,6.3,0,0,2023,3,31,1649,16,49,2,4,76528,13167,13.599999999999966,0,Low
765610,18.3462,75.3516,318.7,1.1,1.0,2026-01-01,1546,0,MODIS,97,61.03,288.0,20.6,0,0,2026,1,1,1546,15,46,1,3,38436,8477,30.69999999999999,1,Medium
557856,18.4166,80.2686,327.2,1.9,1.3,2023-04-11,837,1,MODIS,39,61.03,307.6,23.3,1,0,2023,4,11,837,8,37,2,13,47964,11656,19.59999999999997,0,Medium
282037,24.6335,79.4889,304.7,1.2,1.1,2020-04-20,1646,0,MODIS,58,6.03,293.8,5.6,0,0,2020,4,20,1646,16,46,2,5,47348,16741,10.899999999999975,0,Low
158418,30.205,75.5951,312.9,1.3,1.1,2018-11-03,759,1,MODIS,64,6.03,294.4,11.3,1,0,2018,11,3,759,7,59,4,0,167610,73042,18.5,0,Medium
161896,30.3286,74.907,319.8,1.0,1.0,2018-11-08,818,1,MODIS,68,6.03,299.6,10.8,1,2,2018,11,8,818,8,18,4,0,167610,73042,20.19999999999999,0,Medium
624690,25.6987,90.9861,322.5,1.4,1.2,2024-04-04,728,1,MODIS,75,61.03,298.7,21.7,1,0,2024,4,4,728,7,28,2,8,33148,7372,23.80000000000001,0,Medium
530700,13.749,76.5179,324.9,1.2,1.1,2023-02-19,841,1,MODIS,60,61.03,309.4,8.6,1,0,2023,2,19,841,8,41,1,14,36148,10539,15.5,0,Low
676401,23.7645,86.4075,301.7,1.7,1.3,2025-01-29,2119,1,MODIS,28,61.03,291.4,12.1,0,2,2025,1,29,2119,21,19,1,12,49232,3185,10.300000000000011,0,Medium
457135,19.3989,72.9044,310.2,1.1,1.0,2022-03-17,1725,0,MODIS,63,6.03,299.7,6.0,0,0,2022,3,17,1725,17,25,2,3,38436,7918,10.5,0,Low
470732,22.8069,77.8306,303.8,3.4,1.7,2022-04-05,1618,0,MODIS,50,6.03,290.9,28.6,0,0,2022,4,5,1618,16,18,2,4,76528,39620,12.900000000000034,0,Medium
577398,21.9218,83.3405,313.0,1.2,1.1,2023-10-24,428,0,MODIS,57,61.03,300.6,7.5,1,2,2023,10,24,428,4,28,4,1,73921,2278,12.399999999999975,0,Low
205449,21.9629,77.0761,330.9,3.6,1.8,2019-04-11,853,1,MODIS,42,6.03,314.2,44.7,1,0,2019,4,11,853,8,53,2,4,76528,39620,16.69999999999999,0,High
277867,24.0007,75.0761,300.1,1.6,1.3,2020-04-12,1735,0,MODIS,19,6.03,283.3,9.2,0,0,2020,4,12,1735,17,35,2,4,76528,39620,16.80000000000001,0,Low
331870,22.019,86.8524,312.6,1.0,1.0,2021-02-07,738,1,MODIS,58,6.03,300.0,5.5,1,0,2021,2,7,738,7,38,1,12,49232,3888,12.600000000000025,0,Low
224530,29.5938,75.538,320.9,2.1,1.4,2019-05-16,747,1,MODIS,40,6.03,296.1,12.1,1,0,2019,5,16,747,7,47,2,0,167610,31628,24.799999999999955,0,Medium
588411,30.4357,76.3079,317.1,1.1,1.1,2023-11-17,822,1,MODIS,70,61.03,305.0,7.5,1,0,2023,11,17,822,8,22,4,0,167610,73042,12.100000000000025,0,Low
144778,29.8753,78.9004,328.1,1.1,1.0,2018-05-20,753,1,MODIS,71,6.03,305.6,14.5,1,0,2018,5,20,753,7,53,2,7,41741,6465,22.5,0,Medium
342395,23.0356,92.6991,313.8,1.1,1.1,2021-03-04,422,0,MODIS,63,6.03,297.6,10.5,1,0,2021,3,4,422,4,22,2,2,57778,42248,16.19999999999999,0,Medium
733014,25.6786,79.0521,339.6,1.0,1.0,2025-04-24,905,1,MODIS,45,61.03,323.7,16.0,1,0,2025,4,24,905,9,5,2,4,76528,39620,15.900000000000034,0,Medium
226187,24.6979,80.6274,342.4,1.1,1.0,2019-05-21,804,1,MODIS,82,6.03,323.1,15.7,1,0,2019,5,21,804,8,4,2,5,47348,4086,19.299999999999955,0,Medium
729764,26.5965,83.7297,339.6,1.0,1.0,2025-04-21,847,1,MODIS,84,61.03,314.5,22.9,1,0,2025,4,21,847,8,47,2,12,49232,12010,25.100000000000023,1,Medium
287917,25.5626,76.682,353.1,1.0,1.0,2020-05-08,537,0,MODIS,94,6.03,323.3,37.6,1,0,2020,5,8,537,5,37,2,4,76528,7507,29.80000000000001,1,High
306171,25.8196,78.0298,326.0,2.1,1.4,2020-11-03,740,1,MODIS,76,6.03,306.5,44.8,1,0,2020,11,3,740,7,40,4,4,76528,9210,19.5,0,High
442503,26.8051,94.9567,322.9,1.1,1.1,2022-02-18,650,1,MODIS,81,6.03,293.1,20.9,1,0,2022,2,18,650,6,50,1,11,41370,5791,29.799999999999955,1,Medium
476361,23.9285,82.1294,311.4,1.7,1.3,2022-04-20,2002,1,MODIS,82,6.03,297.6,18.0,0,0,2022,4,20,2002,20,2,2,5,47348,16741,13.799999999999956,0,Medium
634475,24.1924,74.1469,346.6,1.0,1.0,2024-04-23,900,1,MODIS,88,61.03,320.9,29.5,1,0,2024,4,23,900,9,0,2,10,21095,4258,25.700000000000045,1,Medium
579145,20.7962,85.2594,313.9,1.0,1.0,2023-10-29,2024,1,MODIS,88,61.03,294.0,12.5,0,2,2023,10,29,2024,20,24,4,1,73921,2278,19.899999999999977,0,Medium
66162,29.69,75.875,315.7,1.0,1.0,2017-10-29,811,1,MODIS,63,6.2,301.4,6.9,1,0,2017,10,29,811,8,11,4,0,167610,39610,14.300000000000011,0,Low
35420,21.6762,78.8738,308.6,1.0,1.0,2017-04-10,1657,0,MODIS,63,6.2,295.5,7.6,0,0,2017,4,10,1657,16,57,2,5,47348,16741,13.100000000000025,0,Low
194803,20.2036,80.2952,325.6,1.6,1.2,2019-03-25,502,0,MODIS,59,6.03,308.7,19.7,1,0,2019,3,25,502,5,2,2,13,47964,18871,16.900000000000034,0,Medium
708733,21.5979,70.0202,340.0,2.4,1.5,2025-03-25,912,1,MODIS,82,61.03,310.7,97.7,1,0,2025,3,25,912,9,12,2,10,21095,5604,29.30000000000001,1,Extreme
496269,16.6539,76.4782,321.5,1.1,1.0,2022-10-26,524,0,MODIS,71,6.03,305.5,11.2,1,0,2022,10,26,524,5,24,4,3,38436,418,16.0,0,Medium
396089,23.1641,76.8647,332.3,1.5,1.2,2021-04-20,517,0,MODIS,67,6.03,314.2,15.0,1,0,2021,4,20,517,5,17,2,4,76528,39620,18.100000000000023,0,Medium
13625,9.054,77.0274,322.9,1.0,1.0,2017-03-01,818,1,MODIS,18,6.2,299.2,8.7,1,0,2017,3,1,818,8,18,2,6,13460,3928,23.69999999999999,0,Low
199458,28.9354,79.6178,318.5,1.2,1.1,2019-03-30,518,0,MODIS,62,6.03,301.5,10.8,1,0,2019,3,30,518,5,18,2,7,41741,3895,17.0,0,Medium
377911,19.7939,84.5758,330.8,1.2,1.1,2021-04-01,756,1,MODIS,68,6.03,315.0,12.0,1,0,2021,4,1,756,7,56,2,1,73921,9197,15.800000000000011,0,Medium
378030,20.6091,80.7618,331.1,1.0,1.0,2021-04-01,756,1,MODIS,65,6.03,316.2,8.6,1,0,2021,4,1,756,7,56,2,13,47964,11656,14.900000000000034,0,Low
189058,17.7512,80.1081,333.9,1.8,1.3,2019-03-14,827,1,MODIS,77,6.03,308.4,42.6,1,0,2019,3,14,827,8,27,2,13,47964,18871,25.5,0,High
645964,27.1574,79.9856,337.7,1.0,1.0,2024-05-21,827,1,MODIS,80,61.03,314.1,18.2,1,0,2024,5,21,827,8,27,2,7,41741,6465,23.59999999999997,0,Medium
63458,27.7372,77.3128,319.0,1.4,1.2,2017-10-24,752,1,MODIS,29,6.2,308.0,7.5,1,0,2017,10,24,752,7,52,4,0,167610,39610,11.0,0,Low
749626,18.4899,77.8026,319.9,1.6,1.2,2025-11-09,955,1,MODIS,73,61.03,301.1,23.0,1,0,2025,11,9,955,9,55,4,9,27481,2693,18.799999999999955,0,Medium
611499,17.9826,73.1977,337.6,1.4,1.2,2024-03-09,916,1,MODIS,80,61.03,312.4,41.3,1,0,2024,3,9,916,9,16,2,3,38436,7918,25.200000000000045,0,High
249538,23.5098,76.1514,314.0,1.1,1.0,2020-01-07,809,1,MODIS,57,6.03,297.9,7.0,1,0,2020,1,7,809,8,9,1,4,76528,1502,16.100000000000023,0,Low
144802,31.6143,75.9686,330.7,1.4,1.2,2018-05-20,754,1,MODIS,39,6.03,316.9,15.0,1,0,2018,5,20,754,7,54,2,0,167610,31628,13.800000000000011,0,Medium
227844,22.3589,78.2597,335.2,1.0,1.0,2019-05-28,809,1,MODIS,56,6.03,317.7,7.8,1,0,2019,5,28,809,8,9,2,4,76528,7507,17.5,0,Low
58004,20.9606,85.1734,318.8,1.0,1.0,2017-06-17,1633,0,MODIS,97,6.2,294.3,13.5,0,2,2017,6,17,1633,16,33,3,1,73921,1828,24.5,0,Medium
407245,20.7902,85.2588,324.8,1.0,1.0,2021-08-05,458,0,MODIS,78,6.03,294.9,13.8,1,2,2021,8,5,458,4,58,3,1,73921,664,29.900000000000038,0,Medium
522708,16.2289,75.7229,303.9,1.3,1.1,2023-01-26,1712,0,MODIS,57,61.03,292.5,7.2,0,0,2023,1,26,1712,17,12,1,3,38436,8477,11.399999999999975,0,Low
296201,31.2223,75.0123,315.2,1.3,1.1,2020-10-18,606,0,MODIS,45,6.03,302.8,8.0,1,0,2020,10,18,606,6,6,4,0,167610,39610,12.399999999999975,0,Low
747957,29.6325,74.4858,319.5,1.4,1.2,2025-11-03,924,1,MODIS,69,61.03,303.3,17.0,1,0,2025,11,3,924,9,24,4,0,167610,73042,16.19999999999999,0,Medium
465630,23.7518,83.9803,327.2,1.0,1.0,2022-03-28,749,1,MODIS,48,6.03,314.2,7.5,1,0,2022,3,28,749,7,49,2,12,49232,10270,13.0,0,Low
666293,25.3385,84.003,319.2,1.1,1.1,2024-12-12,842,1,MODIS,75,61.03,298.0,15.1,1,0,2024,12,12,842,8,42,1,12,49232,8420,21.19999999999999,0,Medium
438542,19.2215,77.4995,314.8,1.0,1.0,2022-01-24,519,0,MODIS,68,6.03,295.0,9.4,1,0,2022,1,24,519,5,19,1,9,27481,3684,19.80000000000001,0,Low
395563,24.757,82.9945,349.9,1.0,1.0,2021-04-19,745,1,MODIS,92,6.03,318.0,42.2,1,0,2021,4,19,745,7,45,2,12,49232,12010,31.899999999999977,1,High
541785,14.8634,79.0835,305.5,1.0,1.0,2023-03-07,1645,0,MODIS,65,61.03,294.5,5.6,0,0,2023,3,7,1645,16,45,2,14,36148,12659,11.0,0,Low
738,27.3125,93.9968,324.9,1.5,1.2,2017-01-06,721,1,MODIS,83,6.2,297.9,36.0,1,0,2017,1,6,721,7,21,1,11,41370,4936,27.0,1,High
311375,23.4436,80.0004,324.4,1.0,1.0,2020-11-08,757,1,MODIS,42,6.03,303.3,13.3,1,0,2020,11,8,757,7,57,4,5,47348,5930,21.09999999999997,0,Medium
196152,23.3817,92.6018,380.8,1.0,1.0,2019-03-26,714,1,MODIS,100,6.03,307.6,151.5,1,0,2019,3,26,714,7,14,2,2,57778,42248,73.19999999999999,1,Extreme
601640,26.7343,93.44,312.3,1.0,1.0,2024-02-02,728,1,MODIS,65,61.03,292.6,8.2,1,0,2024,2,2,728,7,28,1,11,41370,5791,19.69999999999999,0,Low
623288,25.8114,92.2417,322.9,1.0,1.0,2024-04-02,744,1,MODIS,66,61.03,303.4,11.1,1,0,2024,4,2,744,7,44,2,8,33148,7372,19.5,0,Medium
398262,27.4853,93.0611,315.5,1.0,1.0,2021-04-25,709,1,MODIS,61,6.03,302.1,7.0,1,0,2021,4,25,709,7,9,2,11,41370,8105,13.399999999999975,0,Low
174421,17.2165,74.2289,301.8,1.2,1.1,2019-01-04,1733,0,MODIS,44,6.03,286.1,8.3,0,0,2019,1,4,1733,17,33,1,3,38436,8477,15.699999999999989,0,Low
506521,31.0371,75.9298,316.9,1.0,1.0,2022-11-11,816,1,MODIS,69,6.03,302.5,8.1,1,0,2022,11,11,816,8,16,4,0,167610,73042,14.399999999999975,0,Low
447145,25.121,93.4923,360.2,2.0,1.4,2022-03-07,732,1,MODIS,100,6.03,293.0,222.7,1,0,2022,3,7,732,7,32,2,11,41370,18499,67.19999999999999,1,Extreme
489327,16.7285,77.117,327.2,2.0,1.4,2022-05-13,755,1,MODIS,60,6.03,298.9,19.8,1,0,2022,5,13,755,7,55,2,14,36148,1092,28.30000000000001,0,Medium
475031,29.8872,78.6661,316.9,1.1,1.0,2022-04-19,532,0,MODIS,37,6.03,303.9,5.7,1,0,2022,4,19,532,5,32,2,7,41741,15320,13.0,0,Low
283099,24.2702,75.813,311.6,1.0,1.0,2020-04-23,1717,0,MODIS,79,6.03,294.9,9.3,0,0,2020,4,23,1717,17,17,2,4,76528,39620,16.700000000000045,0,Low
637575,14.6584,79.1818,333.8,1.1,1.0,2024-04-30,849,1,MODIS,60,61.03,319.5,11.1,1,0,2024,4,30,849,8,49,2,14,36148,3614,14.300000000000011,0,Medium
580368,30.3064,74.5071,329.0,1.1,1.0,2023-11-01,844,1,MODIS,82,61.03,301.4,21.5,1,0,2023,11,1,844,8,44,4,0,167610,73042,27.600000000000023,1,Medium
172614,16.5229,80.7403,312.9,1.2,1.1,2018-12-26,814,1,MODIS,61,6.03,293.6,8.0,1,0,2018,12,26,814,8,14,1,13,47964,2559,19.299999999999955,0,Low
765511,22.9613,79.0735,312.7,1.1,1.0,2026-01-01,929,1,MODIS,67,61.03,297.0,8.3,1,0,2026,1,1,929,9,29,1,5,47348,1762,15.699999999999989,0,Low
507777,18.1586,75.0162,315.5,1.1,1.1,2022-11-13,1711,0,MODIS,91,6.03,291.0,16.6,0,0,2022,11,13,1711,17,11,4,3,38436,2420,24.5,0,Medium
169564,15.9492,75.0561,301.6,1.1,1.0,2018-11-26,1727,0,MODIS,42,6.03,287.9,6.0,0,0,2018,11,26,1727,17,27,4,3,38436,2420,13.700000000000044,0,Low
754873,21.0104,80.8518,313.3,1.6,1.3,2025-11-23,905,1,MODIS,64,61.03,298.7,13.3,1,0,2025,11,23,905,9,5,4,5,47348,5930,14.600000000000025,0,Medium
190753,18.2253,80.7477,329.9,1.3,1.1,2019-03-16,815,1,MODIS,40,6.03,311.9,12.5,1,0,2019,3,16,815,8,15,2,13,47964,18871,18.0,0,Medium
333315,17.6309,76.8584,327.4,1.2,1.1,2021-02-11,544,0,MODIS,74,6.03,307.6,18.0,1,0,2021,2,11,544,5,44,1,9,27481,5254,19.799999999999955,0,Medium
76219,31.2795,75.0502,307.7,1.1,1.1,2017-11-23,806,1,MODIS,57,6.2,296.4,5.3,1,0,2017,11,23,806,8,6,4,0,167610,73042,11.300000000000011,0,Low
699455,23.7645,85.4697,326.7,1.0,1.0,2025-03-14,834,1,MODIS,68,61.03,313.3,8.4,1,0,2025,3,14,834,8,34,2,12,49232,10270,13.399999999999975,0,Low
656487,30.9083,74.7201,323.4,1.0,1.0,2024-11-08,907,1,MODIS,78,61.03,299.3,16.1,1,0,2024,11,8,907,9,7,4,0,167610,73042,24.09999999999997,0,Medium
119017,22.6702,77.388,314.4,1.4,1.2,2018-03-24,1723,0,MODIS,64,6.03,289.3,19.8,0,0,2018,3,24,1723,17,23,2,4,76528,13167,25.09999999999997,0,Medium
571837,31.4465,75.4009,334.0,1.2,1.1,2023-05-20,537,0,MODIS,79,61.03,316.9,14.3,1,0,2023,5,20,537,5,37,2,0,167610,31628,17.100000000000023,0,Medium
174002,27.5124,71.9247,324.7,1.1,1.0,2019-01-02,823,1,MODIS,74,6.03,303.7,14.0,1,0,2019,1,2,823,8,23,1,0,167610,2724,21.0,0,Medium
64619,15.1684,76.6651,308.2,1.2,1.1,2017-10-26,1702,0,MODIS,58,6.2,293.8,8.3,0,2,2017,10,26,1702,17,2,4,14,36148,823,14.399999999999975,0,Low
605956,17.9612,77.6759,319.3,1.0,1.0,2024-02-20,452,0,MODIS,57,61.03,306.3,6.6,1,0,2024,2,20,452,4,52,1,9,27481,5254,13.0,0,Low
564726,25.179,94.0877,316.0,1.0,1.0,2023-04-19,408,0,MODIS,52,61.03,300.9,6.0,1,0,2023,4,19,408,4,8,2,11,41370,8105,15.100000000000025,0,Low
218736,25.276,86.1694,333.4,1.4,1.2,2019-05-07,752,1,MODIS,69,6.03,316.8,16.6,1,0,2019,5,7,752,7,52,2,12,49232,3184,16.599999999999966,0,Medium
384970,30.5313,77.9855,317.6,2.0,1.4,2021-04-04,830,1,MODIS,56,6.03,304.8,14.0,1,0,2021,4,4,830,8,30,2,0,167610,7906,12.800000000000011,0,Medium
75743,30.8728,75.3928,314.9,1.1,1.0,2017-11-23,805,1,MODIS,69,6.2,299.6,9.1,1,0,2017,11,23,805,8,5,4,0,167610,73042,15.299999999999956,0,Low
343354,22.8116,87.2171,325.6,1.2,1.1,2021-03-05,505,0,MODIS,74,6.03,305.6,17.8,1,0,2021,3,5,505,5,5,2,12,49232,10270,20.0,0,Medium
456165,26.3885,93.0692,320.1,3.1,1.7,2022-03-17,631,1,MODIS,73,6.03,297.5,65.1,1,0,2022,3,17,631,6,31,2,11,41370,18499,22.600000000000023,0,Extreme
754344,24.3523,78.0278,313.7,1.1,1.0,2025-11-21,927,1,MODIS,63,61.03,300.1,7.0,1,0,2025,11,21,927,9,27,4,4,76528,9210,13.599999999999966,0,Low
86696,22.2697,82.6682,318.5,1.5,1.2,2018-01-23,733,1,MODIS,70,6.03,303.4,15.2,1,0,2018,1,23,733,7,33,1,1,73921,10736,15.100000000000025,0,Medium
405886,16.7716,81.5711,331.8,1.0,1.0,2021-05-26,801,1,MODIS,78,6.03,303.0,16.7,1,0,2021,5,26,801,8,1,2,13,47964,4838,28.80000000000001,0,Medium
699189,25.3862,90.3888,320.8,1.5,1.2,2025-03-14,834,1,MODIS,60,61.03,298.6,22.7,1,0,2025,3,14,834,8,34,2,8,33148,19990,22.19999999999999,0,Medium
281101,16.036,74.1304,325.7,1.0,1.0,2020-04-17,826,1,MODIS,53,6.03,303.0,11.8,1,0,2020,4,17,826,8,26,2,3,38436,3037,22.69999999999999,0,Medium
64388,29.9896,74.7805,316.7,1.4,1.2,2017-10-26,606,0,MODIS,64,6.2,302.1,12.9,1,0,2017,10,26,606,6,6,4,0,167610,39610,14.599999999999966,0,Medium
501473,30.1418,74.9411,324.3,1.1,1.1,2022-11-04,812,1,MODIS,72,6.03,300.7,16.8,1,0,2022,11,4,812,8,12,4,0,167610,73042,23.600000000000023,0,Medium
726611,25.1267,76.8943,391.7,1.0,1.0,2025-04-14,908,1,MODIS,100,61.03,320.0,194.0,1,0,2025,4,14,908,9,8,2,4,76528,39620,71.69999999999999,1,Extreme
7589,20.3062,78.358,329.2,1.0,1.0,2017-02-15,809,1,MODIS,72,6.2,312.3,11.2,1,0,2017,2,15,809,8,9,1,9,27481,5254,16.899999999999977,0,Medium
310961,11.4707,77.2886,316.8,1.7,1.3,2020-11-07,546,0,MODIS,69,6.03,297.6,15.0,1,0,2020,11,7,546,5,46,4,6,13460,296,19.19999999999999,0,Medium
403628,31.8679,75.1898,326.0,1.1,1.1,2021-05-07,558,0,MODIS,69,6.03,305.5,8.1,1,0,2021,5,7,558,5,58,2,0,167610,31628,20.5,0,Low
253983,17.1726,73.9213,323.4,1.4,1.2,2020-02-15,814,1,MODIS,48,6.03,308.4,16.1,1,0,2020,2,15,814,8,14,1,3,38436,8837,15.0,0,Medium
137642,24.2068,93.776,316.1,1.4,1.2,2018-04-28,650,1,MODIS,56,6.03,298.3,11.8,1,0,2018,4,28,650,6,50,2,2,57778,10542,17.80000000000001,0,Medium
633631,25.3496,93.2557,319.8,1.0,1.0,2024-04-21,738,1,MODIS,61,61.03,306.0,6.1,1,0,2024,4,21,738,7,38,2,11,41370,8105,13.800000000000011,0,Low
744216,21.079,85.0354,304.5,1.4,1.2,2025-09-07,1507,0,MODIS,60,61.03,288.5,6.0,0,2,2025,9,7,1507,15,7,4,1,73921,1202,16.0,0,Low
449100,19.3457,82.4912,324.1,1.1,1.0,2022-03-10,802,1,MODIS,60,6.03,309.8,8.4,1,0,2022,3,10,802,8,2,2,13,47964,18871,14.300000000000011,0,Low
378010,19.3183,82.8164,326.7,1.0,1.0,2021-04-01,756,1,MODIS,0,6.03,310.6,8.8,1,0,2021,4,1,756,7,56,2,1,73921,9197,16.099999999999966,0,Low
615298,24.3566,92.4654,349.0,1.1,1.1,2024-03-14,748,1,MODIS,95,61.03,299.6,64.5,1,0,2024,3,14,748,7,48,2,2,57778,42248,49.39999999999998,1,Extreme
173905,10.1257,77.3898,323.6,1.0,1.0,2019-01-02,818,1,MODIS,77,6.03,296.2,19.3,1,0,2019,1,2,818,8,18,1,6,13460,1313,27.400000000000038,0,Medium
63971,30.3228,74.6666,314.7,1.5,1.2,2017-10-25,836,1,MODIS,55,6.2,303.3,9.8,1,0,2017,10,25,836,8,36,4,0,167610,39610,11.399999999999975,0,Low
303808,30.6669,75.4099,326.7,2.7,1.6,2020-10-31,848,1,MODIS,80,6.03,301.0,74.5,1,0,2020,10,31,848,8,48,4,0,167610,39610,25.69999999999999,0,Extreme
175103,26.1101,92.7473,308.4,3.2,1.7,2019-01-08,745,1,MODIS,57,6.03,296.9,23.3,1,0,2019,1,8,745,7,45,1,8,33148,1715,11.5,0,Medium
189909,25.1856,92.8641,324.0,2.6,1.5,2019-03-16,506,0,MODIS,80,6.03,292.7,77.3,1,0,2019,3,16,506,5,6,2,8,33148,19990,31.30000000000001,0,Extreme
672067,21.2012,83.0345,313.4,1.3,1.1,2025-01-08,829,1,MODIS,64,61.03,302.1,7.6,1,0,2025,1,8,829,8,29,1,1,73921,10736,11.299999999999956,0,Low
406248,24.8814,75.1039,336.1,1.0,1.0,2021-05-31,822,1,MODIS,72,6.03,318.1,9.8,1,0,2021,5,31,822,8,22,2,4,76528,7507,18.0,0,Low
621926,22.4882,87.2595,320.5,1.0,1.0,2024-03-31,759,1,MODIS,46,61.03,307.5,6.6,1,0,2024,3,31,759,7,59,2,12,49232,10270,13.0,0,Low
603369,23.167,82.3391,307.7,1.0,1.0,2024-02-10,438,0,MODIS,44,61.03,297.4,4.8,1,0,2024,2,10,438,4,38,1,5,47348,2034,10.300000000000011,0,Low
129646,22.7882,78.4291,327.8,2.4,1.5,2018-04-07,501,0,MODIS,69,6.03,306.9,39.6,1,0,2018,4,7,501,5,1,2,4,76528,39620,20.900000000000038,0,High
194614,25.7927,90.4793,320.8,1.1,1.1,2019-03-24,727,1,MODIS,51,6.03,304.7,7.9,1,0,2019,3,24,727,7,27,2,8,33148,19990,16.100000000000023,0,Low
303532,26.0093,78.1777,318.9,1.0,1.0,2020-10-31,536,0,MODIS,62,6.03,305.3,8.2,1,0,2020,10,31,536,5,36,4,4,76528,1622,13.599999999999966,0,Low
626953,21.1034,72.6371,311.3,1.9,1.4,2024-04-07,1624,0,MODIS,79,61.03,298.0,22.4,0,2,2024,4,7,1624,16,24,2,10,21095,4258,13.300000000000011,0,Medium
532644,22.8628,77.6724,323.7,1.6,1.2,2023-02-24,454,0,MODIS,75,61.03,305.7,21.7,1,0,2023,2,24,454,4,54,1,4,76528,2331,18.0,0,Medium
153952,29.6868,75.7962,324.3,1.6,1.2,2018-10-27,753,1,MODIS,76,6.03,302.0,26.5,1,0,2018,10,27,753,7,53,4,0,167610,39610,22.30000000000001,0,Medium
335987,23.6044,73.9214,316.1,2.8,1.6,2021-02-21,751,1,MODIS,31,6.03,305.6,23.0,1,0,2021,2,21,751,7,51,1,10,21095,2073,10.5,0,Medium
257069,17.98,74.5816,305.9,1.5,1.2,2020-03-08,1703,0,MODIS,66,6.03,291.3,11.6,0,0,2020,3,8,1703,17,3,2,3,38436,7918,14.599999999999966,0,Medium
377041,21.643,86.4674,324.1,1.8,1.3,2021-03-31,714,1,MODIS,42,6.03,311.0,13.9,1,0,2021,3,31,714,7,14,2,12,49232,10270,13.100000000000025,0,Medium
730830,28.9296,76.391,314.6,1.0,1.0,2025-04-22,1608,0,MODIS,90,61.03,294.7,13.3,0,0,2025,4,22,1608,16,8,2,0,167610,7906,19.900000000000038,0,Medium
318761,23.3017,79.8475,313.1,2.3,1.5,2020-11-28,733,1,MODIS,64,6.03,302.6,16.3,1,0,2020,11,28,733,7,33,4,5,47348,5930,10.5,0,Medium
528776,17.356,74.0821,302.4,1.0,1.0,2023-02-14,1708,0,MODIS,49,61.03,291.7,6.3,0,0,2023,2,14,1708,17,8,1,3,38436,8837,10.699999999999989,0,Low
757764,21.1809,81.3848,309.2,1.0,1.0,2025-12-03,356,0,MODIS,0,61.03,295.9,6.5,1,2,2025,12,3,356,3,56,1,5,47348,2981,13.300000000000011,0,Low
242738,30.4699,75.7538,330.3,1.4,1.2,2019-11-09,830,1,MODIS,83,6.03,301.4,32.6,1,0,2019,11,9,830,8,30,4,0,167610,73042,28.900000000000038,1,High
135022,23.5284,77.7227,342.8,1.0,1.0,2018-04-23,810,1,MODIS,84,6.03,323.7,21.5,1,0,2018,4,23,810,8,10,2,4,76528,39620,19.100000000000023,1,Medium
164971,29.7024,75.3516,316.1,1.7,1.3,2018-11-12,753,1,MODIS,48,6.03,296.5,16.9,1,0,2018,11,12,753,7,53,4,0,167610,73042,19.600000000000023,0,Medium
564548,26.0731,83.9666,326.9,4.5,1.9,2023-04-18,839,1,MODIS,42,61.03,307.5,78.8,1,0,2023,4,18,839,8,39,2,12,49232,12010,19.399999999999977,0,Extreme
123454,24.2887,81.1965,329.9,1.3,1.1,2018-03-29,507,0,MODIS,64,6.03,316.6,16.2,1,0,2018,3,29,507,5,7,2,5,47348,12422,13.299999999999956,0,Medium
756980,28.8592,77.2266,305.1,1.1,1.0,2025-11-29,941,1,MODIS,48,61.03,294.8,4.7,1,0,2025,11,29,941,9,41,4,0,167610,73042,10.300000000000011,0,Low
665536,22.0415,83.7324,322.1,1.0,1.0,2024-12-09,1552,0,MODIS,100,61.03,294.8,21.2,0,2,2024,12,9,1552,15,52,1,1,73921,11178,27.30000000000001,1,Medium
67787,30.2922,74.7633,317.6,1.4,1.2,2017-10-31,759,1,MODIS,53,6.2,299.7,13.1,1,0,2017,10,31,759,7,59,4,0,167610,39610,17.900000000000034,0,Medium
367558,26.4786,93.2061,314.5,1.1,1.1,2021-03-26,656,1,MODIS,23,6.03,299.8,7.3,1,0,2021,3,26,656,6,56,2,11,41370,18499,14.699999999999989,0,Low
28359,22.1293,81.1137,330.9,1.5,1.2,2017-04-01,739,1,MODIS,63,6.2,313.7,17.9,1,0,2017,4,1,739,7,39,2,5,47348,16741,17.19999999999999,0,Medium
477531,27.6247,79.3464,344.3,1.7,1.3,2022-04-23,825,1,MODIS,88,6.03,314.8,73.5,1,0,2022,4,23,825,8,25,2,7,41741,15320,29.5,1,Extreme
32093,23.7255,92.4461,310.9,1.1,1.1,2017-04-07,702,1,MODIS,48,6.2,294.7,4.8,1,0,2017,4,7,702,7,2,2,2,57778,10542,16.19999999999999,0,Low
123838,22.2509,77.0849,338.9,1.0,1.0,2018-03-29,816,1,MODIS,58,6.03,321.3,16.9,1,0,2018,3,29,816,8,16,2,4,76528,13167,17.599999999999966,0,Medium
198128,23.5673,93.0489,313.8,1.1,1.0,2019-03-28,702,1,MODIS,39,6.03,292.8,7.4,1,0,2019,3,28,702,7,2,2,2,57778,42248,21.0,0,Low
492700,18.6816,73.0408,323.3,1.2,1.1,2022-06-13,846,1,MODIS,20,6.03,298.8,11.5,1,2,2022,6,13,846,8,46,3,3,38436,130,24.5,0,Medium
463200,24.1483,93.8785,349.0,1.2,1.1,2022-03-25,719,1,MODIS,94,6.03,301.9,69.9,1,0,2022,3,25,719,7,19,2,2,57778,42248,47.10000000000002,1,Extreme
742615,23.7746,86.3858,310.6,1.1,1.1,2025-05-28,1514,0,MODIS,15,61.03,293.7,5.9,0,2,2025,5,28,1514,15,14,2,12,49232,3184,16.900000000000034,0,Low
203654,28.1022,94.7627,312.4,1.0,1.0,2019-04-06,657,1,MODIS,67,6.03,298.2,7.2,1,0,2019,4,6,657,6,57,2,11,41370,8105,14.199999999999989,0,Low
277653,22.6415,75.2734,336.7,1.2,1.1,2020-04-12,810,1,MODIS,74,6.03,321.5,14.6,1,0,2020,4,12,810,8,10,2,4,76528,39620,15.199999999999989,0,Medium
372315,22.6799,93.0056,317.6,1.4,1.2,2021-03-29,726,1,MODIS,59,6.03,303.1,13.7,1,0,2021,3,29,726,7,26,2,2,57778,42248,14.5,0,Medium
272995,26.1739,93.7194,323.8,2.0,1.4,2020-04-03,638,1,MODIS,78,6.03,294.6,42.3,1,0,2020,4,3,638,6,38,2,11,41370,8105,29.19999999999999,0,High
389057,23.2295,79.414,354.2,1.0,1.0,2021-04-08,803,1,MODIS,95,6.03,321.3,43.7,1,0,2021,4,8,803,8,3,2,5,47348,16741,32.89999999999998,1,High
401890,17.7335,78.5309,335.0,1.0,1.0,2021-05-01,808,1,MODIS,77,6.03,310.9,17.8,1,0,2021,5,1,808,8,8,2,9,27481,1637,24.100000000000023,0,Medium
111020,20.7636,86.2396,325.8,1.0,1.0,2018-03-15,455,0,MODIS,71,6.03,307.6,12.3,1,0,2018,3,15,455,4,55,2,1,73921,19544,18.19999999999999,0,Medium
416356,30.359,74.6468,312.6,2.1,1.4,2021-11-04,613,0,MODIS,61,6.03,301.1,13.0,1,0,2021,11,4,613,6,13,4,0,167610,73042,11.5,0,Medium
179583,23.6643,78.18,316.2,1.0,1.0,2019-02-05,810,1,MODIS,58,6.03,302.5,8.2,1,0,2019,2,5,810,8,10,1,4,76528,2331,13.699999999999989,0,Low
698917,21.1267,82.063,325.7,1.6,1.2,2025-03-14,833,1,MODIS,52,61.03,311.9,14.7,1,0,2025,3,14,833,8,33,2,1,73921,19544,13.800000000000011,0,Medium
385432,23.9097,91.5576,320.8,1.5,1.2,2021-04-05,732,1,MODIS,69,6.03,304.3,17.1,1,0,2021,4,5,732,7,32,2,2,57778,10542,16.5,0,Medium
122510,19.8683,83.345,330.9,1.5,1.2,2018-03-28,732,1,MODIS,74,6.03,310.2,30.8,1,0,2018,3,28,732,7,32,2,1,73921,19544,20.69999999999999,0,High
207196,22.8256,78.3225,351.4,1.8,1.3,2019-04-14,745,1,MODIS,93,6.03,320.1,99.6,1,0,2019,4,14,745,7,45,2,4,76528,39620,31.299999999999955,1,Extreme
665439,25.0955,83.7732,313.6,1.2,1.1,2024-12-09,821,1,MODIS,67,61.03,296.9,9.7,1,0,2024,12,9,821,8,21,1,12,49232,8420,16.700000000000045,0,Low
113933,19.089,83.2519,327.1,2.5,1.5,2018-03-20,821,1,MODIS,71,6.03,297.7,59.1,1,0,2018,3,20,821,8,21,2,1,73921,19544,29.400000000000038,0,High
713077,24.3706,77.2887,330.3,1.7,1.3,2025-03-28,931,1,MODIS,71,61.03,314.2,24.0,1,0,2025,3,28,931,9,31,2,4,76528,13167,16.100000000000023,0,Medium
205316,22.6889,78.3106,342.0,1.3,1.1,2019-04-11,544,0,MODIS,83,6.03,313.9,35.4,1,0,2019,4,11,544,5,44,2,4,76528,39620,28.100000000000023,1,High
528750,15.5634,74.7093,309.1,1.0,1.0,2023-02-14,1707,0,MODIS,76,61.03,286.7,10.9,0,0,2023,2,14,1707,17,7,1,3,38436,8837,22.400000000000038,0,Medium
514470,25.3553,84.5177,313.0,1.0,1.0,2022-12-15,749,1,MODIS,65,6.03,299.9,7.0,1,0,2022,12,15,749,7,49,1,12,49232,8420,13.100000000000025,0,Low
256276,27.5741,96.1578,311.2,3.6,1.8,2020-03-01,734,1,MODIS,51,6.03,293.7,45.3,1,0,2020,3,1,734,7,34,2,11,41370,18499,17.5,0,High
46887,22.3537,79.8984,337.1,1.6,1.3,2017-04-21,544,0,MODIS,78,6.2,312.7,33.4,1,0,2017,4,21,544,5,44,2,5,47348,16741,24.400000000000038,0,High
474333,27.4146,82.7202,343.6,1.4,1.2,2022-04-18,450,0,MODIS,89,6.03,310.1,52.9,1,0,2022,4,18,450,4,50,2,7,41741,15320,33.5,1,High
693116,14.2291,78.1214,334.4,1.7,1.3,2025-03-08,931,1,MODIS,78,61.03,316.7,38.8,1,0,2025,3,8,931,9,31,2,14,36148,12659,17.69999999999999,0,High
480159,31.7968,74.8669,330.0,1.0,1.0,2022-04-26,538,0,MODIS,66,6.03,314.6,9.5,1,0,2022,4,26,538,5,38,2,0,167610,7906,15.399999999999975,0,Low
334490,14.2706,78.2778,321.6,1.0,1.0,2021-02-15,520,0,MODIS,49,6.03,308.6,8.0,1,0,2021,2,15,520,5,20,1,14,36148,10539,13.0,0,Low
595895,21.6356,82.7001,311.6,3.2,1.7,2023-12-28,850,1,MODIS,66,61.03,295.9,29.1,1,0,2023,12,28,850,8,50,1,1,73921,11178,15.700000000000044,0,Medium
166431,30.434,74.8605,317.8,1.1,1.0,2018-11-15,824,1,MODIS,67,6.03,301.2,9.7,1,0,2018,11,15,824,8,24,4,0,167610,73042,16.600000000000023,0,Low
750677,25.8373,78.1261,317.5,1.0,1.0,2025-11-11,936,1,MODIS,73,61.03,299.0,12.6,1,0,2025,11,11,936,9,36,4,4,76528,9210,18.5,0,Medium
509202,23.3814,79.985,311.6,1.2,1.1,2022-11-18,818,1,MODIS,42,6.03,299.7,5.4,1,0,2022,11,18,818,8,18,4,5,47348,5930,11.900000000000034,0,Low
253197,22.9796,78.5335,316.5,1.0,1.0,2020-02-11,532,0,MODIS,72,6.03,296.3,11.6,1,0,2020,2,11,532,5,32,1,4,76528,2331,20.19999999999999,0,Medium
633876,20.1752,84.5874,326.9,1.0,1.0,2024-04-22,817,1,MODIS,57,61.03,305.2,9.3,1,0,2024,4,22,817,8,17,2,1,73921,9197,21.69999999999999,0,Low
64883,28.2466,80.1143,314.4,2.0,1.4,2017-10-27,823,1,MODIS,61,6.2,301.7,15.5,1,0,2017,10,27,823,8,23,4,7,41741,2163,12.699999999999989,0,Medium
142410,30.4307,75.3688,328.9,3.0,1.7,2018-05-11,626,0,MODIS,67,6.03,308.1,37.8,1,0,2018,5,11,626,6,26,2,0,167610,31628,20.799999999999955,0,High
174433,26.4549,94.9906,346.9,1.7,1.3,2019-01-05,404,0,MODIS,95,6.03,291.8,120.5,1,0,2019,1,5,404,4,4,1,11,41370,4936,55.099999999999966,1,Extreme
695941,24.5112,93.506,310.2,1.2,1.1,2025-03-11,814,1,MODIS,29,61.03,296.4,6.7,1,0,2025,3,11,814,8,14,2,2,57778,42248,13.800000000000011,0,Low
25733,17.5466,81.8898,325.9,1.1,1.0,2017-03-30,750,1,MODIS,62,6.2,309.7,8.6,1,0,2017,3,30,750,7,50,2,13,47964,18871,16.19999999999999,0,Low
542731,25.0702,93.5024,307.9,2.8,1.6,2023-03-09,642,1,MODIS,51,61.03,296.1,24.5,1,0,2023,3,9,642,6,42,2,2,57778,42248,11.799999999999956,0,Medium
562814,26.9884,92.1248,308.2,1.1,1.0,2023-04-16,715,1,MODIS,56,61.03,287.8,7.1,1,0,2023,4,16,715,7,15,2,8,33148,7372,20.399999999999977,0,Low
753317,19.4214,76.005,305.8,1.6,1.2,2025-11-18,357,0,MODIS,55,61.03,295.2,8.9,1,0,2025,11,18,357,3,57,4,9,27481,2693,10.600000000000025,0,Low
336248,25.8911,94.4746,316.3,1.0,1.0,2021-02-22,656,1,MODIS,60,6.03,292.0,12.4,1,0,2021,2,22,656,6,56,1,11,41370,5791,24.30000000000001,0,Medium
56145,22.8054,86.2032,303.1,1.0,1.0,2017-05-17,2000,1,MODIS,53,6.2,284.0,3.4,0,0,2017,5,17,2000,20,0,2,12,49232,3184,19.100000000000023,0,Low
190485,25.7205,90.9387,314.6,3.3,1.7,2019-03-16,638,1,MODIS,28,6.03,296.8,33.3,1,0,2019,3,16,638,6,38,2,8,33148,19990,17.80000000000001,0,High
689743,25.4122,77.6784,319.9,1.1,1.1,2025-03-05,914,1,MODIS,70,61.03,308.6,9.0,1,0,2025,3,5,914,9,14,2,4,76528,13167,11.299999999999956,0,Low
742950,21.8358,82.6601,321.4,2.3,1.5,2025-06-05,830,1,MODIS,15,61.03,298.5,24.9,1,0,2025,6,5,830,8,30,3,1,73921,1828,22.899999999999977,0,Medium
611380,26.1649,94.2325,316.8,1.1,1.1,2024-03-09,739,1,MODIS,65,61.03,294.6,12.9,1,0,2024,3,9,739,7,39,2,11,41370,18499,22.19999999999999,0,Medium
611099,24.0241,92.5855,320.2,1.0,1.0,2024-03-09,739,1,MODIS,75,61.03,298.8,14.2,1,0,2024,3,9,739,7,39,2,2,57778,42248,21.399999999999977,0,Medium
410806,28.323,80.21,313.4,1.0,1.0,2021-10-26,759,1,MODIS,64,6.03,301.8,6.2,1,0,2021,10,26,759,7,59,4,7,41741,2163,11.599999999999966,0,Low
22164,21.1457,80.309,324.8,1.0,1.0,2017-03-24,519,0,MODIS,52,6.2,309.2,9.7,1,0,2017,3,24,519,5,19,2,5,47348,12422,15.600000000000025,0,Low
632149,22.1142,79.5892,328.2,1.4,1.2,2024-04-18,850,1,MODIS,36,61.03,306.1,16.4,1,0,2024,4,18,850,8,50,2,5,47348,16741,22.09999999999997,0,Medium
710905,17.9721,82.029,324.3,1.0,1.0,2025-03-27,850,1,MODIS,56,61.03,309.1,10.7,1,0,2025,3,27,850,8,50,2,13,47964,18871,15.199999999999989,0,Medium
535315,12.8749,78.2543,330.9,1.0,1.0,2023-02-28,829,1,MODIS,78,61.03,305.6,18.0,1,0,2023,2,28,829,8,29,1,14,36148,10539,25.299999999999955,0,Medium
102198,16.6554,74.4259,303.7,1.2,1.1,2018-03-06,1733,0,MODIS,57,6.03,293.0,6.2,0,0,2018,3,6,1733,17,33,2,3,38436,7918,10.699999999999989,0,Low
66833,29.8663,74.6026,317.5,1.1,1.0,2017-10-29,811,1,MODIS,58,6.2,300.5,9.1,1,0,2017,10,29,811,8,11,4,0,167610,39610,17.0,0,Low
102131,21.4874,83.4763,321.6,1.7,1.3,2018-03-06,810,1,MODIS,35,6.03,303.9,14.9,1,0,2018,3,6,810,8,10,2,1,73921,19544,17.700000000000045,0,Medium
386985,13.5635,79.8263,330.5,1.0,1.0,2021-04-06,813,1,MODIS,73,6.03,301.2,17.5,1,0,2021,4,6,813,8,13,2,14,36148,3614,29.30000000000001,0,Medium
84525,18.2125,77.0762,306.1,1.0,1.0,2018-01-12,1715,0,MODIS,67,6.03,289.7,8.1,0,0,2018,1,12,1715,17,15,1,9,27481,3684,16.400000000000034,0,Low
132813,28.1446,80.4641,323.0,1.0,1.0,2018-04-19,525,0,MODIS,26,6.03,307.9,6.2,1,0,2018,4,19,525,5,25,2,7,41741,15320,15.100000000000025,0,Low
607940,20.051,81.978,326.5,1.8,1.3,2024-02-29,800,1,MODIS,71,61.03,307.8,31.7,1,0,2024,2,29,800,8,0,1,13,47964,5221,18.69999999999999,0,High
20026,25.4841,90.3896,453.4,1.1,1.1,2017-03-18,727,1,MODIS,75,6.2,328.9,888.2,1,0,2017,3,18,727,7,27,2,8,33148,19990,124.5,0,Extreme
228215,27.8406,80.3801,307.5,1.1,1.1,2019-05-29,1641,0,MODIS,67,6.03,297.1,7.3,0,0,2019,5,29,1641,16,41,2,7,41741,6465,10.399999999999975,0,Low
443508,22.7631,72.5672,303.2,1.0,1.0,2022-02-22,1721,0,MODIS,54,6.03,291.3,5.9,0,0,2022,2,22,1721,17,21,1,10,21095,2073,11.899999999999975,0,Low
304497,30.2815,75.8215,323.2,1.5,1.2,2020-11-01,753,1,MODIS,63,6.03,303.4,22.8,1,0,2020,11,1,753,7,53,4,0,167610,73042,19.80000000000001,0,Medium
423610,31.0583,75.1619,334.5,1.0,1.0,2021-11-09,812,1,MODIS,76,6.03,304.9,24.9,1,0,2021,11,9,812,8,12,4,0,167610,73042,29.600000000000023,0,Medium
716818,23.3979,80.1498,305.9,1.2,1.1,2025-03-30,1541,0,MODIS,66,61.03,288.9,9.4,0,0,2025,3,30,1541,15,41,2,5,47348,12422,17.0,0,Low
648069,13.8531,79.2066,323.5,1.6,1.2,2024-06-01,456,0,MODIS,48,61.03,298.2,20.0,1,0,2024,6,1,456,4,56,3,14,36148,335,25.30000000000001,0,Medium
239937,30.3117,75.1043,344.2,1.0,1.0,2019-11-04,811,1,MODIS,91,6.03,302.1,44.5,1,0,2019,11,4,811,8,11,4,0,167610,73042,42.099999999999966,1,High
586194,30.0725,76.074,320.4,1.5,1.2,2023-11-13,852,1,MODIS,63,61.03,299.8,18.6,1,0,2023,11,13,852,8,52,4,0,167610,73042,20.59999999999997,0,Medium
617986,27.0955,95.8148,310.0,1.1,1.0,2024-03-18,717,1,MODIS,55,61.03,295.6,8.5,1,0,2024,3,18,717,7,17,2,11,41370,18499,14.399999999999975,0,Low
625529,22.7464,77.4492,308.2,1.3,1.1,2024-04-05,1641,0,MODIS,48,61.03,293.7,8.9,0,0,2024,4,5,1641,16,41,2,4,76528,39620,14.5,0,Low
115533,19.6566,79.8963,330.7,1.0,1.0,2018-03-22,809,1,MODIS,63,6.03,315.3,8.3,1,0,2018,3,22,809,8,9,2,13,47964,18871,15.399999999999975,0,Low
85027,18.6801,74.6732,318.0,1.0,1.0,2018-01-15,821,1,MODIS,54,6.03,304.7,5.6,1,0,2018,1,15,821,8,21,1,3,38436,8477,13.300000000000011,0,Low
178013,20.491,74.0448,318.7,1.0,1.0,2019-01-25,827,1,MODIS,58,6.03,302.8,8.0,1,0,2019,1,25,827,8,27,1,10,21095,2544,15.899999999999975,0,Low
525486,23.664,86.9213,317.9,1.0,1.0,2023-02-06,743,1,MODIS,59,61.03,307.4,6.4,1,2,2023,2,6,743,7,43,1,12,49232,3888,10.5,0,Low
76823,16.4891,77.1928,323.4,1.4,1.2,2017-11-26,832,1,MODIS,75,6.2,304.1,20.6,1,0,2017,11,26,832,8,32,4,14,36148,1186,19.299999999999955,0,Medium
169165,31.2614,74.6391,318.1,1.0,1.0,2018-11-24,818,1,MODIS,71,6.03,303.6,8.7,1,0,2018,11,24,818,8,18,4,0,167610,73042,14.5,0,Low
137209,27.2399,95.8,334.4,4.7,2.0,2018-04-27,608,1,MODIS,76,6.03,286.7,296.1,1,0,2018,4,27,608,6,8,2,11,41370,8105,47.69999999999999,0,Extreme
568948,30.33,75.1073,331.8,1.2,1.1,2023-05-09,841,1,MODIS,62,61.03,313.9,12.9,1,0,2023,5,9,841,8,41,2,0,167610,31628,17.900000000000034,0,Medium
118228,19.5362,81.8267,330.1,1.0,1.0,2018-03-24,757,1,MODIS,69,6.03,312.9,11.6,1,0,2018,3,24,757,7,57,2,13,47964,18871,17.200000000000045,0,Medium
145976,30.9773,76.8347,309.6,1.5,1.2,2018-05-23,2029,1,MODIS,73,6.03,298.2,12.3,0,0,2018,5,23,2029,20,29,2,0,167610,31628,11.400000000000034,0,Medium
314276,31.1392,75.3959,309.9,1.4,1.2,2020-11-11,830,1,MODIS,55,6.03,299.0,5.8,1,0,2020,11,11,830,8,30,4,0,167610,73042,10.899999999999975,0,Low
420793,30.9029,74.7102,319.0,1.1,1.0,2021-11-07,824,1,MODIS,42,6.03,300.7,9.4,1,0,2021,11,7,824,8,24,4,0,167610,73042,18.30000000000001,0,Low
176487,26.8128,71.9981,316.5,1.1,1.0,2019-01-17,607,0,MODIS,37,6.03,302.0,7.1,1,0,2019,1,17,607,6,7,1,10,21095,2544,14.5,0,Low
195173,15.4,78.4941,385.6,1.0,1.0,2019-03-25,808,1,MODIS,100,6.03,320.3,162.2,1,0,2019,3,25,808,8,8,2,14,36148,12659,65.30000000000001,1,Extreme
557927,22.7902,75.9735,331.6,1.1,1.1,2023-04-11,838,1,MODIS,51,61.03,311.9,10.6,1,0,2023,4,11,838,8,38,2,4,76528,39620,19.700000000000045,0,Medium
166,20.9831,81.3514,311.9,1.3,1.1,2017-01-02,744,1,MODIS,53,6.2,299.8,6.9,1,0,2017,1,2,744,7,44,1,5,47348,1762,12.099999999999966,0,Low
759622,25.3876,83.8616,308.6,1.6,1.3,2025-12-09,931,1,MODIS,60,61.03,295.7,11.2,1,0,2025,12,9,931,9,31,1,12,49232,8420,12.900000000000034,0,Medium
396941,22.5057,92.7973,324.4,1.1,1.1,2021-04-23,720,1,MODIS,65,6.03,303.9,11.1,1,0,2021,4,23,720,7,20,2,2,57778,10542,20.5,0,Medium
476066,23.3065,75.734,340.5,2.1,1.4,2022-04-20,754,1,MODIS,81,6.03,317.0,59.7,1,0,2022,4,20,754,7,54,2,4,76528,39620,23.5,1,High
570770,30.0604,78.1028,344.1,1.0,1.0,2023-05-13,813,1,MODIS,90,61.03,307.6,39.0,1,0,2023,5,13,813,8,13,2,0,167610,31628,36.5,1,High
322910,23.6791,86.0958,304.1,2.5,1.5,2020-12-21,429,0,MODIS,43,6.03,292.8,15.3,1,2,2020,12,21,429,4,29,1,12,49232,8420,11.300000000000011,0,Medium
739244,31.3148,75.0676,327.2,1.7,1.3,2025-05-10,941,1,MODIS,67,61.03,303.7,19.7,1,0,2025,5,10,941,9,41,2,0,167610,31628,23.5,0,Medium
188675,25.855,94.5949,330.7,1.2,1.1,2019-03-14,650,1,MODIS,85,6.03,291.4,34.3,1,0,2019,3,14,650,6,50,2,11,41370,18499,39.30000000000001,1,High
764177,20.7935,85.2527,301.0,1.3,1.1,2025-12-24,1527,0,MODIS,37,61.03,290.2,8.1,0,2,2025,12,24,1527,15,27,1,1,73921,11178,10.800000000000011,0,Low
218259,25.0974,86.1193,330.7,2.1,1.4,2019-05-06,709,1,MODIS,73,6.03,317.5,25.4,1,0,2019,5,6,709,7,9,2,12,49232,3184,13.199999999999989,0,Medium
285637,24.511,78.6179,340.3,1.0,1.0,2020-05-01,531,0,MODIS,70,6.03,316.8,19.2,1,0,2020,5,1,531,5,31,2,4,76528,7507,23.5,0,Medium
584980,23.1955,79.7795,315.6,1.0,1.0,2023-11-10,824,1,MODIS,57,61.03,301.0,6.9,1,0,2023,11,10,824,8,24,4,5,47348,5930,14.600000000000025,0,Low
580638,20.3876,85.1803,317.4,1.5,1.2,2023-11-02,745,1,MODIS,51,61.03,300.2,15.4,1,0,2023,11,2,745,7,45,4,1,73921,2885,17.19999999999999,0,Medium
192372,14.195,75.1264,333.2,1.5,1.2,2019-03-19,844,1,MODIS,74,6.03,310.4,29.8,1,0,2019,3,19,844,8,44,2,14,36148,12659,22.80000000000001,0,Medium
27509,22.2175,92.8131,361.4,1.3,1.1,2017-03-31,656,1,MODIS,100,6.2,299.0,125.8,1,0,2017,3,31,656,6,56,2,2,57778,42248,62.39999999999998,1,Extreme
50022,18.6964,83.7321,328.5,1.3,1.1,2017-04-29,802,1,MODIS,36,6.2,310.0,11.4,1,0,2017,4,29,802,8,2,2,1,73921,9197,18.5,0,Medium
572788,20.3463,72.9438,338.1,1.1,1.0,2023-05-28,852,1,MODIS,77,61.03,309.5,20.7,1,2,2023,5,28,852,8,52,2,10,21095,1118,28.600000000000023,0,Medium
473646,24.994,83.9497,341.8,4.6,2.0,2022-04-17,546,0,MODIS,86,6.03,308.8,271.2,1,0,2022,4,17,546,5,46,2,12,49232,12010,33.0,1,Extreme
360268,10.8877,78.9053,325.5,1.2,1.1,2021-03-21,509,0,MODIS,62,6.03,305.5,10.6,1,0,2021,3,21,509,5,9,2,6,13460,3928,20.0,0,Medium
591729,29.5875,75.2402,308.2,1.1,1.0,2023-12-03,523,0,MODIS,57,61.03,297.2,4.3,1,0,2023,12,3,523,5,23,1,0,167610,3314,11.0,0,Low
452782,27.2087,92.62,319.3,2.3,1.5,2022-03-14,739,1,MODIS,72,6.03,300.3,40.6,1,0,2022,3,14,739,7,39,2,8,33148,19990,19.0,0,High
772161,27.4466,94.4523,320.3,2.1,1.4,2026-01-27,807,1,MODIS,80,61.03,299.0,39.7,1,0,2026,1,27,807,8,7,1,11,41370,4936,21.30000000000001,0,High
704435,25.0339,87.4947,326.9,1.1,1.0,2025-03-19,834,1,MODIS,73,61.03,313.3,12.1,1,0,2025,3,19,834,8,34,2,12,49232,10270,13.599999999999966,0,Medium
372395,23.4576,91.6304,319.0,1.2,1.1,2021-03-29,726,1,MODIS,63,6.03,302.8,9.1,1,0,2021,3,29,726,7,26,2,2,57778,42248,16.19999999999999,0,Low
184490,14.1257,76.6934,385.5,1.1,1.0,2019-02-28,813,1,MODIS,100,6.03,321.6,167.7,1,0,2019,2,28,813,8,13,1,14,36148,10539,63.89999999999998,1,Extreme
748487,21.4874,71.5858,326.8,1.7,1.3,2025-11-06,939,1,MODIS,80,61.03,301.1,37.3,1,0,2025,11,6,939,9,39,4,10,21095,1837,25.69999999999999,0,High
604684,24.4452,93.682,310.2,1.4,1.2,2024-02-16,716,1,MODIS,56,61.03,291.7,12.3,1,0,2024,2,16,716,7,16,1,2,57778,3915,18.5,0,Medium
427748,29.6185,74.4895,316.3,1.2,1.1,2021-11-14,830,1,MODIS,59,6.03,301.1,9.4,1,0,2021,11,14,830,8,30,4,0,167610,73042,15.199999999999989,0,Low
294652,31.3825,75.0604,318.5,1.0,1.0,2020-10-05,812,1,MODIS,56,6.03,308.2,6.3,1,0,2020,10,5,812,8,12,4,0,167610,39610,10.300000000000011,0,Low
765407,23.7799,86.3915,305.8,1.0,1.0,2025-12-31,1508,0,MODIS,15,61.03,289.5,7.6,0,2,2025,12,31,1508,15,8,1,12,49232,8420,16.30000000000001,0,Low
762763,21.2346,83.0075,308.7,1.0,1.0,2025-12-19,921,1,MODIS,58,61.03,297.8,4.4,1,0,2025,12,19,921,9,21,1,1,73921,11178,10.899999999999975,0,Low
657967,25.7839,78.1384,317.1,1.4,1.2,2024-11-13,908,1,MODIS,63,61.03,301.9,11.4,1,0,2024,11,13,908,9,8,4,4,76528,9210,15.200000000000044,0,Medium
411835,30.7654,75.4465,320.2,1.4,1.2,2021-10-29,830,1,MODIS,74,6.03,301.9,18.0,1,0,2021,10,29,830,8,30,4,0,167610,39610,18.30000000000001,0,Medium
624846,20.3765,77.1466,326.7,1.7,1.3,2024-04-04,905,1,MODIS,31,61.03,303.6,14.9,1,0,2024,4,4,905,9,5,2,9,27481,3504,23.09999999999997,0,Medium
189333,18.8431,83.1927,371.5,1.6,1.3,2019-03-15,732,1,MODIS,100,6.03,301.9,222.2,1,0,2019,3,15,732,7,32,2,1,73921,19544,69.60000000000002,1,Extreme
324508,21.1329,83.6363,311.5,1.0,1.0,2020-12-28,744,1,MODIS,56,6.03,300.2,4.6,1,0,2020,12,28,744,7,44,1,1,73921,11178,11.300000000000011,0,Low
597178,26.8448,95.2595,301.8,1.3,1.1,2024-01-04,1505,0,MODIS,44,61.03,283.1,10.0,0,0,2024,1,4,1505,15,5,1,11,41370,4936,18.69999999999999,0,Low
220999,30.3658,75.4338,330.7,2.5,1.5,2019-05-09,741,1,MODIS,75,6.03,314.4,34.2,1,0,2019,5,9,741,7,41,2,0,167610,31628,16.30000000000001,0,High
681217,14.221,77.1153,314.8,1.1,1.0,2025-02-13,2123,1,MODIS,90,61.03,294.5,15.1,0,0,2025,2,13,2123,21,23,1,14,36148,10539,20.30000000000001,0,Medium
657985,21.7403,73.1737,317.3,1.1,1.0,2024-11-13,908,1,MODIS,62,61.03,304.3,9.0,1,0,2024,11,13,908,9,8,4,10,21095,1837,13.0,0,Low
307344,30.1439,74.7872,326.4,1.1,1.0,2020-11-04,824,1,MODIS,69,6.03,303.5,16.5,1,0,2020,11,4,824,8,24,4,0,167610,73042,22.899999999999977,0,Medium
701579,19.7261,75.5331,313.4,1.5,1.2,2025-03-16,2200,1,MODIS,87,61.03,290.8,22.1,0,0,2025,3,16,2200,22,0,2,9,27481,7575,22.59999999999997,1,Medium
21083,19.2441,73.2619,333.7,3.0,1.6,2017-03-21,757,1,MODIS,73,6.2,313.5,72.1,1,0,2017,3,21,757,7,57,2,3,38436,7918,20.19999999999999,0,Extreme
421776,30.122,76.0192,311.9,3.8,1.8,2021-11-08,729,1,MODIS,40,6.03,299.0,29.9,1,0,2021,11,8,729,7,29,4,0,167610,73042,12.899999999999975,0,Medium
727213,21.8067,70.2559,327.3,2.2,1.4,2025-04-16,432,0,MODIS,65,61.03,308.3,30.3,1,0,2025,4,16,432,4,32,2,10,21095,4258,19.0,0,High
756507,21.7789,81.5221,308.1,1.7,1.3,2025-11-28,901,1,MODIS,57,61.03,298.0,8.1,1,0,2025,11,28,901,9,1,4,5,47348,5930,10.100000000000025,0,Low
34798,22.6619,78.0282,333.2,3.2,1.7,2017-04-10,733,1,MODIS,73,6.2,310.7,100.4,1,0,2017,4,10,733,7,33,2,4,76528,39620,22.5,0,Extreme
423814,30.2544,74.3745,320.4,1.1,1.0,2021-11-09,812,1,MODIS,61,6.03,302.0,10.9,1,0,2021,11,9,812,8,12,4,0,167610,73042,18.399999999999977,0,Medium
48602,24.6506,76.9449,332.2,1.9,1.3,2017-04-26,601,0,MODIS,63,6.2,317.0,20.4,1,0,2017,4,26,601,6,1,2,4,76528,39620,15.199999999999989,0,Medium
230320,30.9977,77.1029,301.0,1.1,1.0,2019-06-23,2053,1,MODIS,31,6.03,289.8,4.4,0,0,2019,6,23,2053,20,53,3,0,167610,3042,11.199999999999989,0,Low
554507,25.2556,92.3825,310.7,1.1,1.0,2023-04-09,714,1,MODIS,30,61.03,298.4,4.7,1,0,2023,4,9,714,7,14,2,8,33148,7372,12.300000000000011,0,Low
274572,20.9608,85.1741,310.7,1.1,1.0,2020-04-05,2013,1,MODIS,55,6.03,297.9,7.7,0,2,2020,4,5,2013,20,13,2,1,73921,9197,12.800000000000011,0,Low
462716,19.9666,83.7169,328.6,1.9,1.3,2022-03-24,813,1,MODIS,73,6.03,309.7,31.7,1,0,2022,3,24,813,8,13,2,1,73921,19544,18.900000000000038,0,High
128156,26.2863,93.7479,315.8,1.1,1.0,2018-04-03,657,1,MODIS,62,6.03,300.1,6.1,1,0,2018,4,3,657,6,57,2,11,41370,8105,15.699999999999989,0,Low
29536,23.1231,76.0055,335.1,1.0,1.0,2017-04-02,822,1,MODIS,70,6.2,322.3,10.4,1,0,2017,4,2,822,8,22,2,4,76528,39620,12.800000000000011,0,Medium
272720,21.2412,70.2553,330.9,2.4,1.5,2020-04-02,911,1,MODIS,58,6.03,310.5,30.7,1,0,2020,4,2,911,9,11,2,10,21095,4258,20.399999999999977,0,High
330374,23.6802,86.0914,314.5,1.1,1.0,2021-02-03,453,0,MODIS,67,6.03,299.7,8.1,1,2,2021,2,3,453,4,53,1,12,49232,3888,14.800000000000011,0,Low
695664,23.3877,93.0892,338.8,1.1,1.1,2025-03-11,814,1,MODIS,89,61.03,305.0,41.3,1,0,2025,3,11,814,8,14,2,2,57778,42248,33.80000000000001,1,High
66085,30.289,75.4918,313.9,1.0,1.0,2017-10-29,811,1,MODIS,16,6.2,300.2,5.0,1,0,2017,10,29,811,8,11,4,0,167610,39610,13.699999999999989,0,Low
388824,19.3444,82.8415,327.2,1.2,1.1,2021-04-08,802,1,MODIS,42,6.03,309.9,9.8,1,0,2021,4,8,802,8,2,2,1,73921,9197,17.30000000000001,0,Low
247733,20.9541,85.1814,315.3,1.7,1.3,2019-12-15,802,1,MODIS,34,6.03,297.7,14.9,1,2,2019,12,15,802,8,2,1,1,73921,11178,17.600000000000023,0,Medium
624960,19.6978,85.312,315.7,1.2,1.1,2024-04-05,409,0,MODIS,59,61.03,304.7,10.9,1,3,2024,4,5,409,4,9,2,1,73921,9197,11.0,0,Medium
494043,10.9425,79.0642,318.7,1.4,1.2,2022-09-12,520,0,MODIS,63,6.03,300.8,11.6,1,0,2022,9,12,520,5,20,4,6,13460,182,17.899999999999977,0,Medium
37062,19.0783,83.2498,326.8,2.0,1.4,2017-04-11,815,1,MODIS,40,6.2,314.9,15.6,1,0,2017,4,11,815,8,15,2,1,73921,9197,11.900000000000034,0,Medium
246382,22.2109,84.8667,304.2,1.7,1.3,2019-12-02,525,0,MODIS,30,6.03,289.8,4.7,1,2,2019,12,2,525,5,25,1,1,73921,11178,14.399999999999975,0,Low
146064,30.7063,77.3378,320.6,1.3,1.1,2018-05-24,555,0,MODIS,37,6.03,306.9,8.2,1,0,2018,5,24,555,5,55,2,0,167610,31628,13.700000000000044,0,Low
307107,30.5644,76.1886,315.4,1.2,1.1,2020-11-04,824,1,MODIS,62,6.03,300.4,9.8,1,0,2020,11,4,824,8,24,4,0,167610,73042,15.0,0,Low
117603,23.689,88.1584,315.8,1.0,1.0,2018-03-24,448,0,MODIS,28,6.03,300.8,5.6,1,0,2018,3,24,448,4,48,2,12,49232,10270,15.0,0,Low
507512,29.143,76.2021,314.0,1.3,1.1,2022-11-13,803,1,MODIS,63,6.03,300.9,11.6,1,0,2022,11,13,803,8,3,4,0,167610,73042,13.100000000000025,0,Medium
115803,23.0731,75.9473,334.6,1.1,1.0,2018-03-22,810,1,MODIS,71,6.03,316.2,15.2,1,0,2018,3,22,810,8,10,2,4,76528,13167,18.400000000000038,0,Medium
667471,30.0705,80.1455,300.8,1.5,1.2,2024-12-15,904,1,MODIS,38,61.03,288.5,8.3,1,0,2024,12,15,904,9,4,1,7,41741,2618,12.300000000000011,0,Low
91372,17.8095,82.7196,313.6,1.0,1.0,2018-02-16,514,0,MODIS,45,6.03,301.1,5.4,1,0,2018,2,16,514,5,14,1,13,47964,5221,12.5,0,Low
53162,31.8042,75.9783,335.1,1.0,1.0,2017-05-07,541,0,MODIS,79,6.2,314.4,15.2,1,0,2017,5,7,541,5,41,2,0,167610,31628,20.700000000000045,0,Medium
271352,23.2945,91.728,317.6,1.9,1.4,2020-04-01,650,1,MODIS,64,6.03,305.5,15.5,1,0,2020,4,1,650,6,50,2,2,57778,10542,12.100000000000025,0,Medium
635828,22.709,72.0756,339.6,1.0,1.0,2024-04-26,513,0,MODIS,85,61.03,309.9,25.7,1,0,2024,4,26,513,5,13,2,10,21095,4258,29.700000000000045,1,Medium
488547,30.7722,75.9085,327.4,2.5,1.5,2022-05-08,741,1,MODIS,66,6.03,307.8,25.3,1,0,2022,5,8,741,7,41,2,0,167610,31628,19.59999999999997,0,Medium
72114,29.6108,75.6393,320.4,1.7,1.3,2017-11-10,836,1,MODIS,73,6.2,300.5,21.3,1,0,2017,11,10,836,8,36,4,0,167610,73042,19.899999999999977,0,Medium
9954,19.3768,84.3819,322.8,1.3,1.1,2017-02-21,732,1,MODIS,52,6.2,310.2,13.5,1,0,2017,2,21,732,7,32,1,1,73921,9366,12.600000000000025,0,Medium
319756,18.6759,73.963,304.1,1.1,1.0,2020-12-03,1715,0,MODIS,58,6.03,288.5,8.1,0,0,2020,12,3,1715,17,15,1,3,38436,5945,15.600000000000025,0,Low
324775,14.0159,76.7704,324.0,1.1,1.0,2020-12-29,825,1,MODIS,72,6.03,309.4,7.5,1,0,2020,12,29,825,8,25,1,14,36148,1891,14.600000000000025,0,Low
168924,30.4379,75.5951,325.2,3.1,1.7,2018-11-23,735,1,MODIS,83,6.03,302.0,89.1,1,0,2018,11,23,735,7,35,4,0,167610,73042,23.19999999999999,1,Extreme
627024,22.8535,78.4541,305.2,1.0,1.0,2024-04-07,1624,0,MODIS,64,61.03,293.2,5.0,0,0,2024,4,7,1624,16,24,2,4,76528,39620,12.0,0,Low
351346,24.3645,93.5103,327.9,1.8,1.3,2021-03-12,643,1,MODIS,72,6.03,299.3,47.0,1,0,2021,3,12,643,6,43,2,2,57778,42248,28.59999999999997,0,High
749802,29.8075,76.0416,330.4,1.8,1.3,2025-11-09,958,1,MODIS,85,61.03,299.7,52.8,1,0,2025,11,9,958,9,58,4,0,167610,73042,30.69999999999999,1,High
527864,22.4347,86.6439,316.6,1.0,1.0,2023-02-13,745,1,MODIS,55,61.03,306.5,4.8,1,0,2023,2,13,745,7,45,1,12,49232,3888,10.100000000000025,0,Low
415012,30.3057,75.2053,340.5,1.1,1.1,2021-11-02,806,1,MODIS,90,6.03,299.4,42.6,1,0,2021,11,2,806,8,6,4,0,167610,73042,41.10000000000002,1,High
288833,19.5277,83.2372,318.9,1.3,1.1,2020-05-11,738,1,MODIS,20,6.03,303.3,7.8,1,0,2020,5,11,738,7,38,2,1,73921,4396,15.599999999999966,0,Low
116433,22.2058,92.656,328.3,1.0,1.0,2018-03-23,714,1,MODIS,78,6.03,302.8,17.6,1,0,2018,3,23,714,7,14,2,2,57778,42248,25.5,0,Medium
290719,24.8321,74.3979,337.5,1.1,1.0,2020-05-19,829,1,MODIS,75,6.03,321.4,11.3,1,0,2020,5,19,829,8,29,2,4,76528,7507,16.100000000000023,0,Medium
714480,25.2805,90.4718,326.1,1.4,1.2,2025-03-29,832,1,MODIS,76,61.03,306.9,20.7,1,0,2025,3,29,832,8,32,2,8,33148,19990,19.200000000000045,0,Medium
398176,26.2088,93.8096,325.5,1.0,1.0,2021-04-25,708,1,MODIS,71,6.03,308.7,8.4,1,0,2021,4,25,708,7,8,2,11,41370,8105,16.80000000000001,0,Low
200754,23.7257,86.4429,321.4,1.1,1.0,2019-04-01,507,0,MODIS,46,6.03,306.2,8.1,1,2,2019,4,1,507,5,7,2,12,49232,12010,15.199999999999989,0,Low
20645,22.6311,76.799,331.6,1.1,1.0,2017-03-20,544,0,MODIS,78,6.2,314.6,14.9,1,0,2017,3,20,544,5,44,2,4,76528,13167,17.0,0,Medium
171648,31.5908,77.8033,307.4,1.6,1.2,2018-12-17,824,1,MODIS,43,6.03,290.9,16.1,1,0,2018,12,17,824,8,24,1,0,167610,3314,16.5,0,Medium
673153,21.7717,72.8343,312.4,1.3,1.1,2025-01-14,910,1,MODIS,56,61.03,300.9,6.2,1,0,2025,1,14,910,9,10,1,10,21095,2544,11.5,0,Low
674996,13.8958,76.0974,332.5,1.1,1.0,2025-01-24,909,1,MODIS,82,61.03,308.4,22.6,1,0,2025,1,24,909,9,9,1,14,36148,3490,24.100000000000023,1,Medium
761300,26.7961,84.2835,310.7,1.5,1.2,2025-12-14,927,1,MODIS,51,61.03,295.1,13.0,1,0,2025,12,14,927,9,27,1,12,49232,8420,15.599999999999966,0,Medium
756684,23.701,75.9146,305.7,1.4,1.2,2025-11-29,434,0,MODIS,49,61.03,295.3,7.0,1,0,2025,11,29,434,4,34,4,4,76528,9210,10.399999999999975,0,Low
683728,19.169,78.5328,310.7,1.0,1.0,2025-02-19,1606,0,MODIS,81,61.03,295.6,8.7,0,0,2025,2,19,1606,16,6,1,9,27481,5254,15.099999999999966,0,Low
273587,23.3726,91.5942,317.8,1.0,1.0,2020-04-04,720,1,MODIS,64,6.03,301.4,7.1,1,0,2020,4,4,720,7,20,2,2,57778,10542,16.400000000000034,0,Low
276273,25.3215,88.2895,327.1,1.2,1.1,2020-04-09,739,1,MODIS,75,6.03,310.5,10.9,1,0,2020,4,9,739,7,39,2,12,49232,12010,16.600000000000023,0,Medium
567071,22.8988,76.1196,330.2,1.5,1.2,2023-04-25,459,0,MODIS,66,61.03,315.1,15.7,1,0,2023,4,25,459,4,59,2,4,76528,39620,15.099999999999966,0,Medium
299331,31.0986,74.8355,316.0,1.3,1.1,2020-10-26,830,1,MODIS,50,6.03,301.1,9.0,1,0,2020,10,26,830,8,30,4,0,167610,39610,14.899999999999975,0,Low
447269,25.9055,91.8571,312.5,1.6,1.2,2022-03-07,733,1,MODIS,23,6.03,300.7,10.0,1,0,2022,3,7,733,7,33,2,8,33148,19990,11.800000000000011,0,Low
116879,23.7751,92.0972,341.3,1.0,1.0,2018-03-23,715,1,MODIS,90,6.03,300.7,39.3,1,0,2018,3,23,715,7,15,2,2,57778,42248,40.60000000000002,1,High
711603,23.6366,82.7169,324.1,1.0,1.0,2025-03-27,852,1,MODIS,53,61.03,312.9,7.2,1,0,2025,3,27,852,8,52,2,5,47348,12422,11.200000000000044,0,Low
298422,30.915,74.7108,333.2,1.9,1.4,2020-10-24,842,1,MODIS,85,6.03,304.0,64.0,1,0,2020,10,24,842,8,42,4,0,167610,39610,29.19999999999999,1,Extreme
754434,25.4851,76.7032,317.2,1.2,1.1,2025-11-21,928,1,MODIS,72,61.03,299.3,13.3,1,0,2025,11,21,928,9,28,4,4,76528,9210,17.899999999999977,0,Medium
211467,24.2094,93.7537,322.6,1.7,1.3,2019-04-24,644,1,MODIS,71,6.03,304.3,25.9,1,0,2019,4,24,644,6,44,2,2,57778,10542,18.30000000000001,0,Medium
195439,21.1215,76.328,332.9,1.1,1.0,2019-03-25,809,1,MODIS,54,6.03,318.3,9.0,1,0,2019,3,25,809,8,9,2,9,27481,7575,14.599999999999966,0,Low
361888,25.9258,91.6847,332.0,1.1,1.0,2021-03-22,721,1,MODIS,75,6.03,309.5,22.4,1,0,2021,3,22,721,7,21,2,8,33148,19990,22.5,0,Medium
297533,30.7674,74.4244,322.4,1.1,1.0,2020-10-21,812,1,MODIS,69,6.03,303.8,11.4,1,2,2020,10,21,812,8,12,4,0,167610,39610,18.59999999999997,0,Medium
191220,25.2734,92.1311,316.8,1.1,1.1,2019-03-17,721,1,MODIS,50,6.03,300.5,6.1,1,0,2019,3,17,721,7,21,2,8,33148,19990,16.30000000000001,0,Low
452489,24.9586,93.7012,326.7,2.6,1.6,2022-03-14,738,1,MODIS,78,6.03,298.9,77.8,1,0,2022,3,14,738,7,38,2,2,57778,42248,27.80000000000001,0,Extreme
21911,24.3036,93.6295,316.7,3.7,1.8,2017-03-23,745,1,MODIS,49,6.2,297.6,51.6,1,0,2017,3,23,745,7,45,2,2,57778,42248,19.09999999999997,0,High
94250,16.6492,73.7248,328.2,1.0,1.0,2018-02-23,827,1,MODIS,58,6.03,309.8,11.4,1,0,2018,2,23,827,8,27,1,3,38436,8837,18.399999999999977,0,Medium
233338,29.5476,75.9642,315.1,1.2,1.1,2019-10-21,759,1,MODIS,38,6.03,301.9,7.9,1,0,2019,10,21,759,7,59,4,0,167610,39610,13.200000000000044,0,Low
658074,26.8164,79.329,311.4,1.7,1.3,2024-11-13,909,1,MODIS,42,61.03,300.9,8.9,1,0,2024,11,13,909,9,9,4,7,41741,5012,10.5,0,Low
543986,21.2748,83.9447,322.1,1.1,1.1,2023-03-11,806,1,MODIS,35,61.03,308.7,10.3,1,0,2023,3,11,806,8,6,2,1,73921,19544,13.400000000000034,0,Medium
60942,29.2311,78.9983,319.3,1.3,1.1,2017-10-17,746,1,MODIS,73,6.2,302.9,13.9,1,0,2017,10,17,746,7,46,4,7,41741,2163,16.400000000000034,0,Medium
183830,17.6238,82.4937,324.0,1.2,1.1,2019-02-25,744,1,MODIS,67,6.03,306.1,15.1,1,0,2019,2,25,744,7,44,1,13,47964,5221,17.899999999999977,0,Medium
48293,19.2335,83.0625,330.4,1.2,1.1,2017-04-25,520,0,MODIS,72,6.2,317.0,10.0,1,0,2017,4,25,520,5,20,2,1,73921,9197,13.399999999999975,0,Low
515330,21.9252,86.8802,308.2,1.2,1.1,2022-12-19,448,0,MODIS,58,6.03,297.4,6.5,1,0,2022,12,19,448,4,48,1,12,49232,8420,10.800000000000011,0,Low
568863,31.2571,75.0217,333.5,1.3,1.1,2023-05-09,841,1,MODIS,77,61.03,316.5,16.1,1,0,2023,5,9,841,8,41,2,0,167610,31628,17.0,0,Medium
135542,25.5041,76.3839,337.0,1.0,1.0,2018-04-24,544,0,MODIS,66,6.03,322.2,11.0,1,0,2018,4,24,544,5,44,2,4,76528,39620,14.800000000000011,0,Medium
689149,26.7101,90.8108,309.0,3.0,1.7,2025-03-05,736,1,MODIS,39,61.03,291.4,20.7,1,0,2025,3,5,736,7,36,2,8,33148,19990,17.600000000000023,0,Medium
655786,26.0295,91.1714,314.6,1.2,1.1,2024-11-08,359,0,MODIS,72,61.03,295.7,11.8,1,0,2024,11,8,359,3,59,4,8,33148,200,18.900000000000038,0,Medium
636889,15.2394,76.367,310.6,1.1,1.0,2024-04-28,2118,1,MODIS,75,61.03,297.7,7.6,0,0,2024,4,28,2118,21,18,2,14,36148,3614,12.900000000000034,0,Low
9661,25.7887,94.9661,309.5,1.1,1.1,2017-02-20,650,1,MODIS,0,6.2,279.1,8.6,1,0,2017,2,20,650,6,50,1,11,41370,5791,30.399999999999977,0,Low
229676,23.6354,73.3909,337.7,1.1,1.0,2019-06-09,834,1,MODIS,76,6.03,318.6,11.0,1,0,2019,6,9,834,8,34,3,10,21095,534,19.09999999999997,0,Medium
405020,20.9619,85.1795,309.0,2.2,1.4,2021-05-14,1701,0,MODIS,74,6.03,295.9,17.3,0,2,2021,5,14,1701,17,1,2,1,73921,4396,13.100000000000025,0,Medium
68183,30.2694,76.2975,322.2,1.2,1.1,2017-10-31,759,1,MODIS,71,6.2,301.0,15.4,1,0,2017,10,31,759,7,59,4,0,167610,39610,21.19999999999999,0,Medium
664583,22.3666,87.299,311.4,1.0,1.0,2024-12-05,357,0,MODIS,66,61.03,299.6,6.6,1,2,2024,12,5,357,3,57,1,12,49232,8420,11.799999999999956,0,Low
719692,23.7693,92.1038,334.3,1.6,1.2,2025-04-03,831,1,MODIS,85,61.03,297.1,51.0,1,0,2025,4,3,831,8,31,2,2,57778,10542,37.19999999999999,1,High
555337,21.7843,85.1909,324.2,1.0,1.0,2023-04-10,756,1,MODIS,59,61.03,305.4,9.3,1,0,2023,4,10,756,7,56,2,1,73921,9197,18.80000000000001,0,Low
509969,26.1614,82.4408,311.6,1.1,1.1,2022-11-20,805,1,MODIS,54,6.03,300.8,6.1,1,0,2022,11,20,805,8,5,4,7,41741,5012,10.800000000000011,0,Low
109172,23.3817,92.4325,326.3,2.9,1.6,2018-03-13,638,1,MODIS,49,6.03,288.6,86.3,1,0,2018,3,13,638,6,38,2,2,57778,42248,37.69999999999999,0,Extreme
156188,30.5468,74.1085,314.4,1.0,1.0,2018-10-30,824,1,MODIS,60,6.03,298.5,8.2,1,0,2018,10,30,824,8,24,4,0,167610,39610,15.899999999999975,0,Low
70554,30.0696,76.1834,317.4,1.1,1.0,2017-11-05,817,1,MODIS,69,6.2,299.3,9.3,1,0,2017,11,5,817,8,17,4,0,167610,73042,18.09999999999997,0,Low
578063,24.6023,76.8595,321.9,1.0,1.0,2023-10-27,831,1,MODIS,59,61.03,310.1,5.0,1,0,2023,10,27,831,8,31,4,4,76528,1622,11.799999999999956,0,Low
49373,25.8118,77.8266,336.6,1.1,1.0,2017-04-27,816,1,MODIS,73,6.2,319.8,11.8,1,0,2017,4,27,816,8,16,2,4,76528,39620,16.80000000000001,0,Medium
666266,26.9642,83.6597,309.9,1.1,1.1,2024-12-12,842,1,MODIS,62,61.03,297.8,6.9,1,0,2024,12,12,842,8,42,1,7,41741,2618,12.099999999999966,0,Low
688099,25.9443,92.0916,311.8,1.2,1.1,2025-03-03,756,1,MODIS,57,61.03,298.5,6.9,1,0,2025,3,3,756,7,56,2,8,33148,19990,13.300000000000011,0,Low
432679,25.4161,81.3638,309.4,1.1,1.0,2021-11-29,746,1,MODIS,52,6.03,297.4,4.7,1,0,2021,11,29,746,7,46,4,5,47348,5930,12.0,0,Low
536650,15.7665,79.0788,325.8,1.0,1.0,2023-03-02,816,1,MODIS,61,61.03,311.3,9.6,1,0,2023,3,2,816,8,16,2,14,36148,12659,14.5,0,Low
453781,22.9537,93.0216,362.2,2.3,1.5,2022-03-15,642,1,MODIS,100,6.03,303.7,282.6,1,0,2022,3,15,642,6,42,2,2,57778,42248,58.5,1,Extreme
277873,23.9776,77.7793,311.0,1.6,1.3,2020-04-12,2019,1,MODIS,81,6.03,292.5,20.9,0,0,2020,4,12,2019,20,19,2,4,76528,39620,18.5,1,Medium
632181,25.1391,83.6943,335.6,3.1,1.7,2024-04-18,851,1,MODIS,80,61.03,307.9,102.5,1,0,2024,4,18,851,8,51,2,12,49232,12010,27.700000000000045,0,Extreme
77554,23.7771,86.3961,324.3,1.0,1.0,2017-11-30,500,0,MODIS,81,6.2,303.4,16.1,1,2,2017,11,30,500,5,0,4,12,49232,3375,20.900000000000038,0,Medium
183340,11.6888,76.5744,323.4,1.0,1.0,2019-02-24,534,0,MODIS,48,6.03,301.8,11.6,1,0,2019,2,24,534,5,34,1,6,13460,3893,21.59999999999997,0,Medium
652719,31.5306,75.1881,338.3,1.0,1.0,2024-10-24,858,1,MODIS,89,61.03,303.8,33.6,1,0,2024,10,24,858,8,58,4,0,167610,39610,34.5,1,High
678275,15.65,75.9869,318.8,1.3,1.1,2025-02-06,450,0,MODIS,65,61.03,306.1,8.6,1,0,2025,2,6,450,4,50,1,14,36148,10539,12.699999999999989,0,Low
66548,30.6656,75.6681,322.3,1.0,1.0,2017-10-29,811,1,MODIS,76,6.2,300.1,14.2,1,0,2017,10,29,811,8,11,4,0,167610,39610,22.19999999999999,0,Medium
267687,25.4229,93.3214,325.2,1.1,1.0,2020-03-28,715,1,MODIS,40,6.03,302.0,14.8,1,0,2020,3,28,715,7,15,2,11,41370,18499,23.19999999999999,0,Medium
370136,18.6087,74.7623,303.9,1.5,1.2,2021-03-27,1701,0,MODIS,57,6.03,292.9,8.7,0,0,2021,3,27,1701,17,1,2,3,38436,7918,11.0,0,Low
89451,21.8136,83.0691,329.8,1.1,1.0,2018-02-04,757,1,MODIS,78,6.03,309.0,17.3,1,0,2018,2,4,757,7,57,1,1,73921,9366,20.80000000000001,0,Medium
46756,28.7561,79.7404,330.7,1.2,1.1,2017-04-20,811,1,MODIS,57,6.2,308.7,13.5,1,0,2017,4,20,811,8,11,2,7,41741,15320,22.0,0,Medium
515359,18.5714,83.9611,333.3,1.0,1.0,2022-12-19,449,0,MODIS,87,6.03,300.6,28.5,1,0,2022,12,19,449,4,49,1,1,73921,11178,32.69999999999999,1,Medium
676228,14.4892,77.4046,321.5,1.0,1.0,2025-01-29,910,1,MODIS,57,61.03,308.2,7.6,1,0,2025,1,29,910,9,10,1,14,36148,3490,13.300000000000011,0,Low
537194,18.6807,82.4297,317.2,1.0,1.0,2023-03-03,448,0,MODIS,59,61.03,303.5,6.1,1,0,2023,3,3,448,4,48,2,13,47964,18871,13.699999999999989,0,Low
419008,30.2058,76.2552,313.9,2.3,1.5,2021-11-06,741,1,MODIS,39,6.03,299.2,18.2,1,0,2021,11,6,741,7,41,4,0,167610,73042,14.699999999999989,0,Medium
255756,15.9009,75.5659,313.2,1.0,1.0,2020-02-26,1721,0,MODIS,87,6.03,294.9,11.2,0,0,2020,2,26,1721,17,21,1,3,38436,8837,18.30000000000001,0,Medium
380909,24.0809,80.4828,344.0,1.1,1.0,2021-04-02,529,0,MODIS,87,6.03,321.7,35.4,1,0,2021,4,2,529,5,29,2,5,47348,16741,22.30000000000001,1,High
308507,23.0462,77.7021,318.5,1.8,1.3,2020-11-05,556,0,MODIS,54,6.03,307.6,17.9,1,0,2020,11,5,556,5,56,4,4,76528,9210,10.899999999999975,0,Medium
381941,22.6757,77.9665,332.5,2.5,1.5,2021-04-02,840,1,MODIS,27,6.03,318.2,51.9,1,0,2021,4,2,840,8,40,2,4,76528,39620,14.300000000000011,0,High
769814,15.669,77.4759,323.4,1.6,1.2,2026-01-19,930,1,MODIS,73,61.03,309.5,18.9,1,0,2026,1,19,930,9,30,1,14,36148,3490,13.899999999999975,0,Medium
378403,19.3677,81.1544,336.6,1.0,1.0,2021-04-01,756,1,MODIS,78,6.03,310.3,21.6,1,0,2021,4,1,756,7,56,2,13,47964,11656,26.30000000000001,0,Medium
298364,14.2389,77.4069,321.5,1.0,1.0,2020-10-24,533,0,MODIS,29,6.03,298.5,10.3,1,0,2020,10,24,533,5,33,4,14,36148,823,23.0,0,Medium
565034,26.1895,93.7362,323.1,2.2,1.4,2023-04-19,743,1,MODIS,72,61.03,297.2,40.0,1,0,2023,4,19,743,7,43,2,11,41370,8105,25.900000000000038,0,High
287152,19.4139,80.1628,342.7,1.2,1.1,2020-05-05,815,1,MODIS,84,6.03,312.7,32.1,1,0,2020,5,5,815,8,15,2,13,47964,4838,30.0,1,High
195617,19.6155,82.5801,306.5,1.0,1.0,2019-03-25,2020,1,MODIS,68,6.03,295.3,5.9,0,0,2019,3,25,2020,20,20,2,1,73921,19544,11.199999999999989,0,Low
360190,17.6207,80.2854,321.0,1.2,1.1,2021-03-21,507,0,MODIS,65,6.03,304.2,8.6,1,0,2021,3,21,507,5,7,2,13,47964,18871,16.80000000000001,0,Low
463971,25.8105,91.2663,335.4,4.8,2.0,2022-03-26,802,1,MODIS,86,6.03,296.7,276.9,1,0,2022,3,26,802,8,2,2,8,33148,19990,38.69999999999999,1,Extreme
377424,22.2566,84.2164,312.1,1.0,1.0,2021-03-31,1637,0,MODIS,84,6.03,297.0,9.4,0,0,2021,3,31,1637,16,37,2,1,73921,19544,15.100000000000025,0,Low
484302,23.2455,80.8773,334.5,1.0,1.0,2022-04-30,515,0,MODIS,63,6.03,318.4,12.3,1,0,2022,4,30,515,5,15,2,5,47348,16741,16.100000000000023,0,Medium
267744,25.2438,91.2086,317.2,1.0,1.0,2020-03-28,715,1,MODIS,52,6.03,301.2,6.3,1,0,2020,3,28,715,7,15,2,8,33148,19990,16.0,0,Low
290259,29.3824,76.8483,335.1,1.2,1.1,2020-05-17,530,0,MODIS,72,6.03,317.1,15.9,1,0,2020,5,17,530,5,30,2,0,167610,31628,18.0,0,Medium
720657,23.4989,91.7361,312.2,1.3,1.1,2025-04-05,349,0,MODIS,54,61.03,297.4,6.7,1,0,2025,4,5,349,3,49,2,2,57778,10542,14.800000000000011,0,Low
265145,22.1067,92.7974,316.6,4.0,1.9,2020-03-25,513,0,MODIS,69,6.03,296.7,79.3,1,0,2020,3,25,513,5,13,2,2,57778,42248,19.900000000000038,0,Extreme
681347,24.7394,82.5593,316.2,2.4,1.5,2025-02-14,815,1,MODIS,70,61.03,302.9,26.2,1,0,2025,2,14,815,8,15,1,5,47348,2034,13.300000000000011,0,Medium
156291,30.5051,74.3518,316.9,1.0,1.0,2018-10-30,824,1,MODIS,63,6.03,298.0,10.2,1,0,2018,10,30,824,8,24,4,0,167610,39610,18.899999999999977,0,Medium
301394,31.2441,74.8299,334.4,1.0,1.0,2020-10-28,818,1,MODIS,85,6.03,304.8,26.2,1,0,2020,10,28,818,8,18,4,0,167610,39610,29.59999999999997,1,Medium
49437,28.7819,79.7799,330.6,1.5,1.2,2017-04-27,817,1,MODIS,62,6.2,310.5,22.6,1,0,2017,4,27,817,8,17,2,7,41741,15320,20.100000000000023,0,Medium
373063,27.361,96.1615,311.6,2.8,1.6,2021-03-29,727,1,MODIS,59,6.03,297.7,25.8,1,0,2021,3,29,727,7,27,2,11,41370,18499,13.900000000000034,0,Medium
381787,12.9752,77.9773,331.4,1.8,1.3,2021-04-02,837,1,MODIS,69,6.03,314.0,26.2,1,0,2021,4,2,837,8,37,2,14,36148,3614,17.399999999999977,0,Medium
236261,30.3955,75.7702,323.2,1.1,1.0,2019-10-28,805,1,MODIS,60,6.03,303.1,13.6,1,0,2019,10,28,805,8,5,4,0,167610,39610,20.09999999999997,0,Medium
573462,18.609,79.9989,331.4,2.6,1.6,2023-06-04,426,0,MODIS,78,61.03,301.5,61.8,1,0,2023,6,4,426,4,26,3,13,47964,892,29.899999999999977,0,Extreme
2218,26.1584,92.3815,308.5,1.1,1.0,2017-01-17,702,1,MODIS,64,6.2,297.2,5.7,1,0,2017,1,17,702,7,2,1,8,33148,1715,11.300000000000011,0,Low
567525,24.9276,76.2093,331.8,1.0,1.0,2023-04-28,523,0,MODIS,63,61.03,311.1,13.5,1,0,2023,4,28,523,5,23,2,4,76528,39620,20.69999999999999,0,Medium
652724,31.797,75.179,314.4,1.0,1.0,2024-10-24,858,1,MODIS,61,61.03,303.3,5.7,1,0,2024,10,24,858,8,58,4,0,167610,39610,11.099999999999966,0,Low
668393,23.6309,74.3689,316.0,1.2,1.1,2024-12-19,504,0,MODIS,74,61.03,295.7,15.8,1,0,2024,12,19,504,5,4,1,10,21095,1721,20.30000000000001,0,Medium
184380,18.1111,82.9667,320.1,1.8,1.3,2019-02-27,731,1,MODIS,46,6.03,302.0,19.3,1,0,2019,2,27,731,7,31,1,13,47964,5221,18.100000000000023,0,Medium
313631,29.9892,75.9291,324.3,1.9,1.3,2020-11-10,747,1,MODIS,77,6.03,304.9,32.4,1,0,2020,11,10,747,7,47,4,0,167610,73042,19.400000000000038,0,High
93714,23.774,86.392,331.0,1.1,1.1,2018-02-22,745,1,MODIS,80,6.03,313.3,20.0,1,2,2018,2,22,745,7,45,1,12,49232,3888,17.69999999999999,0,Medium
507653,30.4772,75.4143,318.7,1.4,1.2,2022-11-13,803,1,MODIS,60,6.03,301.6,13.2,1,0,2022,11,13,803,8,3,4,0,167610,73042,17.099999999999966,0,Medium
49351,25.5257,76.6305,348.1,1.0,1.0,2017-04-27,816,1,MODIS,90,6.2,324.8,27.4,1,0,2017,4,27,816,8,16,2,4,76528,39620,23.30000000000001,1,Medium
283838,23.8771,78.9107,340.7,1.0,1.0,2020-04-25,1704,0,MODIS,100,6.03,298.2,43.7,0,0,2020,4,25,1704,17,4,2,4,76528,39620,42.5,1,High
387703,24.9284,80.9492,334.8,2.2,1.4,2021-04-07,547,0,MODIS,78,6.03,312.5,54.6,1,0,2021,4,7,547,5,47,2,5,47348,16741,22.30000000000001,0,High
654395,27.058,78.6548,320.8,1.3,1.1,2024-11-03,903,1,MODIS,67,61.03,305.9,12.5,1,0,2024,11,3,903,9,3,4,7,41741,5012,14.900000000000034,0,Medium
332021,21.8052,82.5395,315.5,1.0,1.0,2021-02-08,512,0,MODIS,55,6.03,303.4,5.7,1,0,2021,2,8,512,5,12,1,1,73921,9366,12.100000000000025,0,Low
323372,30.4685,79.4069,305.2,1.9,1.4,2020-12-22,824,1,MODIS,45,6.03,293.3,16.1,1,0,2020,12,22,824,8,24,1,7,41741,2618,11.899999999999975,0,Medium
601662,15.1222,75.0692,323.7,1.3,1.1,2024-02-02,904,1,MODIS,65,61.03,308.9,8.6,1,0,2024,2,2,904,9,4,1,3,38436,8837,14.800000000000011,0,Low
494026,20.5417,74.5472,321.6,1.0,1.0,2022-09-10,530,0,MODIS,32,6.03,301.1,8.3,1,2,2022,9,10,530,5,30,4,3,38436,95,20.5,0,Low
674716,18.1383,83.6417,314.9,1.2,1.1,2025-01-23,831,1,MODIS,66,61.03,300.4,8.6,1,0,2025,1,23,831,8,31,1,13,47964,1969,14.5,0,Low
519209,16.1838,75.4975,312.8,1.1,1.1,2023-01-08,528,0,MODIS,57,61.03,301.8,6.0,1,0,2023,1,8,528,5,28,1,3,38436,8477,11.0,0,Low
605558,18.7209,78.9636,323.1,1.0,1.0,2024-02-18,837,1,MODIS,64,61.03,308.0,10.6,1,0,2024,2,18,837,8,37,1,9,27481,5254,15.100000000000025,0,Medium
403841,29.1103,79.1396,328.0,1.4,1.2,2021-05-08,817,1,MODIS,45,6.03,307.5,14.3,1,0,2021,5,8,817,8,17,2,7,41741,6465,20.5,0,Medium
69420,30.5994,74.871,311.2,1.3,1.1,2017-11-03,830,1,MODIS,39,6.2,296.3,7.3,1,0,2017,11,3,830,8,30,4,0,167610,73042,14.899999999999975,0,Low
643145,31.0028,74.6458,324.8,1.0,1.0,2024-05-12,854,1,MODIS,63,61.03,305.2,6.9,1,0,2024,5,12,854,8,54,2,0,167610,31628,19.600000000000023,0,Low
598925,12.7204,76.5857,317.9,1.6,1.2,2024-01-14,904,1,MODIS,55,61.03,305.6,8.9,1,0,2024,1,14,904,9,4,1,6,13460,1313,12.299999999999956,0,Low
138207,17.139,78.9843,334.0,1.4,1.2,2018-04-30,509,0,MODIS,65,6.03,311.9,19.6,1,0,2018,4,30,509,5,9,2,13,47964,11656,22.100000000000023,0,Medium
694512,25.583,92.8054,317.6,2.4,1.5,2025-03-10,736,1,MODIS,73,61.03,297.8,38.9,1,0,2025,3,10,736,7,36,2,8,33148,19990,19.80000000000001,0,High
180887,17.7399,76.8318,323.5,1.5,1.2,2019-02-13,551,0,MODIS,65,6.03,308.2,14.9,1,0,2019,2,13,551,5,51,1,9,27481,5254,15.300000000000011,0,Medium
665771,25.1961,83.4228,306.9,2.1,1.4,2024-12-10,901,1,MODIS,55,61.03,294.8,10.1,1,0,2024,12,10,901,9,1,1,12,49232,8420,12.099999999999966,0,Medium
565407,26.6582,83.1413,331.1,1.0,1.0,2023-04-20,449,0,MODIS,68,61.03,315.2,10.8,1,0,2023,4,20,449,4,49,2,7,41741,15320,15.900000000000034,0,Medium
25841,21.789,84.2475,337.8,1.1,1.0,2017-03-30,751,1,MODIS,78,6.2,317.6,18.5,1,0,2017,3,30,751,7,51,2,1,73921,19544,20.19999999999999,0,Medium
458553,26.558,94.3196,311.0,4.2,1.9,2022-03-19,619,1,MODIS,65,6.03,293.9,39.2,1,0,2022,3,19,619,6,19,2,11,41370,18499,17.100000000000023,0,High
118319,19.7365,80.4345,331.6,1.0,1.0,2018-03-24,757,1,MODIS,41,6.03,311.3,11.2,1,0,2018,3,24,757,7,57,2,13,47964,18871,20.30000000000001,0,Medium
117077,24.1859,93.2147,326.0,1.1,1.0,2018-03-23,715,1,MODIS,74,6.03,295.3,20.3,1,0,2018,3,23,715,7,15,2,2,57778,42248,30.69999999999999,0,Medium
339878,22.8758,86.9755,319.0,2.6,1.6,2021-03-01,702,1,MODIS,61,6.03,306.7,23.0,1,0,2021,3,1,702,7,2,2,12,49232,10270,12.300000000000011,0,Medium
584101,30.3706,75.8212,320.2,1.1,1.0,2023-11-08,841,1,MODIS,73,61.03,298.8,12.9,1,0,2023,11,8,841,8,41,4,0,167610,73042,21.399999999999977,0,Medium
5498,10.6625,77.2792,327.9,1.1,1.0,2017-02-06,812,1,MODIS,51,6.2,313.0,9.0,1,0,2017,2,6,812,8,12,1,6,13460,3893,14.899999999999975,0,Low
759436,20.9277,81.9713,328.9,1.1,1.0,2025-12-09,930,1,MODIS,84,61.03,301.1,24.0,1,0,2025,12,9,930,9,30,1,1,73921,11178,27.799999999999955,1,Medium
522865,26.0466,94.6335,305.6,1.0,1.0,2023-01-27,712,1,MODIS,57,61.03,293.1,6.3,1,0,2023,1,27,712,7,12,1,11,41370,4936,12.5,0,Low
173505,17.1499,73.5265,326.5,1.6,1.2,2018-12-31,527,0,MODIS,79,6.03,302.4,39.3,1,0,2018,12,31,527,5,27,1,3,38436,5945,24.100000000000023,0,High
4080,19.8214,82.2023,316.6,2.4,1.5,2017-01-29,725,1,MODIS,67,6.2,303.4,22.9,1,0,2017,1,29,725,7,25,1,13,47964,1969,13.200000000000044,0,Medium
764887,17.3616,76.0701,302.9,1.0,1.0,2025-12-27,1546,0,MODIS,52,61.03,287.1,7.3,0,0,2025,12,27,1546,15,46,1,3,38436,5945,15.799999999999956,0,Low
531597,10.0456,76.9072,302.2,1.0,1.0,2023-02-21,2042,1,MODIS,48,61.03,290.1,5.3,0,0,2023,2,21,2042,20,42,1,6,13460,3893,12.099999999999966,0,Low
493547,23.1675,82.3464,302.5,1.3,1.1,2022-08-09,2037,1,MODIS,50,6.03,283.3,6.6,0,0,2022,8,9,2037,20,37,3,5,47348,69,19.19999999999999,0,Low
657982,22.5085,80.0401,315.6,1.6,1.3,2024-11-13,908,1,MODIS,65,61.03,304.1,9.3,1,0,2024,11,13,908,9,8,4,5,47348,5930,11.5,0,Low
543927,18.8345,83.0882,332.1,1.0,1.0,2023-03-11,805,1,MODIS,79,61.03,309.3,19.4,1,0,2023,3,11,805,8,5,2,13,47964,18871,22.80000000000001,0,Medium
616264,21.4874,82.1326,325.9,1.1,1.0,2024-03-15,829,1,MODIS,45,61.03,312.1,5.5,1,0,2024,3,15,829,8,29,2,1,73921,19544,13.799999999999956,0,Low
656823,23.2276,79.6652,315.4,1.0,1.0,2024-11-10,847,1,MODIS,61,61.03,302.8,6.0,1,0,2024,11,10,847,8,47,4,5,47348,5930,12.599999999999966,0,Low
138645,29.6348,77.195,322.6,1.1,1.0,2018-05-01,549,0,MODIS,58,6.03,304.2,8.1,1,0,2018,5,1,549,5,49,2,0,167610,31628,18.400000000000038,0,Low
190274,24.9304,93.1685,318.5,2.4,1.5,2019-03-16,638,1,MODIS,74,6.03,297.7,38.5,1,0,2019,3,16,638,6,38,2,2,57778,42248,20.80000000000001,0,High
259837,24.8209,93.2831,313.6,1.0,1.0,2020-03-14,702,1,MODIS,56,6.03,297.0,7.8,1,0,2020,3,14,702,7,2,2,2,57778,42248,16.600000000000023,0,Low
748056,33.395,76.0906,356.6,1.1,1.0,2025-11-03,925,1,MODIS,98,61.03,289.5,86.3,1,0,2025,11,3,925,9,25,4,0,167610,73042,67.10000000000002,1,Extreme
175159,22.949,78.6211,315.3,1.2,1.1,2019-01-09,519,0,MODIS,73,6.03,293.9,14.3,1,0,2019,1,9,519,5,19,1,4,76528,1502,21.400000000000038,0,Medium
134063,25.6042,78.2483,308.1,1.1,1.0,2018-04-21,2031,1,MODIS,74,6.03,293.5,9.4,0,0,2018,4,21,2031,20,31,2,4,76528,39620,14.600000000000025,0,Low
183589,12.6402,76.5931,337.3,1.4,1.2,2019-02-24,838,1,MODIS,79,6.03,317.7,32.1,1,0,2019,2,24,838,8,38,1,6,13460,3893,19.600000000000023,0,High
480456,20.7451,76.3526,344.9,1.3,1.1,2022-04-26,541,0,MODIS,86,6.03,318.8,38.4,1,0,2022,4,26,541,5,41,2,9,27481,3504,26.09999999999997,1,High
513737,21.3493,82.5635,310.4,1.4,1.2,2022-12-11,814,1,MODIS,37,6.03,288.6,12.9,1,0,2022,12,11,814,8,14,1,1,73921,11178,21.799999999999955,0,Medium
161681,29.9437,76.1283,316.7,1.0,1.0,2018-11-08,817,1,MODIS,65,6.03,300.9,7.6,1,0,2018,11,8,817,8,17,4,0,167610,73042,15.800000000000011,0,Low
450743,15.165,74.8981,303.2,1.1,1.0,2022-03-12,1706,0,MODIS,54,6.03,291.2,5.0,0,0,2022,3,12,1706,17,6,2,3,38436,7918,12.0,0,Low
279717,26.004,93.431,317.5,1.0,1.0,2020-04-15,703,1,MODIS,69,6.03,292.1,7.2,1,0,2020,4,15,703,7,3,2,11,41370,8105,25.399999999999977,0,Low
169801,18.8881,73.3408,323.2,1.0,1.0,2018-11-29,833,1,MODIS,69,6.03,310.5,10.5,1,0,2018,11,29,833,8,33,4,3,38436,2420,12.699999999999989,0,Medium
559731,21.3015,80.7565,324.7,1.0,1.0,2023-04-13,459,0,MODIS,67,61.03,303.5,9.3,1,0,2023,4,13,459,4,59,2,5,47348,16741,21.19999999999999,0,Low
612490,25.102,94.2197,307.7,1.1,1.0,2024-03-11,723,1,MODIS,30,61.03,297.4,3.9,1,0,2024,3,11,723,7,23,2,11,41370,18499,10.300000000000011,0,Low
545855,22.3851,83.8259,343.4,1.0,1.0,2023-03-13,752,1,MODIS,89,61.03,309.8,36.3,1,0,2023,3,13,752,7,52,2,1,73921,19544,33.599999999999966,1,High
768651,16.4955,73.6606,305.2,1.0,1.0,2026-01-14,1604,0,MODIS,63,61.03,292.8,6.3,0,0,2026,1,14,1604,16,4,1,3,38436,8477,12.399999999999975,0,Low
424308,29.9827,74.627,311.4,1.1,1.0,2021-11-10,537,0,MODIS,45,6.03,299.7,5.3,1,0,2021,11,10,537,5,37,4,0,167610,73042,11.699999999999989,0,Low
242132,29.7565,75.7613,318.7,1.3,1.1,2019-11-06,759,1,MODIS,39,6.03,302.4,8.8,1,0,2019,11,6,759,7,59,4,0,167610,73042,16.30000000000001,0,Low
568678,31.4734,75.3089,327.0,2.0,1.4,2023-05-08,759,1,MODIS,75,61.03,306.0,26.4,1,2,2023,5,8,759,7,59,2,0,167610,31628,21.0,0,Medium
370907,25.3793,92.9925,328.7,1.8,1.3,2021-03-28,644,1,MODIS,82,6.03,304.9,44.5,1,0,2021,3,28,644,6,44,2,8,33148,19990,23.80000000000001,1,High
200725,23.1851,77.8312,315.6,1.1,1.0,2019-03-31,1658,0,MODIS,91,6.03,298.3,12.4,0,0,2019,3,31,1658,16,58,2,4,76528,13167,17.30000000000001,0,Medium
313825,20.5566,74.5672,320.4,1.0,1.0,2020-11-11,827,1,MODIS,67,6.03,307.8,8.0,1,0,2020,11,11,827,8,27,4,3,38436,2420,12.599999999999966,0,Low
620377,18.0068,79.0455,326.4,1.1,1.0,2024-03-27,830,1,MODIS,46,61.03,311.1,9.2,1,0,2024,3,27,830,8,30,2,13,47964,18871,15.299999999999956,0,Low
24952,23.1338,81.3348,333.1,1.1,1.0,2017-03-28,804,1,MODIS,59,6.2,317.3,12.3,1,0,2017,3,28,804,8,4,2,5,47348,12422,15.800000000000011,0,Medium
377717,21.0974,85.1775,323.6,1.3,1.1,2021-04-01,447,0,MODIS,47,6.03,308.0,9.2,1,0,2021,4,1,447,4,47,2,1,73921,9197,15.600000000000025,0,Low
479259,26.0911,93.2556,316.7,2.8,1.6,2022-04-25,634,1,MODIS,47,6.03,299.2,28.8,1,0,2022,4,25,634,6,34,2,11,41370,8105,17.5,0,Medium
254950,9.4698,76.9211,337.2,1.1,1.1,2020-02-20,830,1,MODIS,84,6.03,308.3,32.5,1,0,2020,2,20,830,8,30,1,6,13460,3893,28.899999999999977,1,High
200632,10.9206,79.134,308.2,1.3,1.1,2019-03-31,1655,0,MODIS,65,6.03,296.3,9.0,0,0,2019,3,31,1655,16,55,2,6,13460,3928,11.899999999999975,0,Low
567893,30.4306,75.7452,328.4,1.0,1.0,2023-05-04,827,1,MODIS,63,61.03,309.8,7.4,1,0,2023,5,4,827,8,27,2,0,167610,31628,18.59999999999997,0,Low
244607,31.0159,75.1858,313.1,1.1,1.1,2019-11-18,824,1,MODIS,61,6.03,300.5,6.3,1,0,2019,11,18,824,8,24,4,0,167610,73042,12.600000000000025,0,Low
589755,30.7418,74.2858,318.0,1.1,1.0,2023-11-20,848,1,MODIS,73,61.03,296.7,13.8,1,0,2023,11,20,848,8,48,4,0,167610,73042,21.30000000000001,0,Medium
331442,21.358,77.1507,302.9,1.1,1.0,2021-02-05,1715,0,MODIS,52,6.03,288.0,7.4,0,0,2021,2,5,1715,17,15,1,9,27481,5254,14.899999999999975,0,Low
60993,31.5437,74.6184,313.9,2.1,1.4,2017-10-17,747,1,MODIS,55,6.2,302.1,15.8,1,0,2017,10,17,747,7,47,4,0,167610,39610,11.799999999999956,0,Medium
294259,31.559,75.1473,319.0,1.0,1.0,2020-09-26,818,1,MODIS,64,6.03,302.7,6.3,1,0,2020,9,26,818,8,18,4,0,167610,648,16.30000000000001,0,Low
43922,24.6824,80.1683,338.8,1.0,1.0,2017-04-16,525,0,MODIS,78,6.2,321.3,16.7,1,0,2017,4,16,525,5,25,2,5,47348,16741,17.5,0,Medium
733840,25.8631,92.4822,337.5,1.0,1.0,2025-04-25,806,1,MODIS,87,61.03,300.8,32.5,1,0,2025,4,25,806,8,6,2,8,33148,7372,36.69999999999999,1,High
756084,26.5533,79.6387,306.3,1.0,1.0,2025-11-26,924,1,MODIS,52,61.03,295.9,3.4,1,0,2025,11,26,924,9,24,4,7,41741,5012,10.400000000000034,0,Low
209422,24.2497,77.6201,335.7,1.0,1.0,2019-04-20,537,0,MODIS,73,6.03,318.0,13.7,1,0,2019,4,20,537,5,37,2,4,76528,39620,17.69999999999999,0,Medium
524724,22.3357,87.0224,318.4,1.3,1.1,2023-02-04,756,1,MODIS,47,61.03,305.9,8.6,1,0,2023,2,4,756,7,56,1,12,49232,3888,12.5,0,Low
216200,25.3143,79.2151,355.7,2.3,1.5,2019-05-02,734,1,MODIS,96,6.03,317.3,168.7,1,0,2019,5,2,734,7,34,2,4,76528,7507,38.39999999999998,1,Extreme
675034,17.7664,73.2839,319.6,1.3,1.1,2025-01-24,910,1,MODIS,52,61.03,301.2,14.4,1,0,2025,1,24,910,9,10,1,3,38436,8477,18.400000000000038,0,Medium
192778,24.0317,93.9458,315.6,4.1,1.9,2019-03-21,346,0,MODIS,70,6.03,295.3,82.1,1,0,2019,3,21,346,3,46,2,2,57778,42248,20.30000000000001,0,Extreme
672061,21.1661,83.5052,315.9,1.2,1.1,2025-01-08,829,1,MODIS,53,61.03,300.8,10.1,1,0,2025,1,8,829,8,29,1,1,73921,10736,15.099999999999966,0,Medium
324019,20.9913,83.6864,310.6,1.1,1.1,2020-12-26,756,1,MODIS,55,6.03,300.5,5.2,1,0,2020,12,26,756,7,56,1,1,73921,11178,10.100000000000025,0,Low
579378,31.2424,75.3224,314.2,1.9,1.3,2023-10-30,859,1,MODIS,67,61.03,299.2,14.4,1,0,2023,10,30,859,8,59,4,0,167610,39610,15.0,0,Medium
735178,29.0535,76.5547,340.8,1.2,1.1,2025-04-27,925,1,MODIS,83,61.03,311.9,36.9,1,0,2025,4,27,925,9,25,2,0,167610,7906,28.900000000000038,1,High
400502,29.2649,79.716,324.6,1.4,1.2,2021-04-28,740,1,MODIS,67,6.03,305.1,18.8,1,0,2021,4,28,740,7,40,2,7,41741,15320,19.5,0,Medium
73289,17.7988,76.0611,314.5,3.4,1.7,2017-11-18,744,1,MODIS,36,6.2,294.6,34.3,1,0,2017,11,18,744,7,44,4,3,38436,2420,19.899999999999977,0,High
335266,29.5682,76.7462,316.6,1.1,1.0,2021-02-17,817,1,MODIS,74,6.03,295.4,14.1,1,0,2021,2,17,817,8,17,1,0,167610,2711,21.200000000000045,0,Medium
348593,23.8099,92.4055,340.5,1.0,1.0,2021-03-08,708,1,MODIS,90,6.03,298.3,39.1,1,0,2021,3,8,708,7,8,2,2,57778,42248,42.19999999999999,1,High
323787,31.761,77.1395,305.6,1.0,1.0,2020-12-25,541,0,MODIS,58,6.03,285.2,8.9,1,0,2020,12,25,541,5,41,1,0,167610,3314,20.400000000000038,0,Low
760433,23.6791,86.3909,301.9,1.6,1.3,2025-12-12,315,0,MODIS,43,61.03,290.2,10.1,1,2,2025,12,12,315,3,15,1,12,49232,8420,11.699999999999989,0,Medium
130199,18.2649,82.2677,343.7,1.0,1.0,2018-04-09,757,1,MODIS,89,6.03,307.3,36.3,1,0,2018,4,9,757,7,57,2,13,47964,11656,36.39999999999998,1,High
581876,26.6466,93.0211,303.2,1.7,1.3,2023-11-05,424,0,MODIS,0,61.03,286.1,8.5,1,0,2023,11,5,424,4,24,4,11,41370,506,17.099999999999966,0,Low
13283,16.522,74.3498,315.7,1.7,1.3,2017-02-28,1702,0,MODIS,92,6.2,291.0,31.6,0,0,2017,2,28,1702,17,2,1,3,38436,8837,24.69999999999999,1,High
111252,31.0896,75.3551,323.3,1.1,1.0,2018-03-15,806,1,MODIS,78,6.03,301.9,15.1,1,0,2018,3,15,806,8,6,2,0,167610,2014,21.400000000000038,0,Medium
43180,21.0982,76.3585,334.3,2.1,1.4,2017-04-15,751,1,MODIS,67,6.2,318.7,32.5,1,0,2017,4,15,751,7,51,2,9,27481,3504,15.600000000000025,0,High
749940,30.2037,74.8177,308.7,1.5,1.2,2025-11-09,959,1,MODIS,40,61.03,297.3,7.3,1,0,2025,11,9,959,9,59,4,0,167610,73042,11.399999999999975,0,Low
240512,31.0478,74.904,324.5,1.0,1.0,2019-11-04,812,1,MODIS,70,6.03,301.0,14.1,1,0,2019,11,4,812,8,12,4,0,167610,73042,23.5,0,Medium
173704,21.358,82.1394,318.3,1.4,1.2,2019-01-01,738,1,MODIS,69,6.03,301.8,15.0,1,0,2019,1,1,738,7,38,1,1,73921,10736,16.5,0,Medium
461896,25.3705,93.4054,321.1,1.9,1.3,2022-03-23,731,1,MODIS,26,6.03,301.1,25.9,1,0,2022,3,23,731,7,31,2,11,41370,18499,20.0,0,Medium
381586,19.3303,80.9038,349.6,1.3,1.1,2021-04-02,531,0,MODIS,93,6.03,312.0,72.5,1,0,2021,4,2,531,5,31,2,13,47964,11656,37.60000000000002,1,Extreme
416446,30.6126,74.7175,323.1,1.7,1.3,2021-11-04,753,1,MODIS,67,6.03,300.3,28.0,1,0,2021,11,4,753,7,53,4,0,167610,73042,22.80000000000001,0,Medium
5715,26.7411,91.0942,313.2,1.1,1.0,2017-02-07,721,1,MODIS,51,6.2,299.9,7.6,1,0,2017,2,7,721,7,21,1,8,33148,2829,13.300000000000011,0,Low
273990,23.4396,75.7781,300.9,2.1,1.4,2020-04-04,1646,0,MODIS,35,6.03,289.9,12.5,0,0,2020,4,4,1646,16,46,2,4,76528,39620,11.0,0,Medium
95747,18.4729,81.6954,331.3,1.0,1.0,2018-02-27,803,1,MODIS,76,6.03,310.5,15.4,1,0,2018,2,27,803,8,3,1,13,47964,5221,20.80000000000001,0,Medium
233834,30.4421,75.3952,313.8,1.3,1.1,2019-10-24,830,1,MODIS,56,6.03,298.9,8.8,1,0,2019,10,24,830,8,30,4,0,167610,39610,14.900000000000034,0,Low
180062,12.4041,77.377,321.1,1.1,1.0,2019-02-08,534,0,MODIS,65,6.03,302.5,8.8,1,0,2019,2,8,534,5,34,1,6,13460,3893,18.600000000000023,0,Low
503870,23.6794,86.0932,301.6,1.6,1.2,2022-11-08,1953,1,MODIS,42,6.03,290.9,10.5,0,2,2022,11,8,1953,19,53,4,12,49232,3375,10.700000000000044,0,Medium
479805,26.7533,83.7152,331.6,2.1,1.4,2022-04-25,812,1,MODIS,76,6.03,316.2,31.3,1,0,2022,4,25,812,8,12,2,7,41741,15320,15.400000000000034,0,High
612824,20.2116,73.6822,317.3,1.2,1.1,2024-03-11,2110,1,MODIS,95,61.03,290.5,21.5,0,0,2024,3,11,2110,21,10,2,3,38436,7918,26.80000000000001,1,Medium
275304,21.0735,84.4865,323.0,1.1,1.0,2020-04-07,751,1,MODIS,50,6.03,307.2,9.0,1,0,2020,4,7,751,7,51,2,1,73921,9197,15.800000000000011,0,Low
623455,22.9199,78.5422,305.0,1.0,1.0,2024-04-02,1618,0,MODIS,52,61.03,290.5,5.2,0,0,2024,4,2,1618,16,18,2,4,76528,39620,14.5,0,Low
531567,18.4375,76.3439,300.2,1.1,1.0,2023-02-21,1701,0,MODIS,21,61.03,288.9,5.3,0,0,2023,2,21,1701,17,1,1,9,27481,5254,11.300000000000011,0,Low
461783,23.4133,83.1561,321.8,1.5,1.2,2022-03-23,731,1,MODIS,38,6.03,309.3,10.4,1,0,2022,3,23,731,7,31,2,12,49232,10270,12.5,0,Medium
501208,18.5782,77.9521,318.2,1.1,1.1,2022-11-04,809,1,MODIS,54,6.03,306.2,10.4,1,0,2022,11,4,809,8,9,4,9,27481,2693,12.0,0,Medium
531990,22.337,86.868,322.3,1.2,1.1,2023-02-22,734,1,MODIS,62,61.03,310.0,10.0,1,0,2023,2,22,734,7,34,1,12,49232,3888,12.300000000000011,0,Low
540188,16.4014,79.0006,321.3,2.6,1.5,2023-03-06,749,1,MODIS,63,61.03,307.9,23.4,1,0,2023,3,6,749,7,49,2,14,36148,12659,13.400000000000034,0,Medium
641467,24.5622,80.4301,334.7,1.4,1.2,2024-05-07,426,0,MODIS,72,61.03,314.0,15.3,1,0,2024,5,7,426,4,26,2,5,47348,4086,20.69999999999999,0,Medium
139834,28.3652,78.2941,327.5,2.5,1.5,2018-05-05,836,1,MODIS,45,6.03,306.8,35.0,1,0,2018,5,5,836,8,36,2,7,41741,6465,20.69999999999999,0,High
396150,23.9471,77.9439,338.6,1.3,1.1,2021-04-20,517,0,MODIS,78,6.03,318.5,19.7,1,0,2021,4,20,517,5,17,2,4,76528,39620,20.100000000000023,0,Medium
725228,23.1939,75.5986,341.5,1.1,1.0,2025-04-11,430,0,MODIS,87,61.03,309.9,36.1,1,0,2025,4,11,430,4,30,2,4,76528,39620,31.600000000000023,1,High
363219,17.7023,82.197,324.5,1.1,1.0,2021-03-23,802,1,MODIS,45,6.03,309.6,7.5,1,0,2021,3,23,802,8,2,2,13,47964,18871,14.899999999999975,0,Low
528065,28.7043,80.102,307.3,1.5,1.2,2023-02-13,747,1,MODIS,59,61.03,293.2,11.8,1,0,2023,2,13,747,7,47,1,7,41741,3088,14.100000000000025,0,Medium
515741,25.4764,84.0205,307.5,1.3,1.1,2022-12-20,806,1,MODIS,54,6.03,296.3,5.9,1,0,2022,12,20,806,8,6,1,12,49232,8420,11.199999999999989,0,Low
496171,29.5626,76.1549,314.8,3.2,1.7,2022-10-25,739,1,MODIS,68,6.03,299.0,43.2,1,0,2022,10,25,739,7,39,4,0,167610,39610,15.800000000000011,0,High
70594,29.774,75.9706,323.1,1.0,1.0,2017-11-05,817,1,MODIS,71,6.2,299.9,13.0,1,0,2017,11,5,817,8,17,4,0,167610,73042,23.200000000000045,0,Medium
449953,25.5883,90.6378,326.5,1.2,1.1,2022-03-11,708,1,MODIS,80,6.03,304.2,20.9,1,0,2022,3,11,708,7,8,2,8,33148,19990,22.30000000000001,0,Medium
93475,19.7227,72.757,329.1,1.1,1.0,2018-02-21,840,1,MODIS,71,6.03,309.0,17.2,1,0,2018,2,21,840,8,40,1,3,38436,8837,20.100000000000023,0,Medium
426387,30.7811,76.3953,315.7,2.5,1.5,2021-11-12,842,1,MODIS,64,6.03,300.9,24.3,1,0,2021,11,12,842,8,42,4,0,167610,73042,14.800000000000011,0,Medium
653344,31.8534,75.0196,317.0,1.0,1.0,2024-10-29,901,1,MODIS,67,61.03,301.6,8.0,1,0,2024,10,29,901,9,1,4,0,167610,39610,15.399999999999975,0,Low
211117,23.5465,77.1961,306.9,1.0,1.0,2019-04-23,1704,0,MODIS,66,6.03,294.8,5.6,0,0,2019,4,23,1704,17,4,2,4,76528,39620,12.099999999999966,0,Low
615530,13.218,77.5136,317.2,1.0,1.0,2024-03-14,1631,0,MODIS,95,61.03,294.1,14.3,0,0,2024,3,14,1631,16,31,2,14,36148,12659,23.09999999999997,0,Medium
388924,18.0509,82.1966,325.9,1.1,1.0,2021-04-08,802,1,MODIS,57,6.03,306.6,10.3,1,0,2021,4,8,802,8,2,2,13,47964,11656,19.299999999999955,0,Medium
343762,24.2428,93.2693,349.0,2.4,1.5,2021-03-05,637,1,MODIS,95,6.03,296.0,199.2,1,0,2021,3,5,637,6,37,2,2,57778,42248,53.0,1,Extreme
380089,22.2706,76.1769,346.5,1.6,1.3,2021-04-01,757,1,MODIS,84,6.03,314.3,71.8,1,0,2021,4,1,757,7,57,2,4,76528,39620,32.19999999999999,1,Extreme
371476,19.6124,77.8661,340.4,1.1,1.1,2021-03-28,821,1,MODIS,77,6.03,326.0,17.9,1,0,2021,3,28,821,8,21,2,9,27481,7575,14.399999999999975,0,Medium
457414,22.244,92.6112,322.4,1.0,1.0,2022-03-18,713,1,MODIS,71,6.03,303.8,10.9,1,0,2022,3,18,713,7,13,2,2,57778,42248,18.59999999999997,0,Medium
539787,24.147,74.3607,328.8,1.3,1.1,2023-03-05,847,1,MODIS,75,61.03,311.2,17.2,1,0,2023,3,5,847,8,47,2,10,21095,5604,17.600000000000023,0,Medium
595625,21.1097,82.2932,312.4,1.1,1.0,2023-12-27,809,1,MODIS,54,61.03,301.2,6.4,1,0,2023,12,27,809,8,9,1,1,73921,11178,11.199999999999989,0,Low
103293,13.452,77.6414,332.1,3.1,1.7,2018-03-07,850,1,MODIS,78,6.03,312.7,75.6,1,0,2018,3,7,850,8,50,2,14,36148,12659,19.400000000000038,0,Extreme
736723,30.1399,75.0285,330.3,1.2,1.1,2025-05-01,433,0,MODIS,77,61.03,305.1,19.5,1,0,2025,5,1,433,4,33,2,0,167610,31628,25.19999999999999,0,Medium
629625,26.2127,93.6839,325.9,2.4,1.5,2024-04-13,705,1,MODIS,81,61.03,296.4,61.8,1,0,2024,4,13,705,7,5,2,11,41370,8105,29.5,1,Extreme
56425,15.5575,78.5112,309.0,1.0,1.0,2017-05-19,1702,0,MODIS,73,6.2,295.6,5.0,0,0,2017,5,19,1702,17,2,2,14,36148,1092,13.399999999999975,0,Low
662683,18.2392,77.9443,314.6,1.1,1.0,2024-11-25,853,1,MODIS,63,61.03,301.7,7.0,1,0,2024,11,25,853,8,53,4,9,27481,2693,12.900000000000034,0,Low
691667,19.1498,80.3188,322.7,1.1,1.0,2025-03-07,853,1,MODIS,61,61.03,309.1,10.6,1,0,2025,3,7,853,8,53,2,13,47964,18871,13.599999999999966,0,Medium
682609,27.1581,72.3664,320.0,1.2,1.1,2025-02-16,934,1,MODIS,52,61.03,304.6,8.6,1,0,2025,2,16,934,9,34,1,0,167610,2711,15.399999999999975,0,Low
155360,30.6544,75.2365,312.2,1.1,1.1,2018-10-30,824,1,MODIS,41,6.03,299.7,5.6,1,0,2018,10,30,824,8,24,4,0,167610,39610,12.5,0,Low
107543,14.9977,74.8152,339.6,1.0,1.0,2018-03-11,826,1,MODIS,84,6.03,313.3,24.9,1,0,2018,3,11,826,8,26,2,3,38436,7918,26.30000000000001,1,Medium
469222,21.379,76.8561,336.9,1.0,1.0,2022-03-31,819,1,MODIS,73,6.03,325.0,12.4,1,0,2022,3,31,819,8,19,2,9,27481,7575,11.899999999999975,0,Medium
326592,21.3183,81.8709,314.1,1.0,1.0,2021-01-14,519,0,MODIS,66,6.03,302.1,6.6,1,0,2021,1,14,519,5,19,1,1,73921,10736,12.0,0,Low
439004,28.8323,77.5124,302.1,1.0,1.0,2022-01-29,535,0,MODIS,50,6.03,289.1,4.7,1,0,2022,1,29,535,5,35,1,0,167610,2724,13.0,0,Low
205472,17.9058,81.8685,304.8,1.3,1.1,2019-04-11,1638,0,MODIS,54,6.03,293.3,6.9,0,0,2019,4,11,1638,16,38,2,13,47964,11656,11.5,0,Low
568902,31.7283,74.7175,334.9,1.2,1.1,2023-05-09,841,1,MODIS,80,61.03,313.5,20.7,1,0,2023,5,9,841,8,41,2,0,167610,31628,21.399999999999977,0,Medium
489497,30.8576,74.3819,336.8,1.3,1.1,2022-05-14,525,0,MODIS,75,6.03,315.8,24.6,1,0,2022,5,14,525,5,25,2,0,167610,31628,21.0,0,Medium
541196,23.8933,92.3843,313.5,2.0,1.4,2023-03-07,655,1,MODIS,60,61.03,300.1,17.1,1,0,2023,3,7,655,6,55,2,2,57778,42248,13.399999999999975,0,Medium
670042,23.6786,86.0917,305.0,2.0,1.4,2024-12-28,429,0,MODIS,52,61.03,294.2,10.6,1,2,2024,12,28,429,4,29,1,12,49232,8420,10.800000000000011,0,Medium
135734,26.4323,93.1786,324.1,1.1,1.1,2018-04-24,715,1,MODIS,67,6.03,295.5,19.4,1,0,2018,4,24,715,7,15,2,11,41370,8105,28.600000000000023,0,Medium
660815,18.1394,74.407,316.2,1.0,1.0,2024-11-19,448,0,MODIS,69,61.03,300.1,9.4,1,0,2024,11,19,448,4,48,4,3,38436,2420,16.099999999999966,0,Low
182095,18.8612,74.8307,328.0,1.4,1.2,2019-02-20,557,0,MODIS,71,6.03,312.5,13.2,1,0,2019,2,20,557,5,57,1,3,38436,8837,15.5,0,Medium
46003,23.5858,77.6458,335.4,4.2,1.9,2017-04-19,727,1,MODIS,74,6.2,313.8,118.7,1,0,2017,4,19,727,7,27,2,4,76528,39620,21.59999999999997,0,Extreme
343413,20.1058,84.4745,316.6,1.0,1.0,2021-03-05,506,0,MODIS,44,6.03,305.5,5.9,1,0,2021,3,5,506,5,6,2,1,73921,19544,11.100000000000025,0,Low
699323,22.1615,81.106,323.2,1.7,1.3,2025-03-14,834,1,MODIS,48,61.03,311.0,17.6,1,0,2025,3,14,834,8,34,2,5,47348,12422,12.199999999999989,0,Medium
632645,25.2095,84.0438,330.7,1.6,1.2,2024-04-19,754,1,MODIS,65,61.03,313.2,18.0,1,0,2024,4,19,754,7,54,2,12,49232,12010,17.5,0,Medium
614127,24.5428,93.2274,340.4,2.3,1.5,2024-03-13,707,1,MODIS,91,61.03,296.9,136.0,1,0,2024,3,13,707,7,7,2,2,57778,42248,43.5,1,Extreme
161884,30.1157,75.7633,316.7,1.0,1.0,2018-11-08,818,1,MODIS,48,6.03,301.0,7.7,1,0,2018,11,8,818,8,18,4,0,167610,73042,15.699999999999989,0,Low
569493,23.4073,83.3388,332.3,1.4,1.2,2023-05-10,743,1,MODIS,74,61.03,317.6,18.3,1,0,2023,5,10,743,7,43,2,12,49232,3184,14.699999999999989,0,Medium
470866,22.4888,79.4426,306.5,1.2,1.1,2022-04-06,1701,0,MODIS,68,6.03,291.1,8.7,0,0,2022,4,6,1701,17,1,2,5,47348,16741,15.399999999999975,0,Low
603795,27.3294,72.1285,328.2,1.1,1.1,2024-02-11,846,1,MODIS,74,61.03,306.8,19.6,1,0,2024,2,11,846,8,46,1,0,167610,2711,21.399999999999977,0,Medium
335841,28.0154,95.4411,317.4,1.2,1.1,2021-02-20,709,1,MODIS,56,6.03,304.0,10.9,1,0,2021,2,20,709,7,9,1,11,41370,5791,13.399999999999975,0,Medium
659363,30.082,74.6229,314.4,1.2,1.1,2024-11-15,851,1,MODIS,52,61.03,298.7,9.8,1,0,2024,11,15,851,8,51,4,0,167610,73042,15.699999999999989,0,Low
723314,23.2755,76.2302,308.3,1.1,1.0,2025-04-07,1602,0,MODIS,72,61.03,294.4,7.2,0,0,2025,4,7,1602,16,2,2,4,76528,39620,13.900000000000034,0,Low
179389,26.7903,84.2892,314.3,1.3,1.1,2019-02-04,727,1,MODIS,62,6.03,300.3,12.0,1,0,2019,2,4,727,7,27,1,12,49232,3888,14.0,0,Medium
682447,12.7679,77.3458,324.0,1.5,1.2,2025-02-16,930,1,MODIS,42,61.03,310.8,12.0,1,0,2025,2,16,930,9,30,1,6,13460,3893,13.199999999999989,0,Medium
561254,25.9286,91.129,318.6,1.0,1.0,2023-04-14,729,1,MODIS,57,61.03,304.7,6.6,1,0,2023,4,14,729,7,29,2,8,33148,7372,13.900000000000034,0,Low
306990,30.5717,75.4152,333.4,1.1,1.1,2020-11-04,824,1,MODIS,81,6.03,302.4,28.1,1,0,2020,11,4,824,8,24,4,0,167610,73042,31.0,1,Medium
267190,24.0434,93.596,324.5,1.1,1.0,2020-03-28,714,1,MODIS,67,6.03,303.9,13.3,1,0,2020,3,28,714,7,14,2,2,57778,42248,20.600000000000023,0,Medium
440334,20.7937,85.2595,302.3,1.0,1.0,2022-02-07,1625,0,MODIS,34,6.03,291.3,6.0,0,2,2022,2,7,1625,16,25,1,1,73921,9366,11.0,0,Low
69044,30.5563,74.8478,321.8,1.9,1.4,2017-11-01,842,1,MODIS,58,6.2,299.0,30.3,1,0,2017,11,1,842,8,42,4,0,167610,73042,22.80000000000001,0,High
696632,18.6882,80.7732,323.3,1.1,1.0,2025-03-12,852,1,MODIS,50,61.03,311.5,7.6,1,0,2025,3,12,852,8,52,2,13,47964,18871,11.800000000000011,0,Low
54260,31.0149,75.0734,343.2,2.0,1.4,2017-05-09,842,1,MODIS,88,6.2,305.4,86.6,1,0,2017,5,9,842,8,42,2,0,167610,31628,37.80000000000001,1,Extreme
4271,22.07,82.6771,328.4,1.5,1.2,2017-01-30,809,1,MODIS,79,6.2,309.3,28.1,1,0,2017,1,30,809,8,9,1,1,73921,10736,19.09999999999997,0,Medium
347371,18.8157,83.3393,329.7,1.2,1.1,2021-03-07,802,1,MODIS,74,6.03,309.3,17.8,1,0,2021,3,7,802,8,2,2,1,73921,19544,20.399999999999977,0,Medium
748707,30.0176,75.1782,318.7,1.0,1.0,2025-11-06,941,1,MODIS,72,61.03,300.7,11.9,1,0,2025,11,6,941,9,41,4,0,167610,73042,18.0,0,Medium
412137,28.0086,77.4274,313.5,1.8,1.3,2021-10-30,555,0,MODIS,53,6.03,301.7,12.6,1,0,2021,10,30,555,5,55,4,0,167610,39610,11.800000000000011,0,Medium
590634,21.5491,81.1167,310.7,1.0,1.0,2023-11-24,815,1,MODIS,40,61.03,296.1,3.9,1,0,2023,11,24,815,8,15,4,5,47348,5930,14.599999999999966,0,Low
291875,31.1404,75.8033,338.3,1.1,1.0,2020-05-23,806,1,MODIS,82,6.03,313.8,18.7,1,0,2020,5,23,806,8,6,2,0,167610,31628,24.5,0,Medium
510868,26.635,84.0109,314.8,1.1,1.1,2022-11-24,739,1,MODIS,66,6.03,301.5,8.3,1,0,2022,11,24,739,7,39,4,12,49232,3375,13.300000000000011,0,Low
493219,20.7973,85.2629,302.1,1.8,1.3,2022-07-10,2032,1,MODIS,28,6.03,290.5,8.1,0,2,2022,7,10,2032,20,32,3,1,73921,647,11.600000000000025,0,Low
645742,31.9247,75.4632,330.3,1.1,1.0,2024-05-20,458,0,MODIS,57,61.03,311.9,9.5,1,0,2024,5,20,458,4,58,2,0,167610,31628,18.400000000000038,0,Low
736539,31.6213,75.4617,327.0,2.2,1.4,2025-04-30,944,1,MODIS,61,61.03,305.8,28.2,1,0,2025,4,30,944,9,44,2,0,167610,7906,21.19999999999999,0,Medium
416310,30.1968,75.4285,313.8,2.4,1.5,2021-11-04,613,0,MODIS,65,6.03,301.0,19.7,1,0,2021,11,4,613,6,13,4,0,167610,73042,12.800000000000011,0,Medium
122992,23.545,80.9627,331.2,1.9,1.3,2018-03-28,734,1,MODIS,70,6.03,314.4,33.8,1,0,2018,3,28,734,7,34,2,5,47348,12422,16.80000000000001,0,High
705762,18.3506,73.5252,323.8,1.8,1.3,2025-03-21,950,1,MODIS,0,61.03,307.0,23.8,1,0,2025,3,21,950,9,50,2,3,38436,7918,16.80000000000001,0,Medium
504021,26.4597,78.401,316.0,1.4,1.2,2022-11-09,828,1,MODIS,61,6.03,298.8,10.3,1,0,2022,11,9,828,8,28,4,7,41741,5012,17.19999999999999,0,Medium
700850,22.9756,77.9359,322.9,1.1,1.0,2025-03-15,913,1,MODIS,37,61.03,309.7,6.1,1,0,2025,3,15,913,9,13,2,4,76528,13167,13.199999999999989,0,Low
703900,21.554,78.3737,317.6,1.9,1.3,2025-03-19,404,0,MODIS,57,61.03,301.5,13.7,1,0,2025,3,19,404,4,4,2,9,27481,7575,16.100000000000023,0,Medium
488677,25.0971,82.0465,338.6,1.0,1.0,2022-05-09,508,0,MODIS,80,6.03,306.9,22.7,1,0,2022,5,9,508,5,8,2,5,47348,4086,31.700000000000045,0,Medium
618238,24.8136,94.3677,339.5,1.5,1.2,2024-03-19,407,0,MODIS,91,61.03,290.8,71.4,1,0,2024,3,19,407,4,7,2,11,41370,18499,48.69999999999999,1,Extreme
184899,16.7934,76.5644,325.7,1.1,1.0,2019-03-03,539,0,MODIS,32,6.03,309.8,6.6,1,0,2019,3,3,539,5,39,2,3,38436,7918,15.899999999999975,0,Low
687402,22.0245,86.8854,318.5,1.4,1.2,2025-03-01,814,1,MODIS,64,61.03,305.4,9.3,1,0,2025,3,1,814,8,14,2,12,49232,10270,13.100000000000025,0,Low
727600,22.1468,77.3972,332.6,1.3,1.1,2025-04-17,926,1,MODIS,62,61.03,314.4,13.2,1,0,2025,4,17,926,9,26,2,4,76528,39620,18.200000000000045,0,Medium
10902,16.1539,78.6105,329.9,1.2,1.1,2017-02-24,802,1,MODIS,63,6.2,311.1,19.0,1,0,2017,2,24,802,8,2,1,14,36148,10539,18.799999999999955,0,Medium
408745,29.6877,76.6179,318.3,1.1,1.0,2021-10-15,817,1,MODIS,61,6.03,305.2,7.4,1,0,2021,10,15,817,8,17,4,0,167610,39610,13.100000000000025,0,Low
273317,22.6817,77.3833,304.1,3.0,1.7,2020-04-03,1741,0,MODIS,36,6.03,289.7,28.0,0,0,2020,4,3,1741,17,41,2,4,76528,39620,14.400000000000034,0,Medium
273963,22.5557,77.1927,306.8,1.7,1.3,2020-04-04,1646,0,MODIS,51,6.03,292.0,13.8,0,0,2020,4,4,1646,16,46,2,4,76528,39620,14.800000000000011,0,Medium
5441,25.1004,93.2561,306.9,2.3,1.5,2017-02-06,638,1,MODIS,57,6.2,291.3,20.8,1,0,2017,2,6,638,6,38,1,2,57778,3915,15.599999999999966,0,Medium
670529,21.7865,84.1368,344.4,1.2,1.1,2025-01-01,847,1,MODIS,93,61.03,304.0,59.6,1,0,2025,1,1,847,8,47,1,1,73921,10736,40.39999999999998,1,High
756273,23.3599,70.6323,312.2,1.4,1.2,2025-11-27,454,0,MODIS,55,61.03,297.4,8.9,1,0,2025,11,27,454,4,54,4,10,21095,1837,14.800000000000011,0,Low
600276,22.811,78.8781,309.3,1.4,1.2,2024-01-24,436,0,MODIS,68,61.03,292.8,13.3,1,0,2024,1,24,436,4,36,1,5,47348,1762,16.5,0,Medium
604763,10.9806,76.2662,322.6,1.0,1.0,2024-02-16,851,1,MODIS,62,61.03,308.8,9.7,1,0,2024,2,16,851,8,51,1,6,13460,3893,13.800000000000011,0,Low
75771,30.7897,75.3363,327.7,1.1,1.0,2017-11-23,805,1,MODIS,82,6.2,298.2,23.6,1,0,2017,11,23,805,8,5,4,0,167610,73042,29.5,1,Medium
734431,19.182,77.8799,325.5,1.1,1.1,2025-04-26,434,0,MODIS,46,61.03,307.4,7.1,1,0,2025,4,26,434,4,34,2,9,27481,3504,18.100000000000023,0,Low
759380,16.5304,80.714,323.1,1.0,1.0,2025-12-09,929,1,MODIS,78,61.03,302.8,14.4,1,0,2025,12,9,929,9,29,1,13,47964,2559,20.30000000000001,0,Medium
375138,22.8084,77.6648,332.2,1.0,1.0,2021-03-30,809,1,MODIS,56,6.03,321.2,8.5,1,0,2021,3,30,809,8,9,2,4,76528,13167,11.0,0,Low
140492,19.6692,80.8575,358.1,1.7,1.3,2018-05-07,821,1,MODIS,98,6.03,302.4,149.2,1,0,2018,5,7,821,8,21,2,13,47964,4838,55.700000000000045,1,Extreme
492892,12.9758,80.0964,324.8,1.0,1.0,2022-06-19,806,1,MODIS,65,6.03,297.4,10.4,1,0,2022,6,19,806,8,6,3,14,36148,335,27.400000000000038,0,Medium
628504,19.309,73.4907,328.1,4.5,2.0,2024-04-10,817,1,MODIS,67,61.03,308.5,66.0,1,0,2024,4,10,817,8,17,2,3,38436,3037,19.600000000000023,0,Extreme
83734,29.535,77.4542,306.4,1.2,1.1,2018-01-08,817,1,MODIS,63,6.03,292.5,7.5,1,0,2018,1,8,817,8,17,1,0,167610,2724,13.899999999999975,0,Low
485719,31.8061,74.6664,321.7,3.4,1.7,2022-05-02,501,0,MODIS,70,6.03,299.9,45.2,1,0,2022,5,2,501,5,1,2,0,167610,31628,21.80000000000001,0,High
224307,25.6847,76.5707,339.4,2.2,1.4,2019-05-15,841,1,MODIS,75,6.03,313.1,53.7,1,0,2019,5,15,841,8,41,2,4,76528,7507,26.299999999999955,0,High
707981,24.9045,93.6082,399.1,2.5,1.5,2025-03-25,734,1,MODIS,100,61.03,303.0,899.5,1,0,2025,3,25,734,7,34,2,2,57778,42248,96.10000000000002,1,Extreme
603012,27.362,83.6006,303.5,1.2,1.1,2024-02-08,820,1,MODIS,48,61.03,293.0,5.2,1,0,2024,2,8,820,8,20,1,7,41741,3088,10.5,0,Low
641090,30.1582,75.557,330.9,1.4,1.2,2024-05-06,522,0,MODIS,49,61.03,314.1,12.5,1,0,2024,5,6,522,5,22,2,0,167610,31628,16.799999999999955,0,Medium
311133,30.6318,74.2824,322.5,2.9,1.6,2020-11-07,854,1,MODIS,76,6.03,300.4,60.2,1,0,2020,11,7,854,8,54,4,0,167610,73042,22.100000000000023,0,Extreme
81269,22.802,86.2315,302.0,3.0,1.7,2017-12-24,1929,1,MODIS,46,6.2,286.0,35.6,0,0,2017,12,24,1929,19,29,1,12,49232,8420,16.0,0,High
106694,21.7383,85.8952,333.7,1.1,1.0,2018-03-10,745,1,MODIS,80,6.03,315.7,16.5,1,0,2018,3,10,745,7,45,2,1,73921,19544,18.0,0,Medium
130692,23.7664,86.3878,326.0,1.1,1.1,2018-04-11,746,1,MODIS,55,6.03,303.8,11.7,1,2,2018,4,11,746,7,46,2,12,49232,12010,22.19999999999999,0,Medium
405712,20.798,85.2528,304.7,1.8,1.3,2021-05-22,1612,0,MODIS,61,6.03,292.5,8.9,0,2,2021,5,22,1612,16,12,2,1,73921,4396,12.199999999999989,0,Low
310538,30.8316,74.4878,327.7,1.0,1.0,2020-11-06,812,1,MODIS,80,6.03,303.9,19.6,1,0,2020,11,6,812,8,12,4,0,167610,73042,23.80000000000001,0,Medium
596547,21.1524,82.3094,315.1,1.0,1.0,2024-01-01,819,1,MODIS,36,61.03,299.8,6.5,1,0,2024,1,1,819,8,19,1,1,73921,10736,15.300000000000011,0,Low
506439,30.7455,74.688,344.1,1.1,1.0,2022-11-11,816,1,MODIS,92,6.03,302.7,47.1,1,0,2022,11,11,816,8,16,4,0,167610,73042,41.400000000000034,1,High
534448,22.8402,77.705,318.7,1.1,1.0,2023-02-27,519,0,MODIS,46,61.03,307.4,7.7,1,0,2023,2,27,519,5,19,1,4,76528,2331,11.300000000000011,0,Low
516023,20.8576,83.7962,317.3,1.0,1.0,2022-12-22,752,1,MODIS,71,6.03,302.2,9.4,1,0,2022,12,22,752,7,52,1,1,73921,11178,15.100000000000025,0,Low
191356,25.805,90.8712,321.3,1.0,1.0,2019-03-17,721,1,MODIS,69,6.03,304.9,8.1,1,0,2019,3,17,721,7,21,2,8,33148,19990,16.400000000000034,0,Low
671934,22.0448,71.9286,315.7,1.0,1.0,2025-01-07,928,1,MODIS,65,61.03,303.1,7.5,1,0,2025,1,7,928,9,28,1,10,21095,2544,12.599999999999966,0,Low
53152,32.1539,75.4289,334.3,1.1,1.0,2017-05-07,541,0,MODIS,78,6.2,313.9,13.0,1,0,2017,5,7,541,5,41,2,0,167610,31628,20.400000000000038,0,Medium
552140,24.3801,74.4901,325.7,1.0,1.0,2023-04-04,522,0,MODIS,57,61.03,308.0,7.8,1,0,2023,4,4,522,5,22,2,4,76528,39620,17.69999999999999,0,Low
661477,30.2211,74.4974,309.6,1.2,1.1,2024-11-20,854,1,MODIS,41,61.03,296.1,5.3,1,0,2024,11,20,854,8,54,4,0,167610,73042,13.5,0,Low
293704,28.0396,73.9734,320.6,1.6,1.3,2020-08-22,613,0,MODIS,27,6.03,295.4,19.1,1,0,2020,8,22,613,6,13,3,0,167610,497,25.200000000000045,0,Medium
89190,19.8468,73.83,318.8,1.0,1.0,2018-02-03,545,0,MODIS,63,6.03,301.6,10.1,1,0,2018,2,3,545,5,45,1,3,38436,8837,17.19999999999999,0,Medium
29413,22.7876,75.5041,334.3,1.0,1.0,2017-04-02,822,1,MODIS,50,6.2,321.5,10.1,1,0,2017,4,2,822,8,22,2,4,76528,39620,12.800000000000011,0,Medium
348958,14.2801,78.1705,323.4,2.1,1.4,2021-03-09,749,1,MODIS,45,6.03,310.1,14.9,1,0,2021,3,9,749,7,49,2,14,36148,12659,13.299999999999956,0,Medium
619723,25.2235,93.063,355.3,2.1,1.4,2024-03-25,710,1,MODIS,98,61.03,297.8,202.8,1,0,2024,3,25,710,7,10,2,8,33148,19990,57.5,1,Extreme
692414,18.4413,80.6904,304.7,1.6,1.2,2025-03-07,2102,1,MODIS,54,61.03,293.8,10.5,0,0,2025,3,7,2102,21,2,2,13,47964,18871,10.899999999999975,0,Medium
608778,12.9505,77.5017,319.4,1.8,1.3,2024-03-03,824,1,MODIS,31,61.03,304.4,11.2,1,2,2024,3,3,824,8,24,2,14,36148,12659,15.0,0,Medium
457355,14.5543,78.0533,324.2,1.7,1.3,2022-03-18,537,0,MODIS,59,6.03,309.9,14.4,1,0,2022,3,18,537,5,37,2,14,36148,12659,14.300000000000011,0,Medium
563450,27.0243,88.4428,316.5,1.7,1.3,2023-04-17,757,1,MODIS,62,61.03,298.8,15.3,1,0,2023,4,17,757,7,57,2,8,33148,7372,17.69999999999999,0,Medium
605841,16.4812,75.7767,300.8,1.0,1.0,2024-02-19,1641,0,MODIS,34,61.03,290.8,4.1,0,0,2024,2,19,1641,16,41,1,3,38436,8837,10.0,0,Low
593760,23.196,79.8738,313.7,1.0,1.0,2023-12-18,829,1,MODIS,69,61.03,298.9,8.7,1,2,2023,12,18,829,8,29,1,5,47348,2981,14.800000000000011,0,Low
111769,21.1094,72.6428,327.4,1.2,1.1,2018-03-17,1716,0,MODIS,97,6.03,295.4,0.0,0,2,2018,3,17,1716,17,16,2,10,21095,5604,32.0,0,
434539,22.1316,82.1535,306.1,1.1,1.0,2021-12-18,501,0,MODIS,53,6.03,294.7,4.2,1,0,2021,12,18,501,5,1,1,5,47348,2981,11.400000000000034,0,Low
739419,30.4102,74.4207,331.4,1.2,1.1,2025-05-11,435,0,MODIS,76,61.03,305.2,18.4,1,0,2025,5,11,435,4,35,2,0,167610,31628,26.19999999999999,0,Medium
752455,23.3485,79.7955,310.7,1.0,1.0,2025-11-16,931,1,MODIS,62,61.03,297.0,6.0,1,0,2025,11,16,931,9,31,4,5,47348,5930,13.699999999999989,0,Low
586741,29.4174,73.9827,319.4,1.0,1.0,2023-11-15,837,1,MODIS,69,61.03,301.6,10.6,1,0,2023,11,15,837,8,37,4,0,167610,73042,17.799999999999955,0,Medium
760039,23.8287,84.571,308.6,1.0,1.0,2025-12-11,909,1,MODIS,66,61.03,297.9,6.3,1,0,2025,12,11,909,9,9,1,12,49232,8420,10.700000000000044,0,Low
637479,24.642,80.2363,330.7,1.0,1.0,2024-04-30,438,0,MODIS,62,61.03,315.4,8.6,1,0,2024,4,30,438,4,38,2,5,47348,16741,15.300000000000011,0,Low
556538,24.5605,93.9385,338.6,1.4,1.2,2023-04-11,700,1,MODIS,87,61.03,303.9,52.0,1,0,2023,4,11,700,7,0,2,2,57778,10542,34.700000000000045,1,High
59879,29.5578,75.1694,316.4,1.1,1.0,2017-10-11,823,1,MODIS,50,6.2,303.6,6.9,1,0,2017,10,11,823,8,23,4,0,167610,39610,12.799999999999956,0,Low
567707,23.1325,68.798,330.1,1.0,1.0,2023-05-01,548,0,MODIS,41,61.03,304.3,15.1,1,0,2023,5,1,548,5,48,2,10,21095,1118,25.80000000000001,0,Medium
217728,25.8863,78.732,302.8,1.9,1.4,2019-05-05,2012,1,MODIS,52,6.03,291.4,12.8,0,0,2019,5,5,2012,20,12,2,4,76528,7507,11.400000000000034,0,Medium
651807,19.8502,79.1352,317.9,1.4,1.2,2024-10-12,905,1,MODIS,10,61.03,297.1,13.0,1,0,2024,10,12,905,9,5,4,9,27481,462,20.799999999999955,0,Medium
492673,20.9631,85.1832,313.2,1.0,1.0,2022-06-12,2013,1,MODIS,83,6.03,296.6,8.5,0,2,2022,6,12,2013,20,13,3,1,73921,1828,16.599999999999966,0,Low
544125,23.2106,78.6807,326.4,1.2,1.1,2023-03-11,806,1,MODIS,63,61.03,313.3,8.2,1,0,2023,3,11,806,8,6,2,4,76528,13167,13.099999999999966,0,Low
428309,30.0536,75.1589,321.6,1.3,1.1,2021-11-14,830,1,MODIS,72,6.03,301.2,16.5,1,0,2021,11,14,830,8,30,4,0,167610,73042,20.400000000000038,0,Medium
28603,24.1944,80.1593,351.1,1.6,1.3,2017-04-01,740,1,MODIS,93,6.2,320.4,81.3,1,0,2017,4,1,740,7,40,2,5,47348,16741,30.700000000000045,1,Extreme
376817,20.7053,78.2185,330.8,1.3,1.1,2021-03-31,543,0,MODIS,58,6.03,318.2,11.1,1,0,2021,3,31,543,5,43,2,9,27481,7575,12.600000000000025,0,Medium
27204,23.4586,81.2051,338.3,1.0,1.0,2017-03-31,525,0,MODIS,80,6.2,319.1,20.8,1,0,2017,3,31,525,5,25,2,5,47348,12422,19.19999999999999,0,Medium
514196,22.2368,82.045,311.0,1.9,1.3,2022-12-15,520,0,MODIS,53,6.03,294.7,11.7,1,0,2022,12,15,520,5,20,1,5,47348,2981,16.30000000000001,0,Medium
520036,26.9251,95.6002,314.7,1.4,1.2,2023-01-11,720,1,MODIS,68,61.03,290.2,18.8,1,0,2023,1,11,720,7,20,1,11,41370,4936,24.5,0,Medium
289921,19.6038,80.8942,324.9,1.0,1.0,2020-05-16,756,1,MODIS,64,6.03,301.6,12.5,1,0,2020,5,16,756,7,56,2,13,47964,4838,23.299999999999955,0,Medium
314730,30.3143,75.5462,322.5,1.4,1.2,2020-11-11,830,1,MODIS,74,6.03,299.3,19.0,1,0,2020,11,11,830,8,30,4,0,167610,73042,23.19999999999999,0,Medium
550958,24.4148,94.1052,357.2,2.4,1.5,2023-03-30,645,1,MODIS,98,61.03,290.7,265.7,1,0,2023,3,30,645,6,45,2,2,57778,42248,66.5,1,Extreme
764041,21.881,82.5341,315.0,1.0,1.0,2025-12-24,916,1,MODIS,72,61.03,293.7,10.5,1,0,2025,12,24,916,9,16,1,1,73921,11178,21.30000000000001,0,Medium
369249,24.6563,80.0957,334.8,1.6,1.3,2021-03-27,739,1,MODIS,77,6.03,315.2,36.0,1,0,2021,3,27,739,7,39,2,5,47348,12422,19.600000000000023,0,High
467140,22.612,78.8252,326.1,1.0,1.0,2022-03-29,516,0,MODIS,30,6.03,313.5,6.8,1,0,2022,3,29,516,5,16,2,5,47348,12422,12.600000000000025,0,Low
472305,22.9811,75.4999,304.6,1.3,1.1,2022-04-11,1719,0,MODIS,61,6.03,293.7,7.5,0,0,2022,4,11,1719,17,19,2,4,76528,39620,10.900000000000034,0,Low
655811,27.6891,96.1824,307.0,1.2,1.1,2024-11-08,728,1,MODIS,63,61.03,295.1,5.4,1,0,2024,11,8,728,7,28,4,11,41370,506,11.899999999999975,0,Low
741092,31.4367,75.0627,326.3,1.1,1.0,2025-05-16,435,0,MODIS,67,61.03,307.1,9.9,1,0,2025,5,16,435,4,35,2,0,167610,31628,19.19999999999999,0,Low
459397,26.6964,90.7656,318.3,1.3,1.1,2022-03-20,702,1,MODIS,61,6.03,302.8,10.9,1,0,2022,3,20,702,7,2,2,8,33148,19990,15.5,0,Medium
236620,30.2595,75.9015,313.6,1.1,1.0,2019-10-28,805,1,MODIS,42,6.03,301.3,5.2,1,0,2019,10,28,805,8,5,4,0,167610,39610,12.300000000000011,0,Low
272753,22.5224,77.1572,317.7,1.1,1.1,2020-04-02,1658,0,MODIS,95,6.03,292.4,18.3,0,0,2020,4,2,1658,16,58,2,4,76528,39620,25.30000000000001,0,Medium
282991,23.4026,78.1365,304.5,1.3,1.1,2020-04-23,1716,0,MODIS,50,6.03,294.0,5.3,0,0,2020,4,23,1716,17,16,2,4,76528,39620,10.5,0,Low
720755,23.7445,91.6839,319.7,1.0,1.0,2025-04-05,811,1,MODIS,54,61.03,302.7,6.6,1,0,2025,4,5,811,8,11,2,2,57778,10542,17.0,0,Low
475955,23.8265,80.0589,337.6,1.1,1.1,2022-04-20,754,1,MODIS,56,6.03,319.7,16.5,1,0,2022,4,20,754,7,54,2,5,47348,16741,17.900000000000034,0,Medium
496787,30.3446,76.6571,316.2,1.1,1.0,2022-10-26,822,1,MODIS,64,6.03,302.9,6.8,1,0,2022,10,26,822,8,22,4,0,167610,39610,13.300000000000011,0,Low
51154,25.966,91.643,316.1,1.4,1.2,2017-05-02,656,1,MODIS,64,6.2,297.3,14.3,1,0,2017,5,2,656,6,56,2,8,33148,335,18.80000000000001,0,Medium
217632,30.5497,74.2826,331.5,1.2,1.1,2019-05-05,806,1,MODIS,70,6.03,316.5,11.2,1,0,2019,5,5,806,8,6,2,0,167610,31628,15.0,0,Medium
561091,24.8027,94.3904,353.6,1.3,1.1,2023-04-14,728,1,MODIS,96,61.03,302.0,94.2,1,0,2023,4,14,728,7,28,2,11,41370,8105,51.60000000000002,1,Extreme
229435,30.4379,78.1371,305.6,1.8,1.3,2019-06-05,2105,1,MODIS,65,6.03,293.4,13.8,0,0,2019,6,5,2105,21,5,3,0,167610,3042,12.200000000000044,0,Medium
575727,31.5257,75.1338,319.0,1.0,1.0,2023-10-01,830,1,MODIS,41,61.03,303.3,7.9,1,0,2023,10,1,830,8,30,4,0,167610,39610,15.699999999999989,0,Low
631509,25.2595,84.024,338.0,1.0,1.0,2024-04-17,810,1,MODIS,79,61.03,313.6,20.5,1,0,2024,4,17,810,8,10,2,12,49232,12010,24.399999999999977,0,Medium
53848,32.0837,75.369,337.7,1.2,1.1,2017-05-08,800,1,MODIS,64,6.2,319.2,18.2,1,0,2017,5,8,800,8,0,2,0,167610,31628,18.5,0,Medium
62054,29.937,76.6421,333.0,1.1,1.0,2017-10-20,817,1,MODIS,84,6.2,306.2,27.3,1,0,2017,10,20,817,8,17,4,0,167610,39610,26.80000000000001,1,Medium
637178,23.5333,80.2215,308.7,1.4,1.2,2024-04-29,1630,0,MODIS,70,61.03,297.5,8.6,0,0,2024,4,29,1630,16,30,2,5,47348,16741,11.199999999999989,0,Low
275074,22.4767,77.6142,303.4,2.7,1.6,2020-04-06,1633,0,MODIS,55,6.03,291.9,18.4,0,0,2020,4,6,1633,16,33,2,4,76528,39620,11.5,0,Medium
577256,28.9233,79.4636,332.2,1.0,1.0,2023-10-22,820,1,MODIS,85,61.03,302.9,23.3,1,0,2023,10,22,820,8,20,4,7,41741,2163,29.30000000000001,1,Medium
489648,31.5892,76.483,315.5,2.0,1.4,2022-05-14,1626,0,MODIS,91,6.03,298.5,31.1,0,0,2022,5,14,1626,16,26,2,0,167610,31628,17.0,1,High
461266,22.9377,77.7929,332.2,1.4,1.2,2022-03-22,827,1,MODIS,58,6.03,315.8,15.1,1,0,2022,3,22,827,8,27,2,4,76528,13167,16.399999999999977,0,Medium
578532,30.9062,74.5542,319.8,1.0,1.0,2023-10-27,833,1,MODIS,70,61.03,301.6,10.7,1,0,2023,10,27,833,8,33,4,0,167610,39610,18.19999999999999,0,Medium
563244,18.9902,80.5377,327.0,1.5,1.2,2023-04-17,755,1,MODIS,69,61.03,307.5,16.6,1,0,2023,4,17,755,7,55,2,13,47964,11656,19.5,0,Medium
382763,25.0875,80.7654,343.2,1.2,1.1,2021-04-03,745,1,MODIS,67,6.03,320.0,33.8,1,0,2021,4,3,745,7,45,2,5,47348,16741,23.19999999999999,0,High
719276,17.37,76.8747,333.7,1.2,1.1,2025-04-02,928,1,MODIS,73,61.03,313.5,15.7,1,0,2025,4,2,928,9,28,2,9,27481,3504,20.19999999999999,0,Medium
599916,29.9974,80.3439,304.9,1.0,1.0,2024-01-22,451,0,MODIS,60,61.03,287.2,9.7,1,0,2024,1,22,451,4,51,1,7,41741,2018,17.69999999999999,0,Low
521918,14.471,75.7909,315.8,1.0,1.0,2023-01-22,515,0,MODIS,64,61.03,301.1,7.0,1,0,2023,1,22,515,5,15,1,14,36148,3490,14.699999999999989,0,Low
622839,25.9082,83.2015,319.8,2.0,1.4,2024-04-01,841,1,MODIS,59,61.03,305.8,16.4,1,0,2024,4,1,841,8,41,2,12,49232,12010,14.0,0,Medium
353834,17.4018,73.5483,326.0,1.0,1.0,2021-03-15,544,0,MODIS,48,6.03,311.6,8.2,1,0,2021,3,15,544,5,44,2,3,38436,7918,14.399999999999975,0,Low
677097,26.1916,84.3705,310.9,1.0,1.0,2025-02-02,834,1,MODIS,64,61.03,298.5,6.1,1,0,2025,2,2,834,8,34,1,12,49232,3888,12.399999999999975,0,Low
181780,17.2544,73.9845,330.2,1.0,1.0,2019-02-17,833,1,MODIS,63,6.03,317.3,12.9,1,0,2019,2,17,833,8,33,1,3,38436,8837,12.899999999999975,0,Medium
128430,27.5353,71.9205,333.0,1.1,1.0,2018-04-04,608,0,MODIS,63,6.03,317.0,9.8,1,0,2018,4,4,608,6,8,2,0,167610,7906,16.0,0,Low
441832,19.9764,74.3552,300.3,1.0,1.0,2022-02-15,1714,0,MODIS,24,6.03,288.4,5.0,0,0,2022,2,15,1714,17,14,1,3,38436,8837,11.900000000000034,0,Low
515676,22.1029,82.4948,327.3,1.1,1.0,2022-12-20,805,1,MODIS,80,6.03,302.1,20.3,1,0,2022,12,20,805,8,5,1,1,73921,11178,25.19999999999999,0,Medium
670785,17.9837,74.9614,308.7,1.2,1.1,2025-01-02,433,0,MODIS,58,61.03,293.9,7.2,1,0,2025,1,2,433,4,33,1,3,38436,8477,14.800000000000011,0,Low
620968,22.6369,77.509,309.8,1.4,1.2,2024-03-28,1612,0,MODIS,22,61.03,294.7,9.9,0,0,2024,3,28,1612,16,12,2,4,76528,13167,15.100000000000025,0,Low
442630,26.7093,94.9187,316.6,1.0,1.0,2022-02-19,415,0,MODIS,76,6.03,291.0,13.4,1,0,2022,2,19,415,4,15,1,11,41370,5791,25.600000000000023,0,Medium
617743,21.8602,71.3126,322.3,1.3,1.1,2024-03-18,506,0,MODIS,39,61.03,309.8,6.2,1,0,2024,3,18,506,5,6,2,10,21095,5604,12.5,0,Low
535059,24.484,77.1604,301.8,2.6,1.6,2023-02-27,1614,0,MODIS,29,61.03,289.2,20.5,0,0,2023,2,27,1614,16,14,1,4,76528,2331,12.600000000000025,0,Medium
412749,30.5196,75.2947,332.5,1.0,1.0,2021-10-31,818,1,MODIS,84,6.03,302.5,25.3,1,0,2021,10,31,818,8,18,4,0,167610,39610,30.0,1,Medium
34960,24.6456,85.5783,337.8,1.0,1.0,2017-04-10,733,1,MODIS,71,6.2,317.6,20.1,1,0,2017,4,10,733,7,33,2,12,49232,12010,20.19999999999999,0,Medium
714234,25.1373,94.0483,317.7,2.4,1.5,2025-03-29,832,1,MODIS,66,61.03,301.8,28.6,1,0,2025,3,29,832,8,32,2,11,41370,18499,15.899999999999975,0,Medium
401892,19.3523,80.9069,328.4,1.1,1.1,2021-05-01,808,1,MODIS,49,6.03,302.3,14.5,1,0,2021,5,1,808,8,8,2,13,47964,4838,26.09999999999997,0,Medium
629460,24.1872,93.2958,317.0,2.8,1.6,2024-04-13,704,1,MODIS,63,61.03,296.0,48.7,1,0,2024,4,13,704,7,4,2,2,57778,10542,21.0,0,High
271408,24.1095,93.6957,333.2,1.4,1.2,2020-04-01,650,1,MODIS,84,6.03,302.8,41.5,1,0,2020,4,1,650,6,50,2,2,57778,10542,30.399999999999977,1,High
549993,19.617,83.8639,322.5,1.0,1.0,2023-03-27,754,1,MODIS,60,61.03,304.7,10.1,1,0,2023,3,27,754,7,54,2,1,73921,19544,17.80000000000001,0,Medium
333519,26.0243,94.3059,307.6,3.9,1.8,2021-02-12,620,1,MODIS,66,6.03,293.7,45.0,1,0,2021,2,12,620,6,20,1,11,41370,5791,13.900000000000034,0,High
761843,25.286,84.1494,308.1,1.1,1.0,2025-12-16,905,1,MODIS,43,61.03,295.1,4.9,1,2,2025,12,16,905,9,5,1,12,49232,8420,13.0,0,Low
89648,13.9742,78.2494,309.4,1.2,1.1,2018-02-04,1720,0,MODIS,77,6.03,291.8,12.4,0,0,2018,2,4,1720,17,20,1,14,36148,10539,17.599999999999966,0,Medium
194893,22.7257,92.5996,313.5,3.7,1.8,2019-03-25,631,1,MODIS,17,6.03,301.9,43.6,1,0,2019,3,25,631,6,31,2,2,57778,42248,11.600000000000025,0,High
606386,19.0608,77.4085,303.7,1.1,1.0,2024-02-21,1625,0,MODIS,56,61.03,290.2,6.7,0,0,2024,2,21,1625,16,25,1,9,27481,5254,13.5,0,Low
476481,22.1258,79.4711,343.8,1.1,1.0,2022-04-21,522,0,MODIS,88,6.03,315.7,27.7,1,0,2022,4,21,522,5,22,2,5,47348,16741,28.100000000000023,1,Medium
305510,30.7585,75.3173,318.8,1.7,1.3,2020-11-02,836,1,MODIS,70,6.03,299.6,20.4,1,0,2020,11,2,836,8,36,4,0,167610,73042,19.19999999999999,0,Medium
451987,22.8585,92.5348,340.8,2.0,1.4,2022-03-14,737,1,MODIS,90,6.03,303.0,97.4,1,0,2022,3,14,737,7,37,2,2,57778,42248,37.80000000000001,1,Extreme
109341,17.76,78.3197,328.6,1.0,1.0,2018-03-13,815,1,MODIS,53,6.03,314.8,9.2,1,0,2018,3,13,815,8,15,2,9,27481,7575,13.800000000000011,0,Low
231325,23.7986,87.0519,316.2,1.4,1.2,2019-09-15,512,0,MODIS,42,6.03,297.0,9.6,1,0,2019,9,15,512,5,12,4,12,49232,1038,19.19999999999999,0,Low
768164,15.3994,74.0945,313.0,1.0,1.0,2026-01-12,956,1,MODIS,36,61.03,298.0,4.8,1,0,2026,1,12,956,9,56,1,3,38436,8477,15.0,0,Low
34966,24.5298,87.3849,329.8,1.0,1.0,2017-04-10,733,1,MODIS,70,6.2,315.4,9.6,1,0,2017,4,10,733,7,33,2,12,49232,12010,14.400000000000034,0,Low
426054,22.7794,78.3846,316.0,1.0,1.0,2021-11-12,526,0,MODIS,69,6.03,292.9,8.8,1,0,2021,11,12,526,5,26,4,4,76528,9210,23.100000000000023,0,Low
271290,12.4856,77.7297,329.7,1.0,1.0,2020-04-01,522,0,MODIS,67,6.03,316.1,8.6,1,0,2020,4,1,522,5,22,2,6,13460,1606,13.599999999999966,0,Low
680561,19.4177,77.2619,318.9,1.0,1.0,2025-02-13,432,0,MODIS,69,61.03,302.6,10.0,1,0,2025,2,13,432,4,32,1,9,27481,5254,16.299999999999955,0,Low
569065,29.5694,75.6391,332.6,1.0,1.0,2023-05-10,521,0,MODIS,66,61.03,320.0,10.4,1,0,2023,5,10,521,5,21,2,0,167610,31628,12.600000000000025,0,Medium
629023,25.5546,76.7234,328.3,3.1,1.7,2024-04-12,535,0,MODIS,74,61.03,306.7,52.4,1,0,2024,4,12,535,5,35,2,4,76528,39620,21.600000000000023,0,High
343119,23.631,85.7207,325.4,1.0,1.0,2021-03-04,733,1,MODIS,65,6.03,314.5,8.4,1,0,2021,3,4,733,7,33,2,12,49232,10270,10.899999999999975,0,Low
362719,18.7056,80.0526,318.2,2.1,1.4,2021-03-23,454,0,MODIS,53,6.03,296.4,22.6,1,0,2021,3,23,454,4,54,2,13,47964,18871,21.80000000000001,0,Medium
494120,23.6852,86.4003,309.9,2.1,1.4,2022-09-21,510,0,MODIS,46,6.03,291.4,14.0,1,2,2022,9,21,510,5,10,4,12,49232,1038,18.5,0,Medium
556447,24.3348,93.309,329.9,1.5,1.2,2023-04-11,700,1,MODIS,80,61.03,300.9,38.1,1,0,2023,4,11,700,7,0,2,2,57778,10542,29.0,0,High
570739,31.6154,75.5497,334.0,1.2,1.1,2023-05-13,813,1,MODIS,66,61.03,315.6,11.4,1,0,2023,5,13,813,8,13,2,0,167610,31628,18.399999999999977,0,Medium
510341,30.717,74.4213,313.7,1.9,1.3,2022-11-21,849,1,MODIS,65,6.03,301.6,11.1,1,0,2022,11,21,849,8,49,4,0,167610,73042,12.099999999999966,0,Medium
753501,25.9066,78.7977,311.1,1.5,1.2,2025-11-18,911,1,MODIS,32,61.03,297.0,9.5,1,0,2025,11,18,911,9,11,4,4,76528,9210,14.100000000000025,0,Low
23489,22.8815,80.112,335.1,1.4,1.2,2017-03-26,816,1,MODIS,71,6.2,319.1,17.3,1,0,2017,3,26,816,8,16,2,5,47348,12422,16.0,0,Medium
426691,30.8012,74.4456,315.9,1.8,1.3,2021-11-12,843,1,MODIS,67,6.03,303.4,14.8,1,0,2021,11,12,843,8,43,4,0,167610,73042,12.5,0,Medium
757697,25.9613,78.2136,316.3,2.0,1.4,2025-12-02,957,1,MODIS,74,61.03,293.0,29.0,1,0,2025,12,2,957,9,57,1,4,76528,1065,23.30000000000001,0,Medium
157491,30.7829,75.1412,318.6,1.0,1.0,2018-11-01,812,1,MODIS,72,6.03,300.4,9.8,1,0,2018,11,1,812,8,12,4,0,167610,73042,18.200000000000045,0,Low
602215,22.9015,78.6622,309.6,1.7,1.3,2024-02-05,432,0,MODIS,59,61.03,294.0,14.1,1,0,2024,2,5,432,4,32,1,4,76528,2331,15.600000000000025,0,Medium
549490,21.9438,82.7641,337.8,1.4,1.2,2023-03-25,505,0,MODIS,86,61.03,305.1,41.1,1,0,2023,3,25,505,5,5,2,1,73921,19544,32.69999999999999,1,High
511745,18.8476,78.0395,315.5,2.0,1.4,2022-11-29,754,1,MODIS,63,6.03,303.0,16.1,1,0,2022,11,29,754,7,54,4,9,27481,2693,12.5,0,Medium
188271,15.1595,78.8017,327.6,1.0,1.0,2019-03-14,521,0,MODIS,27,6.03,311.7,6.4,1,0,2019,3,14,521,5,21,2,14,36148,12659,15.900000000000034,0,Low
286120,24.8824,84.2363,329.2,1.0,1.0,2020-05-02,745,1,MODIS,58,6.03,307.9,8.5,1,0,2020,5,2,745,7,45,2,12,49232,3184,21.30000000000001,0,Low
561723,19.9626,84.197,331.4,1.2,1.1,2023-04-15,809,1,MODIS,76,61.03,304.2,25.5,1,0,2023,4,15,809,8,9,2,1,73921,9197,27.19999999999999,0,Medium
438366,20.8236,77.9149,317.0,1.1,1.0,2022-01-22,531,0,MODIS,67,6.03,302.5,7.6,1,0,2022,1,22,531,5,31,1,9,27481,3684,14.5,0,Low
275027,23.5934,77.9584,335.9,3.4,1.7,2020-04-06,847,1,MODIS,78,6.03,306.6,120.0,1,0,2020,4,6,847,8,47,2,4,76528,39620,29.299999999999955,0,Extreme
515495,15.6149,76.8274,313.6,1.6,1.2,2022-12-20,532,0,MODIS,51,6.03,299.8,12.6,1,0,2022,12,20,532,5,32,1,14,36148,1891,13.800000000000011,0,Medium
283571,23.34,77.3965,310.9,1.0,1.0,2020-04-24,2043,1,MODIS,81,6.03,294.2,9.5,0,0,2020,4,24,2043,20,43,2,4,76528,39620,16.69999999999999,0,Low
593442,27.8733,80.652,304.6,1.2,1.1,2023-12-17,503,0,MODIS,59,61.03,291.6,6.7,1,0,2023,12,17,503,5,3,1,7,41741,2618,13.0,0,Low
561820,19.1059,83.7122,334.4,1.1,1.1,2023-04-15,809,1,MODIS,81,61.03,306.7,25.0,1,0,2023,4,15,809,8,9,2,1,73921,9197,27.69999999999999,1,Medium
48536,23.2409,77.0848,306.5,1.0,1.0,2017-04-25,2037,1,MODIS,67,6.2,293.8,6.8,0,0,2017,4,25,2037,20,37,2,4,76528,39620,12.699999999999989,0,Low
128229,23.9012,73.2686,331.0,1.1,1.0,2018-04-03,835,1,MODIS,50,6.03,317.7,8.7,1,0,2018,4,3,835,8,35,2,10,21095,4258,13.300000000000011,0,Low
275570,22.5414,77.3512,315.2,1.1,1.1,2020-04-07,1716,0,MODIS,90,6.03,293.1,15.8,0,0,2020,4,7,1716,17,16,2,4,76528,39620,22.09999999999997,0,Medium
709535,23.5014,87.5721,320.6,1.4,1.2,2025-03-26,813,1,MODIS,64,61.03,302.9,15.3,1,0,2025,3,26,813,8,13,2,12,49232,10270,17.700000000000045,0,Medium
8125,18.2197,73.8417,305.6,1.2,1.1,2017-02-16,2103,1,MODIS,65,6.2,291.8,10.6,0,0,2017,2,16,2103,21,3,1,3,38436,8837,13.800000000000011,0,Medium
636590,18.433,73.1044,328.2,1.2,1.1,2024-04-28,457,0,MODIS,60,61.03,308.1,11.6,1,0,2024,4,28,457,4,57,2,3,38436,3037,20.09999999999997,0,Medium
723468,22.8101,78.2413,303.6,1.0,1.0,2025-04-07,2136,1,MODIS,37,61.03,291.5,5.2,0,0,2025,4,7,2136,21,36,2,4,76528,39620,12.100000000000025,0,Low
189047,16.7411,76.4871,334.8,1.1,1.0,2019-03-14,827,1,MODIS,65,6.03,316.2,9.8,1,0,2019,3,14,827,8,27,2,3,38436,7918,18.600000000000023,0,Low
25891,23.223,85.5069,331.2,1.2,1.1,2017-03-30,751,1,MODIS,50,6.2,315.8,11.7,1,0,2017,3,30,751,7,51,2,12,49232,10270,15.399999999999975,0,Medium
565979,14.043,79.4578,310.7,1.0,1.0,2023-04-20,2036,1,MODIS,76,61.03,298.0,7.3,0,0,2023,4,20,2036,20,36,2,14,36148,3614,12.699999999999989,0,Low
512563,15.4769,78.3804,311.1,1.2,1.1,2022-12-04,810,1,MODIS,28,6.03,296.6,4.4,1,0,2022,12,4,810,8,10,1,14,36148,1891,14.5,0,Low
301176,30.8333,74.5923,335.2,1.0,1.0,2020-10-28,818,1,MODIS,86,6.03,303.5,27.8,1,0,2020,10,28,818,8,18,4,0,167610,39610,31.69999999999999,1,Medium
297221,30.3193,74.0465,319.3,1.1,1.0,2020-10-21,811,1,MODIS,70,6.03,299.8,12.0,1,0,2020,10,21,811,8,11,4,0,167610,39610,19.5,0,Medium
25903,21.56,79.4855,333.7,1.3,1.1,2017-03-30,751,1,MODIS,56,6.2,318.6,15.8,1,0,2017,3,30,751,7,51,2,5,47348,12422,15.099999999999966,0,Medium
267911,25.935,92.5474,341.9,1.0,1.0,2020-03-28,715,1,MODIS,90,6.03,300.1,41.3,1,0,2020,3,28,715,7,15,2,8,33148,19990,41.79999999999996,1,High
305119,18.5481,77.8003,315.8,1.0,1.0,2020-11-02,526,0,MODIS,51,6.03,301.6,5.5,1,0,2020,11,2,526,5,26,4,9,27481,2693,14.199999999999989,0,Low
279750,27.2772,95.775,326.7,1.1,1.0,2020-04-15,703,1,MODIS,60,6.03,305.3,14.1,1,0,2020,4,15,703,7,3,2,11,41370,8105,21.399999999999977,0,Medium
732044,19.1432,82.8068,325.6,1.1,1.1,2025-04-24,904,1,MODIS,55,61.03,307.1,13.0,1,0,2025,4,24,904,9,4,2,13,47964,11656,18.5,0,Medium
99584,10.3102,77.5321,321.5,1.0,1.0,2018-03-04,819,1,MODIS,46,6.03,304.6,9.9,1,0,2018,3,4,819,8,19,2,6,13460,3928,16.899999999999977,0,Low
695055,21.6242,72.8126,338.4,1.4,1.2,2025-03-10,913,1,MODIS,82,61.03,315.3,40.0,1,0,2025,3,10,913,9,13,2,10,21095,5604,23.09999999999997,1,High
584085,30.3121,75.5201,313.1,1.1,1.0,2023-11-08,841,1,MODIS,57,61.03,297.7,6.5,1,0,2023,11,8,841,8,41,4,0,167610,73042,15.400000000000034,0,Low
208564,22.8245,78.293,328.2,1.6,1.2,2019-04-18,550,0,MODIS,64,6.03,309.8,15.6,1,0,2019,4,18,550,5,50,2,4,76528,39620,18.399999999999977,0,Medium
517293,19.2423,75.8586,301.1,1.0,1.0,2022-12-28,1658,0,MODIS,38,6.03,290.2,5.0,0,0,2022,12,28,1658,16,58,1,9,27481,2370,10.900000000000034,0,Low
580319,30.2694,75.2867,316.1,1.1,1.1,2023-11-01,844,1,MODIS,64,61.03,298.7,10.5,1,0,2023,11,1,844,8,44,4,0,167610,73042,17.400000000000034,0,Medium
147128,30.3353,78.4254,303.0,1.3,1.1,2018-05-26,1643,0,MODIS,52,6.03,292.5,6.1,0,0,2018,5,26,1643,16,43,2,0,167610,31628,10.5,0,Low
258101,24.1856,93.4045,327.0,1.1,1.0,2020-03-12,714,1,MODIS,79,6.03,296.6,22.7,1,0,2020,3,12,714,7,14,2,2,57778,42248,30.399999999999977,0,Medium
388818,19.2807,81.24,328.4,1.0,1.0,2021-04-08,802,1,MODIS,47,6.03,308.9,11.1,1,0,2021,4,8,802,8,2,2,13,47964,11656,19.5,0,Medium
570029,29.003,76.424,338.1,1.0,1.0,2023-05-11,827,1,MODIS,77,61.03,321.8,13.5,1,0,2023,5,11,827,8,27,2,0,167610,31628,16.30000000000001,0,Medium
382996,24.4446,83.6367,330.8,1.0,1.0,2021-04-03,745,1,MODIS,62,6.03,316.5,9.6,1,0,2021,4,3,745,7,45,2,12,49232,12010,14.300000000000011,0,Low
596815,17.2511,74.0442,308.1,1.1,1.1,2024-01-02,1658,0,MODIS,73,61.03,289.9,10.3,0,0,2024,1,2,1658,16,58,1,3,38436,8477,18.200000000000045,0,Medium
752646,24.3784,81.2129,308.4,1.2,1.1,2025-11-16,932,1,MODIS,59,61.03,296.5,6.7,1,0,2025,11,16,932,9,32,4,5,47348,5930,11.899999999999975,0,Low
177606,17.6579,78.1237,317.8,1.0,1.0,2019-01-23,533,0,MODIS,61,6.03,302.7,6.8,1,0,2019,1,23,533,5,33,1,9,27481,3684,15.100000000000025,0,Low
464291,22.5507,77.7911,304.9,1.9,1.3,2022-03-26,1719,0,MODIS,40,6.03,292.9,13.6,0,0,2022,3,26,1719,17,19,2,4,76528,13167,12.0,0,Medium
87252,19.2206,78.8261,314.3,1.2,1.1,2018-01-27,538,0,MODIS,63,6.03,300.0,9.9,1,0,2018,1,27,538,5,38,1,9,27481,3684,14.300000000000011,0,Low
542550,25.6495,94.7713,312.8,1.1,1.0,2023-03-09,357,0,MODIS,69,61.03,290.7,12.5,1,0,2023,3,9,357,3,57,2,11,41370,18499,22.100000000000023,0,Medium
215647,26.4802,83.9464,317.3,2.7,1.6,2019-04-30,1711,0,MODIS,94,6.03,300.1,52.5,0,0,2019,4,30,1711,17,11,2,12,49232,12010,17.19999999999999,1,High
367497,24.4379,94.0969,346.3,1.1,1.0,2021-03-26,656,1,MODIS,93,6.03,307.4,48.5,1,0,2021,3,26,656,6,56,2,2,57778,42248,38.900000000000034,1,High
445447,13.6755,77.9792,334.2,1.9,1.3,2022-03-03,754,1,MODIS,85,6.03,308.0,53.3,1,0,2022,3,3,754,7,54,2,14,36148,12659,26.19999999999999,1,High
459107,22.1669,92.6206,382.2,1.2,1.1,2022-03-20,700,1,MODIS,100,6.03,308.2,210.5,1,0,2022,3,20,700,7,0,2,2,57778,42248,74.0,1,Extreme
618617,24.3321,94.1915,347.6,2.6,1.6,2024-03-20,700,1,MODIS,94,61.03,295.7,219.6,1,0,2024,3,20,700,7,0,2,2,57778,42248,51.900000000000034,1,Extreme
145801,17.7741,73.2857,331.0,1.2,1.1,2018-05-23,821,1,MODIS,69,6.03,305.0,17.8,1,0,2018,5,23,821,8,21,2,3,38436,1102,26.0,0,Medium
598449,20.7483,84.3158,324.7,1.2,1.1,2024-01-12,441,0,MODIS,81,61.03,295.8,23.0,1,0,2024,1,12,441,4,41,1,1,73921,10736,28.899999999999977,1,Medium
284721,23.6451,77.6258,303.5,2.4,1.5,2020-04-28,1735,0,MODIS,55,6.03,293.4,15.1,0,0,2020,4,28,1735,17,35,2,4,76528,39620,10.100000000000025,0,Medium
552336,25.4232,88.6821,319.4,3.0,1.7,2023-04-04,700,1,MODIS,71,61.03,298.8,38.3,1,0,2023,4,4,700,7,0,2,8,33148,7372,20.59999999999997,0,High
452956,19.4465,74.727,301.2,1.4,1.2,2022-03-14,1655,0,MODIS,39,6.03,290.8,7.4,0,0,2022,3,14,1655,16,55,2,3,38436,7918,10.399999999999975,0,Low
642382,18.0634,78.1227,332.7,1.6,1.2,2024-05-09,826,1,MODIS,64,61.03,308.7,21.6,1,0,2024,5,9,826,8,26,2,9,27481,1637,24.0,0,Medium
365483,25.7792,91.5855,316.5,3.4,1.7,2021-03-25,751,1,MODIS,55,6.03,301.7,38.8,1,0,2021,3,25,751,7,51,2,8,33148,19990,14.800000000000011,0,High
224557,18.4876,74.6272,309.8,1.2,1.1,2019-05-16,1709,0,MODIS,71,6.03,298.8,7.3,0,0,2019,5,16,1709,17,9,2,3,38436,1102,11.0,0,Low
538328,17.7282,82.2449,322.3,1.0,1.0,2023-03-04,803,1,MODIS,21,61.03,305.8,8.7,1,0,2023,3,4,803,8,3,2,13,47964,18871,16.5,0,Low
402278,28.285,77.4689,337.2,1.0,1.0,2021-05-02,540,0,MODIS,81,6.03,310.6,19.1,1,0,2021,5,2,540,5,40,2,0,167610,31628,26.59999999999997,0,Medium
273476,22.9755,72.2274,330.0,1.0,1.0,2020-04-04,550,0,MODIS,66,6.03,313.8,12.1,1,0,2020,4,4,550,5,50,2,10,21095,4258,16.19999999999999,0,Medium
459566,25.3586,93.6569,312.2,1.0,1.0,2022-03-21,426,0,MODIS,57,6.03,301.9,6.7,1,0,2022,3,21,426,4,26,2,11,41370,18499,10.300000000000011,0,Low
469421,18.0665,73.9874,339.4,1.2,1.1,2022-03-31,819,1,MODIS,77,6.03,325.1,20.1,1,0,2022,3,31,819,8,19,2,3,38436,7918,14.299999999999956,0,Medium
771570,17.4568,76.3605,300.6,1.5,1.2,2026-01-24,1603,0,MODIS,31,61.03,289.3,8.2,0,0,2026,1,24,1603,16,3,1,3,38436,8477,11.300000000000011,0,Low
102575,25.3554,94.5261,310.1,1.3,1.1,2018-03-07,715,1,MODIS,23,6.03,298.3,7.3,1,0,2018,3,7,715,7,15,2,11,41370,18499,11.800000000000011,0,Low
175911,17.6833,73.8386,302.3,1.0,1.0,2019-01-13,1727,0,MODIS,48,6.03,289.3,6.1,0,0,2019,1,13,1727,17,27,1,3,38436,8477,13.0,0,Low
194687,22.8484,76.9005,307.3,1.4,1.2,2019-03-24,1652,0,MODIS,60,6.03,294.3,10.2,0,0,2019,3,24,1652,16,52,2,4,76528,13167,13.0,0,Medium
369650,24.1491,84.7835,326.7,1.0,1.0,2021-03-27,739,1,MODIS,53,6.03,312.4,8.3,1,0,2021,3,27,739,7,39,2,12,49232,10270,14.300000000000011,0,Low
241827,30.9603,75.3882,327.5,1.3,1.1,2019-11-06,759,1,MODIS,77,6.03,298.7,25.5,1,0,2019,11,6,759,7,59,4,0,167610,73042,28.80000000000001,0,Medium
279889,23.2837,76.8029,337.0,2.1,1.4,2020-04-15,840,1,MODIS,73,6.03,311.4,46.5,1,0,2020,4,15,840,8,40,2,4,76528,39620,25.600000000000023,0,High
482125,17.976,76.7674,317.0,1.4,1.2,2022-04-27,1718,0,MODIS,94,6.03,297.6,19.7,0,0,2022,4,27,1718,17,18,2,9,27481,3504,19.399999999999977,0,Medium
41728,23.8059,91.9346,343.7,1.0,1.0,2017-04-14,708,1,MODIS,91,6.2,303.3,44.2,1,0,2017,4,14,708,7,8,2,2,57778,10542,40.39999999999998,1,High
404886,30.1901,76.1642,325.7,1.4,1.2,2021-05-12,753,1,MODIS,72,6.03,302.9,16.0,1,0,2021,5,12,753,7,53,2,0,167610,31628,22.80000000000001,0,Medium
22032,21.3284,82.2645,331.8,1.1,1.1,2017-03-23,745,1,MODIS,68,6.2,317.1,12.1,1,0,2017,3,23,745,7,45,2,1,73921,19544,14.699999999999989,0,Medium
156967,30.2152,75.9874,328.8,1.0,1.0,2018-11-01,811,1,MODIS,82,6.03,298.9,18.7,1,0,2018,11,1,811,8,11,4,0,167610,73042,29.900000000000038,0,Medium
188523,24.7857,93.3268,328.9,1.4,1.2,2019-03-14,650,1,MODIS,83,6.03,298.2,37.8,1,0,2019,3,14,650,6,50,2,2,57778,42248,30.69999999999999,1,High
379585,24.0659,82.4549,334.8,1.1,1.0,2021-04-01,757,1,MODIS,73,6.03,319.3,15.2,1,0,2021,4,1,757,7,57,2,5,47348,16741,15.5,0,Medium
651526,21.9206,83.3485,315.5,1.0,1.0,2024-10-05,415,0,MODIS,54,61.03,301.6,6.4,1,2,2024,10,5,415,4,15,4,1,73921,2278,13.899999999999975,0,Low
308216,31.1078,74.8698,327.2,1.1,1.0,2020-11-04,824,1,MODIS,74,6.03,304.2,17.5,1,0,2020,11,4,824,8,24,4,0,167610,73042,23.0,0,Medium
308260,31.0374,74.9696,331.8,1.1,1.0,2020-11-04,824,1,MODIS,84,6.03,302.6,25.3,1,0,2020,11,4,824,8,24,4,0,167610,73042,29.19999999999999,1,Medium
156444,30.3309,76.0159,318.5,3.8,1.8,2018-10-31,729,1,MODIS,77,6.03,300.9,59.4,1,0,2018,10,31,729,7,29,4,0,167610,39610,17.600000000000023,0,High
646940,32.7768,75.0784,328.4,1.9,1.4,2024-05-28,820,1,MODIS,37,61.03,315.7,19.9,1,0,2024,5,28,820,8,20,2,0,167610,31628,12.699999999999989,0,Medium
619158,18.2168,80.3871,329.1,1.2,1.1,2024-03-22,821,1,MODIS,72,61.03,307.9,16.4,1,0,2024,3,22,821,8,21,2,13,47964,18871,21.200000000000045,0,Medium
716221,22.8288,82.5905,324.9,1.7,1.3,2025-03-30,911,1,MODIS,38,61.03,313.2,11.6,1,0,2025,3,30,911,9,11,2,5,47348,12422,11.699999999999989,0,Medium
560777,17.9813,81.9835,326.6,4.1,1.9,2023-04-14,727,1,MODIS,71,61.03,297.6,128.4,1,0,2023,4,14,727,7,27,2,13,47964,11656,29.0,0,Extreme
126611,22.2664,77.2664,330.5,1.0,1.0,2018-04-01,538,0,MODIS,64,6.03,316.9,10.6,1,0,2018,4,1,538,5,38,2,4,76528,39620,13.600000000000025,0,Medium
614326,18.6025,73.2634,328.7,1.4,1.2,2024-03-13,844,1,MODIS,57,61.03,314.7,14.2,1,0,2024,3,13,844,8,44,2,3,38436,7918,14.0,0,Medium
49539,19.6777,80.8714,303.6,1.0,1.0,2017-04-27,2026,1,MODIS,51,6.2,293.2,4.5,0,0,2017,4,27,2026,20,26,2,13,47964,11656,10.400000000000034,0,Low
54030,31.6873,75.2163,333.0,1.5,1.2,2017-05-09,529,0,MODIS,77,6.2,303.6,33.7,1,0,2017,5,9,529,5,29,2,0,167610,31628,29.399999999999977,0,High
417509,30.4034,75.6411,320.5,1.7,1.3,2021-11-05,836,1,MODIS,63,6.03,299.2,22.7,1,0,2021,11,5,836,8,36,4,0,167610,73042,21.30000000000001,0,Medium
296787,33.4176,75.4014,307.0,1.2,1.1,2020-10-19,824,1,MODIS,36,6.03,293.6,7.6,1,0,2020,10,19,824,8,24,4,0,167610,39610,13.399999999999975,0,Low
63735,30.4213,76.4599,315.7,1.4,1.2,2017-10-24,753,1,MODIS,66,6.2,303.4,10.0,1,0,2017,10,24,753,7,53,4,0,167610,39610,12.300000000000011,0,Low
576712,20.9681,85.1799,306.1,1.8,1.3,2023-10-16,1629,0,MODIS,8,61.03,294.8,10.2,0,2,2023,10,16,1629,16,29,4,1,73921,2278,11.300000000000011,0,Medium
689892,17.5558,80.427,307.6,1.0,1.0,2025-03-05,2122,1,MODIS,72,61.03,296.7,7.2,0,0,2025,3,5,2122,21,22,2,13,47964,18871,10.900000000000034,0,Low
178469,16.4579,77.8844,316.5,1.2,1.1,2019-01-30,539,0,MODIS,60,6.03,302.1,9.2,1,0,2019,1,30,539,5,39,1,14,36148,3490,14.399999999999975,0,Low
188431,24.0821,93.7036,317.7,1.4,1.2,2019-03-14,650,1,MODIS,69,6.03,297.5,19.8,1,0,2019,3,14,650,6,50,2,2,57778,42248,20.19999999999999,0,Medium
407909,20.9601,85.1608,315.5,1.8,1.3,2021-09-30,720,1,MODIS,67,6.03,293.2,16.0,1,2,2021,9,30,720,7,20,4,1,73921,1202,22.30000000000001,0,Medium
607685,26.5418,94.72,319.0,1.1,1.0,2024-02-28,720,1,MODIS,77,61.03,294.4,15.5,1,0,2024,2,28,720,7,20,1,11,41370,5791,24.600000000000023,0,Medium
478932,27.2172,83.7437,327.2,1.0,1.0,2022-04-25,456,0,MODIS,47,6.03,312.9,10.7,1,0,2022,4,25,456,4,56,2,7,41741,15320,14.300000000000011,0,Medium
655802,20.9644,85.1679,314.9,1.1,1.1,2024-11-08,401,0,MODIS,57,61.03,300.3,8.6,1,2,2024,11,8,401,4,1,4,1,73921,2885,14.599999999999966,0,Low
421210,30.4107,75.1653,313.1,1.1,1.0,2021-11-07,824,1,MODIS,32,6.03,299.9,5.7,1,0,2021,11,7,824,8,24,4,0,167610,73042,13.200000000000044,0,Low
7643,31.1435,77.5015,329.9,1.1,1.0,2017-02-15,812,1,MODIS,86,6.2,300.9,27.8,1,0,2017,2,15,812,8,12,1,0,167610,2711,29.0,1,Medium
669196,15.9569,75.258,302.6,1.1,1.0,2024-12-22,1617,0,MODIS,50,61.03,292.2,5.2,0,0,2024,12,22,1617,16,17,1,3,38436,5945,10.400000000000034,0,Low
251277,20.9313,81.7055,322.8,1.0,1.0,2020-01-25,756,1,MODIS,75,6.03,302.0,11.4,1,0,2020,1,25,756,7,56,1,1,73921,10736,20.80000000000001,0,Medium
419385,30.51,74.8035,327.8,1.1,1.0,2021-11-07,824,1,MODIS,80,6.03,300.9,19.8,1,0,2021,11,7,824,8,24,4,0,167610,73042,26.900000000000038,0,Medium
333051,22.1378,77.2575,325.0,1.0,1.0,2021-02-10,809,1,MODIS,71,6.03,308.9,13.5,1,0,2021,2,10,809,8,9,1,4,76528,2331,16.100000000000023,0,Medium
337061,28.5163,94.4579,344.7,1.3,1.1,2021-02-24,645,1,MODIS,94,6.03,290.6,75.8,1,0,2021,2,24,645,6,45,1,11,41370,5791,54.099999999999966,1,Extreme
749236,24.7559,81.0497,310.7,1.0,1.0,2025-11-08,919,1,MODIS,62,61.03,299.6,6.0,1,0,2025,11,8,919,9,19,4,5,47348,5930,11.099999999999966,0,Low
473892,23.1463,86.0965,324.9,1.4,1.2,2022-04-17,723,1,MODIS,12,6.03,310.0,11.1,1,0,2022,4,17,723,7,23,2,12,49232,12010,14.899999999999975,0,Medium
79274,21.9197,77.9647,311.4,1.1,1.0,2017-12-12,526,0,MODIS,59,6.2,297.2,6.5,1,0,2017,12,12,526,5,26,1,4,76528,1065,14.199999999999989,0,Low
221101,22.0593,79.5367,305.6,1.0,1.0,2019-05-09,1704,0,MODIS,55,6.03,293.9,5.5,0,0,2019,5,9,1704,17,4,2,5,47348,4086,11.700000000000044,0,Low
470421,22.6206,77.7974,302.8,1.5,1.2,2022-04-04,1713,0,MODIS,44,6.03,291.9,7.5,0,0,2022,4,4,1713,17,13,2,4,76528,39620,10.900000000000034,0,Low
209617,26.7801,83.3225,346.1,3.0,1.6,2019-04-20,709,1,MODIS,87,6.03,304.4,200.7,1,0,2019,4,20,709,7,9,2,7,41741,15320,41.700000000000045,1,Extreme
105632,28.19,94.6475,317.5,1.0,1.0,2018-03-09,704,1,MODIS,77,6.03,296.0,12.0,1,0,2018,3,9,704,7,4,2,11,41370,18499,21.5,0,Medium
570269,23.5524,78.0837,338.7,1.0,1.0,2023-05-12,507,0,MODIS,61,61.03,325.2,12.8,1,0,2023,5,12,507,5,7,2,4,76528,7507,13.5,0,Medium
734415,22.2333,75.5871,330.0,1.0,1.0,2025-04-26,434,0,MODIS,74,61.03,313.0,11.0,1,0,2025,4,26,434,4,34,2,4,76528,39620,17.0,0,Medium
174866,26.2779,91.3883,310.5,1.2,1.1,2019-01-07,702,1,MODIS,54,6.03,298.3,8.0,1,0,2019,1,7,702,7,2,1,8,33148,1715,12.199999999999989,0,Low
238352,30.1153,75.2202,319.6,1.6,1.2,2019-10-31,836,1,MODIS,67,6.03,300.3,19.0,1,0,2019,10,31,836,8,36,4,0,167610,39610,19.30000000000001,0,Medium
525359,22.2162,87.2933,319.1,1.0,1.0,2023-02-06,743,1,MODIS,62,61.03,304.1,8.4,1,0,2023,2,6,743,7,43,1,12,49232,3888,15.0,0,Low
283011,23.4984,77.2741,328.6,1.2,1.1,2020-04-23,1716,0,MODIS,100,6.03,296.1,30.6,0,0,2020,4,23,1716,17,16,2,4,76528,39620,32.5,1,High
9940,17.8712,80.312,328.4,2.8,1.6,2017-02-21,731,1,MODIS,63,6.2,308.6,60.1,1,0,2017,2,21,731,7,31,1,13,47964,5221,19.799999999999955,0,Extreme
250362,21.5172,82.1941,318.3,1.1,1.1,2020-01-16,803,1,MODIS,68,6.03,304.0,8.9,1,0,2020,1,16,803,8,3,1,1,73921,10736,14.300000000000011,0,Low
352846,22.7991,87.2293,320.0,1.0,1.0,2021-03-14,459,0,MODIS,66,6.03,304.1,6.3,1,0,2021,3,14,459,4,59,2,12,49232,10270,15.899999999999975,0,Low
2959,31.8986,75.7262,300.3,1.0,1.0,2017-01-22,547,0,MODIS,34,6.2,288.8,3.6,1,0,2017,1,22,547,5,47,1,0,167610,2724,11.5,0,Low
690941,16.1401,78.5101,317.9,1.0,1.0,2025-03-07,421,0,MODIS,58,61.03,304.8,6.8,1,0,2025,3,7,421,4,21,2,14,36148,12659,13.099999999999966,0,Low
661908,23.2529,79.8178,312.1,1.4,1.2,2024-11-22,833,1,MODIS,11,61.03,299.5,8.3,1,0,2024,11,22,833,8,33,4,5,47348,5930,12.600000000000025,0,Low
91287,29.3228,77.4497,308.3,2.1,1.4,2018-02-16,511,0,MODIS,61,6.03,286.9,19.0,1,0,2018,2,16,511,5,11,1,0,167610,2711,21.400000000000038,0,Medium
324910,20.9762,86.2563,314.6,1.0,1.0,2020-12-30,732,1,MODIS,66,6.03,300.8,6.9,1,0,2020,12,30,732,7,32,1,1,73921,11178,13.800000000000011,0,Low
274210,19.168,80.0603,326.8,1.0,1.0,2020-04-05,803,1,MODIS,43,6.03,309.5,8.5,1,0,2020,4,5,803,8,3,2,13,47964,11656,17.30000000000001,0,Low
576826,22.0825,70.3886,333.8,1.2,1.1,2023-10-18,849,1,MODIS,82,61.03,308.4,26.4,1,0,2023,10,18,849,8,49,4,10,21095,739,25.400000000000038,1,Medium
41479,23.3068,77.562,337.2,1.0,1.0,2017-04-14,537,0,MODIS,66,6.2,323.7,10.7,1,0,2017,4,14,537,5,37,2,4,76528,39620,13.5,0,Medium
487465,31.272,75.0826,342.4,1.1,1.0,2022-05-05,532,0,MODIS,82,6.03,308.9,31.3,1,0,2022,5,5,532,5,32,2,0,167610,31628,33.5,1,High
568758,20.9669,85.1768,328.4,1.0,1.0,2023-05-09,442,0,MODIS,54,61.03,304.7,10.9,1,2,2023,5,9,442,4,42,2,1,73921,4396,23.69999999999999,0,Medium
203784,23.8942,73.2754,332.5,1.1,1.0,2019-04-06,835,1,MODIS,60,6.03,317.7,11.2,1,0,2019,4,6,835,8,35,2,10,21095,4258,14.800000000000011,0,Medium
715478,25.4734,93.3782,323.5,2.6,1.6,2025-03-30,733,1,MODIS,72,61.03,304.3,51.5,1,0,2025,3,30,733,7,33,2,11,41370,18499,19.19999999999999,0,High
344293,17.7824,80.0812,338.0,1.2,1.1,2021-03-05,814,1,MODIS,84,6.03,314.0,28.1,1,0,2021,3,5,814,8,14,2,13,47964,18871,24.0,1,Medium
201962,19.0495,80.4987,329.4,1.0,1.0,2019-04-03,803,1,MODIS,60,6.03,313.1,9.1,1,0,2019,4,3,803,8,3,2,13,47964,11656,16.299999999999955,0,Low
62733,30.1576,74.8908,317.8,1.2,1.1,2017-10-22,805,1,MODIS,62,6.2,304.5,8.7,1,0,2017,10,22,805,8,5,4,0,167610,39610,13.300000000000011,0,Low
257578,24.3546,92.7634,316.2,3.3,1.7,2020-03-11,632,1,MODIS,70,6.03,296.4,53.9,1,0,2020,3,11,632,6,32,2,2,57778,42248,19.80000000000001,0,High
313416,30.7407,75.3654,317.0,2.0,1.4,2020-11-10,747,1,MODIS,35,6.03,303.2,17.2,1,0,2020,11,10,747,7,47,4,0,167610,73042,13.800000000000011,0,Medium
585199,26.1523,83.5909,310.4,1.0,1.0,2023-11-12,809,1,MODIS,40,61.03,299.1,4.7,1,0,2023,11,12,809,8,9,4,12,49232,3375,11.299999999999956,0,Low
625088,18.5245,81.0377,326.9,1.9,1.3,2024-04-05,807,1,MODIS,24,61.03,305.9,23.5,1,0,2024,4,5,807,8,7,2,13,47964,11656,21.0,0,Medium
308520,23.6793,86.0846,317.2,1.1,1.1,2020-11-05,726,1,MODIS,63,6.03,305.7,7.8,1,2,2020,11,5,726,7,26,4,12,49232,3375,11.5,0,Low
591957,16.4389,75.4547,303.4,1.0,1.0,2023-12-06,1641,0,MODIS,55,61.03,290.9,5.6,0,0,2023,12,6,1641,16,41,1,3,38436,5945,12.5,0,Low
424634,22.6543,78.0437,314.9,1.2,1.1,2021-11-11,757,1,MODIS,65,6.03,303.1,7.6,1,0,2021,11,11,757,7,57,4,4,76528,9210,11.799999999999956,0,Low
127464,23.7261,86.4431,311.9,1.0,1.0,2018-04-02,2000,1,MODIS,84,6.03,293.3,10.8,0,2,2018,4,2,2000,20,0,2,12,49232,12010,18.59999999999997,0,Medium
291304,27.4938,71.79,337.2,1.3,1.1,2020-05-21,817,1,MODIS,75,6.03,322.7,12.3,1,0,2020,5,21,817,8,17,2,0,167610,31628,14.5,0,Medium
127616,19.7197,79.5288,334.8,1.0,1.0,2018-04-03,527,0,MODIS,76,6.03,309.4,18.5,1,0,2018,4,3,527,5,27,2,13,47964,11656,25.400000000000038,0,Medium
641829,30.3074,79.3266,323.8,1.3,1.1,2024-05-07,845,1,MODIS,68,61.03,305.6,14.0,1,0,2024,5,7,845,8,45,2,7,41741,6465,18.19999999999999,0,Medium
695321,21.3726,70.637,321.4,1.8,1.3,2025-03-11,520,0,MODIS,61,61.03,307.5,16.9,1,0,2025,3,11,520,5,20,2,10,21095,5604,13.899999999999975,0,Medium
247182,15.825,75.0478,316.8,1.0,1.0,2019-12-08,1720,0,MODIS,94,6.03,291.6,14.4,0,0,2019,12,8,1720,17,20,1,3,38436,5945,25.19999999999999,0,Medium
13682,15.138,74.6232,358.0,1.1,1.0,2017-03-01,820,1,MODIS,98,6.2,313.1,77.2,1,0,2017,3,1,820,8,20,2,3,38436,7918,44.89999999999998,1,Extreme
301473,33.52,75.7959,302.2,1.0,1.0,2020-10-29,547,0,MODIS,47,6.03,288.8,4.9,1,0,2020,10,29,547,5,47,4,0,167610,39610,13.399999999999975,0,Low
534097,15.059,76.8322,329.5,1.4,1.2,2023-02-26,843,1,MODIS,53,61.03,316.4,12.7,1,0,2023,2,26,843,8,43,1,14,36148,10539,13.100000000000025,0,Medium
577772,31.4027,75.2093,313.9,1.3,1.1,2023-10-25,848,1,MODIS,54,61.03,300.6,8.9,1,0,2023,10,25,848,8,48,4,0,167610,39610,13.299999999999956,0,Low
101366,12.3745,75.9378,327.5,1.5,1.2,2018-03-06,807,1,MODIS,49,6.03,312.2,20.8,1,0,2018,3,6,807,8,7,2,6,13460,3928,15.300000000000011,0,Medium
751368,26.9847,82.3524,304.2,1.0,1.0,2025-11-13,355,0,MODIS,52,61.03,294.1,3.7,1,0,2025,11,13,355,3,55,4,7,41741,5012,10.099999999999966,0,Low
18912,19.4393,83.2257,325.2,1.3,1.1,2017-03-16,738,1,MODIS,67,6.2,307.9,14.8,1,0,2017,3,16,738,7,38,2,1,73921,19544,17.30000000000001,0,Medium
649503,32.3621,75.964,310.2,1.0,1.0,2024-06-14,1624,0,MODIS,79,61.03,299.0,5.7,0,0,2024,6,14,1624,16,24,3,0,167610,3042,11.199999999999989,0,Low
100942,19.8895,84.4044,318.5,1.0,1.0,2018-03-06,501,0,MODIS,61,6.03,300.5,7.5,1,0,2018,3,6,501,5,1,2,1,73921,19544,18.0,0,Low
665406,22.1442,80.8941,306.8,2.2,1.4,2024-12-09,821,1,MODIS,49,61.03,294.4,17.3,1,0,2024,12,9,821,8,21,1,5,47348,2981,12.400000000000034,0,Medium
557071,23.174,92.3435,328.0,1.8,1.3,2023-04-11,700,1,MODIS,56,61.03,300.7,39.9,1,0,2023,4,11,700,7,0,2,2,57778,10542,27.30000000000001,0,High
152546,30.3313,74.8608,323.1,1.0,1.0,2018-10-23,818,1,MODIS,75,6.03,301.9,14.0,1,0,2018,10,23,818,8,18,4,0,167610,39610,21.200000000000045,0,Medium
146170,17.125,80.0857,310.4,1.1,1.1,2018-05-24,1651,0,MODIS,74,6.03,297.0,6.2,0,0,2018,5,24,1651,16,51,2,13,47964,4838,13.399999999999975,0,Low
405203,31.0254,76.0007,331.1,1.1,1.0,2021-05-16,552,0,MODIS,63,6.03,313.0,9.4,1,0,2021,5,16,552,5,52,2,0,167610,31628,18.100000000000023,0,Low
224286,13.2397,74.9247,324.6,1.2,1.1,2019-05-15,838,1,MODIS,65,6.03,302.4,9.6,1,0,2019,5,15,838,8,38,2,14,36148,1092,22.200000000000045,0,Low
124115,22.9914,77.7151,341.1,1.0,1.0,2018-03-29,816,1,MODIS,81,6.03,321.9,20.4,1,0,2018,3,29,816,8,16,2,4,76528,13167,19.200000000000045,1,Medium
558593,24.1659,93.0442,322.4,1.8,1.3,2023-04-12,742,1,MODIS,57,61.03,304.7,25.2,1,0,2023,4,12,742,7,42,2,2,57778,10542,17.69999999999999,0,Medium
362813,22.8761,93.1524,336.9,4.4,1.9,2021-03-23,625,1,MODIS,86,6.03,293.8,272.6,1,0,2021,3,23,625,6,25,2,2,57778,42248,43.099999999999966,1,Extreme
477914,29.9888,74.8269,332.5,1.2,1.1,2022-04-24,551,0,MODIS,73,6.03,313.3,14.8,1,0,2022,4,24,551,5,51,2,0,167610,7906,19.19999999999999,0,Medium
30663,23.2478,80.2695,343.4,1.1,1.1,2017-04-04,810,1,MODIS,85,6.2,321.5,27.2,1,0,2017,4,4,810,8,10,2,5,47348,16741,21.899999999999977,1,Medium
274228,19.9519,83.4427,329.8,1.3,1.1,2020-04-05,803,1,MODIS,75,6.03,306.6,20.5,1,0,2020,4,5,803,8,3,2,1,73921,9197,23.19999999999999,0,Medium
239642,31.0049,75.8031,313.3,1.0,1.0,2019-11-04,811,1,MODIS,54,6.03,300.9,5.6,1,0,2019,11,4,811,8,11,4,0,167610,73042,12.400000000000034,0,Low
218156,23.8795,81.8401,338.8,1.6,1.3,2019-05-06,537,0,MODIS,82,6.03,315.1,51.7,1,0,2019,5,6,537,5,37,2,5,47348,4086,23.69999999999999,1,High
415123,30.6496,76.2796,310.7,1.0,1.0,2021-11-02,806,1,MODIS,56,6.03,298.0,4.6,1,2,2021,11,2,806,8,6,4,0,167610,73042,12.699999999999989,0,Low
46601,22.4194,80.1953,339.7,1.1,1.1,2017-04-20,809,1,MODIS,77,6.2,319.8,18.6,1,0,2017,4,20,809,8,9,2,5,47348,16741,19.899999999999977,0,Medium
24989,21.833,76.3223,340.8,1.3,1.1,2017-03-28,804,1,MODIS,81,6.2,324.2,22.3,1,0,2017,3,28,804,8,4,2,4,76528,13167,16.600000000000023,1,Medium
292393,20.7737,81.8045,331.0,1.0,1.0,2020-05-28,513,0,MODIS,41,6.03,312.6,7.1,1,0,2020,5,28,513,5,13,2,1,73921,4396,18.399999999999977,0,Low
147928,33.2813,74.3671,324.3,1.0,1.0,2018-05-29,1714,0,MODIS,100,6.03,295.6,20.6,0,0,2018,5,29,1714,17,14,2,0,167610,31628,28.69999999999999,1,Medium
186016,17.1701,74.0031,305.7,2.2,1.4,2019-03-08,2116,1,MODIS,65,6.03,291.6,23.3,0,0,2019,3,8,2116,21,16,2,3,38436,7918,14.099999999999966,0,Medium
673113,26.8588,95.4003,315.1,1.4,1.2,2025-01-14,733,1,MODIS,75,61.03,290.6,20.7,1,0,2025,1,14,733,7,33,1,11,41370,4936,24.5,0,Medium
251143,19.8199,75.2298,315.0,1.0,1.0,2020-01-24,544,0,MODIS,54,6.03,300.2,6.0,1,0,2020,1,24,544,5,44,1,9,27481,3684,14.800000000000011,0,Low
69926,23.7719,86.3885,326.5,1.0,1.0,2017-11-04,732,1,MODIS,78,6.2,304.5,14.8,1,2,2017,11,4,732,7,32,4,12,49232,3375,22.0,0,Medium
386035,25.8266,92.3266,331.4,1.8,1.3,2021-04-05,733,1,MODIS,57,6.03,299.3,50.5,1,0,2021,4,5,733,7,33,2,8,33148,7372,32.099999999999966,0,High
87914,21.8864,84.2269,319.1,1.1,1.0,2018-01-30,739,1,MODIS,49,6.03,305.9,7.2,1,0,2018,1,30,739,7,39,1,1,73921,10736,13.200000000000044,0,Low
613946,23.5843,92.6653,387.8,2.6,1.6,2024-03-13,707,1,MODIS,100,61.03,297.8,736.9,1,0,2024,3,13,707,7,7,2,2,57778,42248,90.0,1,Extreme
47603,25.8873,78.1036,331.0,1.0,1.0,2017-04-23,531,0,MODIS,61,6.2,314.0,8.2,1,0,2017,4,23,531,5,31,2,4,76528,39620,17.0,0,Low
347543,21.557,78.6968,364.4,1.0,1.0,2021-03-07,803,1,MODIS,100,6.03,318.9,83.2,1,0,2021,3,7,803,8,3,2,5,47348,12422,45.5,1,Extreme
295288,30.596,74.8106,326.6,1.0,1.0,2020-10-13,548,0,MODIS,79,6.03,305.8,16.2,1,2,2020,10,13,548,5,48,4,0,167610,39610,20.80000000000001,0,Medium
284862,24.4691,77.4283,335.4,1.1,1.0,2020-04-29,543,0,MODIS,69,6.03,314.4,11.7,1,0,2020,4,29,543,5,43,2,4,76528,39620,21.0,0,Medium
219637,25.923,78.6877,337.1,1.1,1.0,2019-05-08,525,0,MODIS,74,6.03,317.1,15.6,1,0,2019,5,8,525,5,25,2,4,76528,7507,20.0,0,Medium
316839,23.2906,79.8176,324.1,1.0,1.0,2020-11-18,525,0,MODIS,75,6.03,303.4,10.5,1,0,2020,11,18,525,5,25,4,5,47348,5930,20.700000000000045,0,Medium
351175,22.4923,92.8677,402.3,2.2,1.4,2021-03-12,643,1,MODIS,100,6.03,306.8,805.5,1,0,2021,3,12,643,6,43,2,2,57778,42248,95.5,1,Extreme
125864,23.9325,81.0893,335.0,1.1,1.0,2018-03-31,804,1,MODIS,65,6.03,319.6,12.8,1,0,2018,3,31,804,8,4,2,5,47348,12422,15.399999999999975,0,Medium
27465,22.9699,92.6503,335.2,1.3,1.1,2017-03-31,656,1,MODIS,83,6.2,291.3,45.7,1,0,2017,3,31,656,6,56,2,2,57778,42248,43.89999999999998,1,High
613954,23.7524,93.122,311.9,2.4,1.5,2024-03-13,707,1,MODIS,31,61.03,293.0,23.7,1,0,2024,3,13,707,7,7,2,2,57778,42248,18.899999999999977,0,Medium
482380,29.8953,75.1919,336.9,1.2,1.1,2022-04-28,526,0,MODIS,74,6.03,318.8,17.7,1,0,2022,4,28,526,5,26,2,0,167610,7906,18.09999999999997,0,Medium
516635,21.0719,81.6162,316.0,2.0,1.4,2022-12-24,739,1,MODIS,63,6.03,304.5,16.4,1,0,2022,12,24,739,7,39,1,1,73921,11178,11.5,0,Medium
79237,23.7681,86.3968,305.6,1.0,1.0,2017-12-11,2000,1,MODIS,39,6.2,294.8,7.1,0,2,2017,12,11,2000,20,0,1,12,49232,8420,10.800000000000011,0,Low
170561,21.9854,81.3621,313.3,1.0,1.0,2018-12-08,519,0,MODIS,67,6.03,296.6,8.2,1,0,2018,12,8,519,5,19,1,5,47348,2981,16.69999999999999,0,Low
518617,31.0609,77.8319,303.2,1.2,1.1,2023-01-05,801,1,MODIS,41,61.03,291.3,7.1,1,0,2023,1,5,801,8,1,1,0,167610,2724,11.899999999999975,0,Low
46889,22.9881,75.9906,333.1,1.0,1.0,2017-04-21,544,0,MODIS,65,6.2,315.8,12.2,1,0,2017,4,21,544,5,44,2,4,76528,39620,17.30000000000001,0,Medium
712982,16.013,74.7373,329.3,1.0,1.0,2025-03-28,929,1,MODIS,60,61.03,314.8,9.8,1,0,2025,3,28,929,9,29,2,3,38436,7918,14.5,0,Low
82664,21.9438,84.2857,312.8,2.0,1.4,2018-01-01,809,1,MODIS,62,6.03,299.8,17.1,1,0,2018,1,1,809,8,9,1,1,73921,10736,13.0,0,Medium
734614,25.0818,84.1793,353.1,1.0,1.0,2025-04-26,845,1,MODIS,96,61.03,319.5,47.5,1,0,2025,4,26,845,8,45,2,12,49232,12010,33.60000000000002,1,High
703314,14.705,75.4808,332.6,1.1,1.0,2025-03-18,930,1,MODIS,72,61.03,313.4,11.6,1,0,2025,3,18,930,9,30,2,14,36148,12659,19.200000000000045,0,Medium
655025,23.4607,79.9823,319.4,1.0,1.0,2024-11-05,844,1,MODIS,70,61.03,302.1,10.3,1,0,2024,11,5,844,8,44,4,5,47348,5930,17.299999999999955,0,Medium
616053,21.4164,83.9479,320.7,1.3,1.1,2024-03-15,828,1,MODIS,52,61.03,308.2,12.0,1,0,2024,3,15,828,8,28,2,1,73921,19544,12.5,0,Medium
170091,20.7929,85.2579,313.2,1.0,1.0,2018-12-03,501,0,MODIS,67,6.03,298.2,7.3,1,2,2018,12,3,501,5,1,1,1,73921,11178,15.0,0,Low
288561,25.4575,75.7578,341.1,1.5,1.2,2020-05-10,525,0,MODIS,81,6.03,318.1,29.7,1,0,2020,5,10,525,5,25,2,4,76528,7507,23.0,1,Medium
730864,23.7506,77.5099,304.1,1.2,1.1,2025-04-22,2132,1,MODIS,59,61.03,291.4,7.6,0,0,2025,4,22,2132,21,32,2,4,76528,39620,12.700000000000044,0,Low
493876,21.9209,83.3577,315.9,1.6,1.2,2022-09-02,734,1,MODIS,22,6.03,297.0,12.0,1,2,2022,9,2,734,7,34,4,1,73921,1202,18.899999999999977,0,Medium
209266,29.1518,79.8851,321.9,1.1,1.0,2019-04-20,536,0,MODIS,72,6.03,298.5,14.9,1,0,2019,4,20,536,5,36,2,7,41741,15320,23.399999999999977,0,Medium
343417,19.8075,84.4947,318.2,1.0,1.0,2021-03-05,506,0,MODIS,54,6.03,307.7,5.7,1,0,2021,3,5,506,5,6,2,1,73921,19544,10.5,0,Low
444458,14.261,77.8149,334.7,1.0,1.0,2022-02-27,819,1,MODIS,68,6.03,312.9,17.1,1,0,2022,2,27,819,8,19,1,14,36148,10539,21.80000000000001,0,Medium
281782,25.0549,83.891,324.9,3.0,1.7,2020-04-19,1603,0,MODIS,100,6.03,288.8,111.5,0,0,2020,4,19,1603,16,3,2,12,49232,12010,36.099999999999966,1,Extreme
742875,21.7095,82.6211,321.6,1.0,1.0,2025-06-04,402,0,MODIS,52,61.03,301.0,6.4,1,0,2025,6,4,402,4,2,3,1,73921,1828,20.600000000000023,0,Low
574618,23.6898,86.3979,308.7,1.0,1.0,2023-07-08,2014,1,MODIS,69,61.03,293.3,5.9,0,2,2023,7,8,2014,20,14,3,12,49232,603,15.399999999999975,0,Low
728548,23.983,77.6085,337.7,1.0,1.0,2025-04-19,907,1,MODIS,33,61.03,320.9,12.6,1,0,2025,4,19,907,9,7,2,4,76528,39620,16.80000000000001,0,Medium
480120,25.181,94.4791,311.2,1.4,1.2,2022-04-26,401,0,MODIS,32,6.03,298.2,6.5,1,0,2022,4,26,401,4,1,2,11,41370,8105,13.0,0,Low
171590,25.2075,84.0743,308.1,1.0,1.0,2018-12-16,739,1,MODIS,28,6.03,297.6,3.5,1,0,2018,12,16,739,7,39,1,12,49232,8420,10.5,0,Low
668521,26.0345,85.7349,313.3,1.0,1.0,2024-12-19,825,1,MODIS,66,61.03,297.6,8.0,1,0,2024,12,19,825,8,25,1,12,49232,8420,15.699999999999989,0,Low
743565,27.4099,75.8322,315.2,1.5,1.2,2025-06-21,903,1,MODIS,28,61.03,294.5,16.7,1,0,2025,6,21,903,9,3,3,0,167610,3042,20.69999999999999,0,Medium
624424,23.3271,92.4051,314.9,1.3,1.1,2024-04-04,727,1,MODIS,61,61.03,299.8,8.4,1,0,2024,4,4,727,7,27,2,2,57778,10542,15.099999999999966,0,Low
438000,22.3203,72.4457,310.0,1.1,1.1,2022-01-18,555,0,MODIS,36,6.03,298.3,5.3,1,0,2022,1,18,555,5,55,1,10,21095,2544,11.699999999999989,0,Low
586839,30.0186,75.8782,320.6,1.0,1.0,2023-11-15,837,1,MODIS,72,61.03,304.5,9.6,1,0,2023,11,15,837,8,37,4,0,167610,73042,16.100000000000023,0,Low
459908,24.0782,92.4774,346.2,2.6,1.6,2022-03-21,744,1,MODIS,93,6.03,304.5,184.8,1,0,2022,3,21,744,7,44,2,2,57778,42248,41.69999999999999,1,Extreme
278914,18.8156,80.6038,334.0,1.0,1.0,2020-04-14,756,1,MODIS,76,6.03,312.4,19.9,1,0,2020,4,14,756,7,56,2,13,47964,11656,21.600000000000023,0,Medium
199252,25.435,93.0493,315.4,3.4,1.7,2019-03-29,746,1,MODIS,65,6.03,296.9,40.4,1,0,2019,3,29,746,7,46,2,8,33148,19990,18.5,0,High
163126,30.5015,74.5595,346.4,1.0,1.0,2018-11-08,818,1,MODIS,93,6.03,302.0,47.5,1,0,2018,11,8,818,8,18,4,0,167610,73042,44.39999999999998,1,High
693123,16.1068,79.1357,327.1,2.1,1.4,2025-03-08,931,1,MODIS,69,61.03,310.9,35.9,1,0,2025,3,8,931,9,31,2,14,36148,12659,16.200000000000045,0,High
423616,30.9487,75.351,314.7,1.0,1.0,2021-11-09,812,1,MODIS,59,6.03,303.2,5.3,1,0,2021,11,9,812,8,12,4,0,167610,73042,11.5,0,Low
451604,17.5,73.3121,304.4,1.2,1.1,2022-03-13,2044,1,MODIS,60,6.03,292.0,7.2,0,0,2022,3,13,2044,20,44,2,3,38436,7918,12.399999999999975,0,Low
134091,21.783,78.7278,307.1,1.0,1.0,2018-04-21,2032,1,MODIS,70,6.03,296.1,6.0,0,0,2018,4,21,2032,20,32,2,5,47348,16741,11.0,0,Low
6930,12.3747,79.362,322.3,1.0,1.0,2017-02-13,516,0,MODIS,70,6.2,303.7,9.0,1,0,2017,2,13,516,5,16,1,6,13460,3893,18.600000000000023,0,Low
647695,19.3287,80.9082,328.5,1.1,1.0,2024-05-31,840,1,MODIS,44,61.03,308.8,11.9,1,0,2024,5,31,840,8,40,2,13,47964,4838,19.69999999999999,0,Medium
594792,20.7827,81.2443,323.8,1.5,1.2,2023-12-23,839,1,MODIS,79,61.03,299.8,27.2,1,0,2023,12,23,839,8,39,1,13,47964,2559,24.0,0,Medium
334507,17.8119,75.6829,316.4,1.5,1.2,2021-02-15,520,0,MODIS,48,6.03,302.2,9.3,1,0,2021,2,15,520,5,20,1,3,38436,8837,14.199999999999989,0,Low
207286,25.8379,82.9176,344.7,1.0,1.0,2019-04-14,746,1,MODIS,87,6.03,314.7,31.2,1,0,2019,4,14,746,7,46,2,7,41741,15320,30.0,1,High
201437,31.4523,75.2477,316.7,1.0,1.0,2019-04-02,548,0,MODIS,37,6.03,305.8,6.7,1,0,2019,4,2,548,5,48,2,0,167610,7906,10.899999999999975,0,Low
212917,23.6786,77.7547,364.2,1.0,1.0,2019-04-26,810,1,MODIS,100,6.03,324.1,67.2,1,0,2019,4,26,810,8,10,2,4,76528,39620,40.099999999999966,1,Extreme
418638,29.7037,75.3963,321.9,1.5,1.2,2021-11-06,601,0,MODIS,77,6.03,296.4,27.4,1,0,2021,11,6,601,6,1,4,0,167610,73042,25.5,0,Medium
318659,30.5883,74.5669,314.3,1.2,1.1,2020-11-27,830,1,MODIS,66,6.03,301.4,8.5,1,0,2020,11,27,830,8,30,4,0,167610,73042,12.900000000000034,0,Low
573292,23.6875,69.4355,336.8,1.2,1.1,2023-06-02,906,1,MODIS,79,61.03,310.5,16.5,1,0,2023,6,2,906,9,6,3,10,21095,534,26.30000000000001,0,Medium
93811,26.6829,94.6199,309.3,4.5,2.0,2018-02-22,746,1,MODIS,47,6.03,291.4,55.0,1,0,2018,2,22,746,7,46,1,11,41370,5791,17.900000000000034,0,High
158814,30.9313,74.9014,320.6,2.0,1.4,2018-11-04,842,1,MODIS,69,6.03,293.8,36.4,1,0,2018,11,4,842,8,42,4,0,167610,73042,26.80000000000001,0,High
625932,25.5163,92.9753,320.9,2.0,1.4,2024-04-06,712,1,MODIS,47,61.03,301.4,22.4,1,0,2024,4,6,712,7,12,2,8,33148,7372,19.5,0,Medium
375870,24.4177,73.6617,331.5,1.4,1.2,2021-03-30,810,1,MODIS,61,6.03,320.4,14.6,1,0,2021,3,30,810,8,10,2,10,21095,5604,11.100000000000025,0,Medium
112283,25.2589,91.549,310.8,1.2,1.1,2018-03-19,429,0,MODIS,53,6.03,298.9,6.6,1,0,2018,3,19,429,4,29,2,8,33148,19990,11.900000000000034,0,Low
18279,20.7613,80.3017,322.9,1.2,1.1,2017-03-14,751,1,MODIS,54,6.2,306.7,13.4,1,0,2017,3,14,751,7,51,2,13,47964,18871,16.19999999999999,0,Medium
536290,22.5606,93.0986,301.1,1.3,1.1,2023-03-01,1557,0,MODIS,37,61.03,290.2,7.4,0,0,2023,3,1,1557,15,57,2,2,57778,42248,10.900000000000034,0,Low
47028,23.538,77.7078,307.3,2.0,1.4,2017-04-21,1640,0,MODIS,61,6.2,297.2,13.3,0,0,2017,4,21,1640,16,40,2,4,76528,39620,10.100000000000025,0,Medium
415048,30.5546,75.7878,319.0,1.1,1.0,2021-11-02,806,1,MODIS,35,6.03,297.9,10.7,1,0,2021,11,2,806,8,6,4,0,167610,73042,21.100000000000023,0,Medium
32390,19.7957,83.8896,340.1,1.0,1.0,2017-04-08,744,1,MODIS,85,6.2,308.0,28.9,1,0,2017,4,8,744,7,44,2,1,73921,9197,32.10000000000002,1,Medium
443657,26.7762,95.0377,309.7,1.1,1.1,2022-02-23,709,1,MODIS,64,6.03,293.1,8.1,1,0,2022,2,23,709,7,9,1,11,41370,5791,16.599999999999966,0,Low
438673,26.5741,92.2983,322.6,2.4,1.5,2022-01-25,740,1,MODIS,80,6.03,292.2,57.4,1,0,2022,1,25,740,7,40,1,8,33148,1715,30.400000000000038,0,High
229557,17.7263,81.7333,320.3,1.1,1.0,2019-06-08,750,1,MODIS,51,6.03,294.6,12.1,1,0,2019,6,8,750,7,50,3,13,47964,892,25.69999999999999,0,Medium
723643,22.1472,79.3206,332.1,1.3,1.1,2025-04-08,410,0,MODIS,78,61.03,310.9,20.6,1,0,2025,4,8,410,4,10,2,5,47348,16741,21.200000000000045,0,Medium
457705,24.8367,93.5367,320.7,1.1,1.0,2022-03-18,713,1,MODIS,61,6.03,302.6,11.8,1,0,2022,3,18,713,7,13,2,2,57778,42248,18.09999999999997,0,Medium
197711,23.7774,86.397,318.3,1.0,1.0,2019-03-27,2006,1,MODIS,96,6.03,299.5,14.9,0,2,2019,3,27,2006,20,6,2,12,49232,10270,18.80000000000001,0,Medium
583972,30.0801,74.6354,324.7,1.0,1.0,2023-11-08,841,1,MODIS,78,61.03,297.8,17.3,1,0,2023,11,8,841,8,41,4,0,167610,73042,26.899999999999977,0,Medium
583558,27.6941,96.1874,310.5,1.2,1.1,2023-11-08,701,1,MODIS,69,61.03,296.6,8.5,1,0,2023,11,8,701,7,1,4,11,41370,506,13.899999999999975,0,Low
275965,17.9639,73.5649,335.5,1.0,1.0,2020-04-08,833,1,MODIS,59,6.03,318.6,14.6,1,0,2020,4,8,833,8,33,2,3,38436,3037,16.899999999999977,0,Medium
341642,14.1035,77.6269,322.6,1.1,1.0,2021-03-03,520,0,MODIS,53,6.03,309.1,5.9,1,0,2021,3,3,520,5,20,2,14,36148,12659,13.5,0,Low
724761,26.9589,82.8846,310.4,1.0,1.0,2025-04-09,1544,0,MODIS,77,61.03,294.9,7.2,0,0,2025,4,9,1544,15,44,2,7,41741,15320,15.5,0,Low
654278,22.5871,77.568,323.7,1.0,1.0,2024-11-03,902,1,MODIS,74,61.03,304.6,12.5,1,0,2024,11,3,902,9,2,4,4,76528,9210,19.09999999999997,0,Medium
658589,23.7578,86.4,309.8,1.0,1.0,2024-11-14,1538,0,MODIS,33,61.03,296.4,7.9,0,2,2024,11,14,1538,15,38,4,12,49232,3375,13.400000000000034,0,Low
769617,18.6655,74.6432,306.2,1.5,1.2,2026-01-18,433,0,MODIS,48,61.03,295.2,7.3,1,0,2026,1,18,433,4,33,1,3,38436,8477,11.0,0,Low
391695,27.3411,83.4564,301.1,2.0,1.4,2021-04-12,1703,0,MODIS,16,6.03,290.8,10.9,0,0,2021,4,12,1703,17,3,2,7,41741,15320,10.300000000000011,0,Medium
61752,30.6616,75.2545,322.7,1.0,1.0,2017-10-20,817,1,MODIS,73,6.2,302.6,14.5,1,0,2017,10,20,817,8,17,4,0,167610,39610,20.09999999999997,0,Medium
628450,17.6216,81.5086,328.1,1.3,1.1,2024-04-10,816,1,MODIS,51,61.03,305.1,16.6,1,0,2024,4,10,816,8,16,2,13,47964,11656,23.0,0,Medium
551462,20.0237,78.5924,334.0,1.1,1.0,2023-04-01,458,0,MODIS,76,61.03,310.8,15.2,1,0,2023,4,1,458,4,58,2,9,27481,3504,23.19999999999999,0,Medium
753318,19.1072,77.1199,305.3,1.3,1.1,2025-11-18,357,0,MODIS,44,61.03,295.3,5.2,1,0,2025,11,18,357,3,57,4,9,27481,2693,10.0,0,Low
522041,29.2633,77.399,304.8,1.6,1.2,2023-01-22,835,1,MODIS,58,61.03,293.3,7.5,1,0,2023,1,22,835,8,35,1,0,167610,2724,11.5,0,Low
431948,23.3398,79.7395,317.0,1.1,1.0,2021-11-25,810,1,MODIS,57,6.03,304.9,8.5,1,0,2021,11,25,810,8,10,4,5,47348,5930,12.100000000000025,0,Low
373424,22.5996,77.4987,319.0,1.3,1.1,2021-03-29,1650,0,MODIS,98,6.03,293.5,23.1,0,0,2021,3,29,1650,16,50,2,4,76528,13167,25.5,1,Medium
41796,25.2535,93.2004,316.8,1.0,1.0,2017-04-14,708,1,MODIS,37,6.2,302.7,5.3,1,0,2017,4,14,708,7,8,2,8,33148,7372,14.100000000000025,0,Low
671474,10.0234,76.3757,318.1,2.6,1.6,2025-01-05,944,1,MODIS,73,61.03,301.0,32.6,1,0,2025,1,5,944,9,44,1,6,13460,1313,17.100000000000023,0,High
222045,29.5939,76.6714,332.3,1.2,1.1,2019-05-11,554,0,MODIS,78,6.03,311.3,15.9,1,0,2019,5,11,554,5,54,2,0,167610,31628,21.0,0,Medium
662063,26.2433,78.3443,309.1,1.5,1.2,2024-11-22,834,1,MODIS,50,61.03,299.0,7.0,1,0,2024,11,22,834,8,34,4,4,76528,9210,10.100000000000025,0,Low
693570,15.7922,78.8965,322.9,1.7,1.3,2025-03-09,403,0,MODIS,71,61.03,301.8,27.9,1,0,2025,3,9,403,4,3,2,14,36148,12659,21.09999999999997,0,Medium
765325,17.7755,75.2301,309.0,1.2,1.1,2025-12-30,1605,0,MODIS,76,61.03,286.4,14.0,0,0,2025,12,30,1605,16,5,1,3,38436,5945,22.600000000000023,0,Medium
10460,17.956,80.8023,309.8,1.0,1.0,2017-02-22,2026,1,MODIS,78,6.2,299.6,8.2,0,0,2017,2,22,2026,20,26,1,13,47964,5221,10.199999999999989,0,Low
313824,18.8387,78.0558,318.6,1.4,1.2,2020-11-11,827,1,MODIS,35,6.03,306.4,9.7,1,0,2020,11,11,827,8,27,4,9,27481,2693,12.200000000000044,0,Low
764576,25.1952,83.6088,307.2,1.5,1.2,2025-12-26,856,1,MODIS,64,61.03,293.2,10.9,1,0,2025,12,26,856,8,56,1,12,49232,8420,14.0,0,Medium
701065,17.6527,82.1061,317.4,4.4,1.9,2025-03-16,813,1,MODIS,68,61.03,303.6,52.6,1,0,2025,3,16,813,8,13,2,13,47964,18871,13.799999999999956,0,High
212501,27.3556,83.5097,309.8,1.3,1.1,2019-04-25,1653,0,MODIS,78,6.03,295.5,9.7,0,0,2019,4,25,1653,16,53,2,7,41741,15320,14.300000000000011,0,Low
662963,25.9419,78.0678,316.7,1.0,1.0,2024-11-25,855,1,MODIS,67,61.03,300.5,8.1,1,0,2024,11,25,855,8,55,4,4,76528,9210,16.19999999999999,0,Low
29955,22.0188,92.5736,365.9,1.3,1.1,2017-04-03,726,1,MODIS,100,6.2,301.5,146.2,1,0,2017,4,3,726,7,26,2,2,57778,10542,64.39999999999998,1,Extreme
538518,20.3293,82.3866,325.9,1.0,1.0,2023-03-04,804,1,MODIS,38,61.03,310.6,10.4,1,0,2023,3,4,804,8,4,2,1,73921,19544,15.299999999999956,0,Medium
138339,21.9042,76.6495,339.9,1.0,1.0,2018-04-30,816,1,MODIS,80,6.03,318.0,14.4,1,0,2018,4,30,816,8,16,2,4,76528,39620,21.899999999999977,0,Medium
239442,30.6833,75.9381,315.6,1.0,1.0,2019-11-04,811,1,MODIS,50,6.03,301.8,5.8,1,0,2019,11,4,811,8,11,4,0,167610,73042,13.800000000000011,0,Low
765812,18.6067,77.2517,310.4,1.6,1.2,2026-01-03,1526,0,MODIS,80,61.03,289.9,20.9,0,0,2026,1,3,1526,15,26,1,9,27481,3684,20.5,0,Medium
78102,28.3285,79.9102,308.0,1.0,1.0,2017-12-03,530,0,MODIS,66,6.2,295.5,5.5,1,0,2017,12,3,530,5,30,1,7,41741,2618,12.5,0,Low
1651,9.5227,77.1111,312.8,1.9,1.4,2017-01-14,504,0,MODIS,54,6.2,293.1,22.9,1,0,2017,1,14,504,5,4,1,6,13460,1313,19.69999999999999,0,Medium
547495,25.045,93.3821,383.2,1.6,1.2,2023-03-14,657,1,MODIS,100,61.03,300.8,315.1,1,0,2023,3,14,657,6,57,2,2,57778,42248,82.39999999999998,1,Extreme
438183,23.7033,75.9234,310.3,1.1,1.1,2022-01-20,543,0,MODIS,58,6.03,298.4,7.5,1,0,2022,1,20,543,5,43,1,4,76528,1502,11.900000000000034,0,Low
720654,21.0795,85.0426,323.0,1.2,1.1,2025-04-05,349,0,MODIS,70,61.03,308.4,11.2,1,0,2025,4,5,349,3,49,2,1,73921,9197,14.600000000000025,0,Medium
747218,27.8275,77.4259,313.7,1.3,1.1,2025-11-01,945,1,MODIS,63,61.03,300.4,9.8,1,0,2025,11,1,945,9,45,4,0,167610,73042,13.300000000000011,0,Low
346908,20.6215,83.4539,326.9,1.3,1.1,2021-03-07,802,1,MODIS,64,6.03,311.2,13.7,1,0,2021,3,7,802,8,2,2,1,73921,19544,15.699999999999989,0,Medium
730819,25.242,76.3031,303.8,1.0,1.0,2025-04-22,1607,0,MODIS,45,61.03,293.1,4.6,0,0,2025,4,22,1607,16,7,2,4,76528,39620,10.699999999999989,0,Low
640874,30.3177,78.82,334.8,2.3,1.5,2024-05-05,901,1,MODIS,81,61.03,304.9,85.2,1,0,2024,5,5,901,9,1,2,7,41741,6465,29.900000000000038,1,Extreme
281610,25.0643,83.9767,337.2,1.0,1.0,2020-04-19,506,0,MODIS,80,6.03,312.5,18.9,1,0,2020,4,19,506,5,6,2,12,49232,12010,24.69999999999999,0,Medium
400279,25.5283,84.4185,338.4,1.0,1.0,2021-04-28,739,1,MODIS,77,6.03,323.4,14.0,1,0,2021,4,28,739,7,39,2,12,49232,12010,15.0,0,Medium
288359,28.2027,80.0037,325.9,1.0,1.0,2020-05-09,753,1,MODIS,71,6.03,306.9,7.1,1,0,2020,5,9,753,7,53,2,7,41741,6465,19.0,0,Low
327962,21.304,86.7973,320.5,1.0,1.0,2021-01-22,738,1,MODIS,72,6.03,304.0,10.6,1,0,2021,1,22,738,7,38,1,1,73921,10736,16.5,0,Medium
414281,29.7592,75.8794,312.5,4.2,1.9,2021-11-02,626,0,MODIS,63,6.03,295.0,42.0,1,0,2021,11,2,626,6,26,4,0,167610,73042,17.5,0,High
175010,20.7909,85.2599,312.9,1.0,1.0,2019-01-08,744,1,MODIS,63,6.03,301.8,6.4,1,2,2019,1,8,744,7,44,1,1,73921,10736,11.099999999999966,0,Low
732992,25.6355,79.0864,343.2,1.0,1.0,2025-04-24,905,1,MODIS,80,61.03,322.0,22.2,1,0,2025,4,24,905,9,5,2,4,76528,39620,21.19999999999999,0,Medium
127935,25.1812,90.9221,325.4,1.6,1.2,2018-04-03,657,1,MODIS,80,6.03,297.8,33.3,1,0,2018,4,3,657,6,57,2,8,33148,7372,27.59999999999997,0,High
41729,23.7883,91.9333,357.1,1.0,1.0,2017-04-14,708,1,MODIS,98,6.2,304.2,74.0,1,0,2017,4,14,708,7,8,2,2,57778,10542,52.900000000000034,1,Extreme
141435,30.389,75.8568,333.8,1.0,1.0,2018-05-09,812,1,MODIS,70,6.03,315.8,10.2,1,2,2018,5,9,812,8,12,2,0,167610,31628,18.0,0,Medium
446834,27.5208,96.3652,316.6,1.0,1.0,2022-03-06,650,1,MODIS,68,6.03,301.1,8.0,1,0,2022,3,6,650,6,50,2,11,41370,18499,15.5,0,Low
135222,29.9711,73.8959,328.7,1.1,1.0,2018-04-23,812,1,MODIS,39,6.03,316.4,8.3,1,0,2018,4,23,812,8,12,2,0,167610,7906,12.300000000000011,0,Low
207717,22.9976,92.942,322.7,1.6,1.3,2019-04-15,650,1,MODIS,69,6.03,296.1,26.0,1,0,2019,4,15,650,6,50,2,2,57778,10542,26.59999999999997,0,Medium
424205,29.9784,75.904,324.4,1.0,1.0,2021-11-09,812,1,MODIS,75,6.03,302.2,13.9,1,0,2021,11,9,812,8,12,4,0,167610,73042,22.19999999999999,0,Medium
88060,20.9601,85.1769,327.5,1.2,1.1,2018-01-31,513,0,MODIS,81,6.03,306.4,23.1,1,2,2018,1,31,513,5,13,1,1,73921,10736,21.100000000000023,1,Medium
733979,25.4482,77.8478,340.8,3.0,1.6,2025-04-25,944,1,MODIS,82,61.03,311.5,137.6,1,0,2025,4,25,944,9,44,2,4,76528,39620,29.30000000000001,1,Extreme
70987,31.1845,74.8433,313.1,1.0,1.0,2017-11-05,818,1,MODIS,64,6.2,299.1,5.8,1,0,2017,11,5,818,8,18,4,0,167610,73042,14.0,0,Low
246645,22.3879,80.1918,312.6,1.7,1.3,2019-12-04,821,1,MODIS,54,6.03,302.2,10.8,1,0,2019,12,4,821,8,21,1,5,47348,2981,10.400000000000034,0,Medium
114664,23.7432,91.9447,362.1,1.3,1.1,2018-03-21,727,1,MODIS,100,6.03,307.3,117.2,1,0,2018,3,21,727,7,27,2,2,57778,42248,54.80000000000001,1,Extreme
85464,15.0713,74.9618,300.5,1.2,1.1,2018-01-17,1733,0,MODIS,29,6.03,289.3,5.8,0,0,2018,1,17,1733,17,33,1,3,38436,8477,11.199999999999989,0,Low
322853,15.7152,76.8019,314.3,1.3,1.1,2020-12-20,832,1,MODIS,43,6.03,301.7,7.4,1,0,2020,12,20,832,8,32,1,14,36148,1891,12.600000000000025,0,Low
125926,22.6463,79.3644,335.2,1.0,1.0,2018-03-31,804,1,MODIS,70,6.03,322.4,7.6,1,0,2018,3,31,804,8,4,2,5,47348,12422,12.800000000000011,0,Low
55860,31.1055,75.7194,339.2,1.1,1.0,2017-05-15,806,1,MODIS,82,6.2,313.8,21.0,1,0,2017,5,15,806,8,6,2,0,167610,31628,25.399999999999977,1,Medium
465923,20.571,83.8789,332.9,1.0,1.0,2022-03-28,749,1,MODIS,63,6.03,311.8,16.5,1,0,2022,3,28,749,7,49,2,1,73921,19544,21.09999999999997,0,Medium
87023,12.969,78.8106,316.3,1.2,1.1,2018-01-26,801,1,MODIS,49,6.03,303.2,7.0,1,0,2018,1,26,801,8,1,1,14,36148,3490,13.100000000000025,0,Low
497634,31.3249,75.7168,312.1,1.1,1.0,2022-10-28,809,1,MODIS,58,6.03,301.7,5.0,1,0,2022,10,28,809,8,9,4,0,167610,39610,10.400000000000034,0,Low
494019,23.6823,86.0907,320.4,1.0,1.0,2022-09-09,446,0,MODIS,47,6.03,298.4,8.5,1,2,2022,9,9,446,4,46,4,12,49232,1038,22.0,0,Low
51595,28.1999,80.1559,329.6,1.3,1.1,2017-05-04,512,0,MODIS,61,6.2,310.1,13.2,1,0,2017,5,4,512,5,12,2,7,41741,6465,19.5,0,Medium
513155,25.4978,83.6062,309.1,1.1,1.0,2022-12-06,759,1,MODIS,56,6.03,297.0,5.9,1,0,2022,12,6,759,7,59,1,12,49232,8420,12.100000000000025,0,Low
621865,21.809,70.4783,322.4,1.6,1.2,2024-03-31,541,0,MODIS,34,61.03,305.9,11.9,1,0,2024,3,31,541,5,41,2,10,21095,5604,16.5,0,Medium
609153,20.9604,85.1758,320.1,1.0,1.0,2024-03-05,430,0,MODIS,36,61.03,303.5,7.8,1,2,2024,3,5,430,4,30,2,1,73921,19544,16.600000000000023,0,Low
619626,24.1483,79.0959,324.4,1.0,1.0,2024-03-25,454,0,MODIS,61,61.03,310.3,7.0,1,0,2024,3,25,454,4,54,2,5,47348,12422,14.099999999999966,0,Low
248511,28.7315,77.9872,305.1,1.1,1.0,2019-12-24,759,1,MODIS,60,6.03,289.9,6.5,1,0,2019,12,24,759,7,59,1,7,41741,2618,15.200000000000044,0,Low
86456,26.0701,94.4054,323.0,1.2,1.1,2018-01-22,650,1,MODIS,82,6.03,293.1,24.7,1,0,2018,1,22,650,6,50,1,11,41370,4936,29.899999999999977,1,Medium
656303,30.4326,75.7223,310.5,1.1,1.0,2024-11-08,907,1,MODIS,48,61.03,298.4,5.2,1,0,2024,11,8,907,9,7,4,0,167610,73042,12.100000000000025,0,Low
390936,26.3584,93.2244,347.0,1.1,1.1,2021-04-11,656,1,MODIS,93,6.03,302.3,55.3,1,0,2021,4,11,656,6,56,2,11,41370,8105,44.69999999999999,1,High
225705,31.3949,74.686,333.3,1.0,1.0,2019-05-20,548,0,MODIS,78,6.03,313.7,10.9,1,0,2019,5,20,548,5,48,2,0,167610,31628,19.600000000000023,0,Medium
454366,28.0977,96.9699,315.9,1.1,1.0,2022-03-15,644,1,MODIS,33,6.03,296.0,13.0,1,0,2022,3,15,644,6,44,2,11,41370,18499,19.899999999999977,0,Medium
578797,30.8512,74.5918,327.4,1.5,1.2,2023-10-29,818,1,MODIS,81,61.03,299.3,31.5,1,0,2023,10,29,818,8,18,4,0,167610,39610,28.09999999999997,1,High
269667,25.4766,92.9678,328.4,1.0,1.0,2020-03-30,702,1,MODIS,80,6.03,306.3,18.8,1,0,2020,3,30,702,7,2,2,8,33148,19990,22.09999999999997,0,Medium
558852,23.9891,85.1215,329.5,1.1,1.1,2023-04-12,742,1,MODIS,66,61.03,313.3,13.2,1,0,2023,4,12,742,7,42,2,12,49232,12010,16.19999999999999,0,Medium
772454,25.9569,92.3885,306.7,1.0,1.0,2026-01-28,845,1,MODIS,57,61.03,294.7,5.3,1,0,2026,1,28,845,8,45,1,8,33148,1715,12.0,0,Low
170787,20.9621,85.1659,303.3,1.7,1.3,2018-12-09,1657,0,MODIS,54,6.03,290.4,13.6,0,2,2018,12,9,1657,16,57,1,1,73921,11178,12.900000000000034,0,Medium
484394,19.2467,78.0011,336.6,1.0,1.0,2022-04-30,517,0,MODIS,60,6.03,318.6,10.4,1,0,2022,4,30,517,5,17,2,9,27481,3504,18.0,0,Medium
387337,24.5484,83.3641,329.0,2.4,1.5,2021-04-06,816,1,MODIS,64,6.03,313.3,26.6,1,0,2021,4,6,816,8,16,2,12,49232,12010,15.699999999999989,0,Medium
505531,30.1189,75.4759,328.3,1.0,1.0,2022-11-11,816,1,MODIS,80,6.03,301.4,19.5,1,0,2022,11,11,816,8,16,4,0,167610,73042,26.900000000000038,0,Medium
298283,31.8132,75.5047,320.5,1.2,1.1,2020-10-23,800,1,MODIS,75,6.03,303.1,14.1,1,0,2020,10,23,800,8,0,4,0,167610,39610,17.399999999999977,0,Medium
113717,26.2587,94.1862,340.3,1.5,1.2,2018-03-20,645,1,MODIS,91,6.03,301.0,69.8,1,0,2018,3,20,645,6,45,2,11,41370,18499,39.30000000000001,1,Extreme
386277,22.5058,77.901,316.8,1.1,1.0,2021-04-05,1656,0,MODIS,94,6.03,298.1,14.2,0,0,2021,4,5,1656,16,56,2,4,76528,39620,18.69999999999999,0,Medium
162364,30.3056,76.2279,323.0,1.1,1.0,2018-11-08,818,1,MODIS,33,6.03,304.1,11.5,1,0,2018,11,8,818,8,18,4,0,167610,73042,18.899999999999977,0,Medium
356027,20.3143,83.8203,324.1,1.1,1.1,2021-03-16,756,1,MODIS,36,6.03,308.9,9.3,1,0,2021,3,16,756,7,56,2,1,73921,19544,15.200000000000044,0,Low
538998,25.5813,90.8459,327.9,3.6,1.8,2023-03-04,805,1,MODIS,81,61.03,294.2,130.0,1,0,2023,3,4,805,8,5,2,8,33148,19990,33.69999999999999,1,Extreme
387287,22.8592,77.9007,343.8,1.1,1.0,2021-04-06,815,1,MODIS,72,6.03,322.6,23.0,1,0,2021,4,6,815,8,15,2,4,76528,39620,21.19999999999999,0,Medium
215483,26.5142,79.3044,347.4,1.3,1.2,2019-04-30,746,1,MODIS,89,6.03,319.7,47.3,1,0,2019,4,30,746,7,46,2,7,41741,15320,27.69999999999999,1,High
673831,16.9012,74.4225,302.2,1.3,1.1,2025-01-18,1611,0,MODIS,48,61.03,288.6,8.9,0,0,2025,1,18,1611,16,11,1,3,38436,8477,13.599999999999966,0,Low
36193,19.9092,79.3656,329.0,1.5,1.2,2017-04-11,508,0,MODIS,49,6.2,316.0,14.4,1,0,2017,4,11,508,5,8,2,9,27481,3504,13.0,0,Medium
391946,23.6867,79.4936,335.4,1.3,1.1,2021-04-13,511,0,MODIS,71,6.03,321.9,17.1,1,0,2021,4,13,511,5,11,2,5,47348,16741,13.5,0,Medium
742546,31.9619,74.8025,329.6,1.0,1.0,2025-05-27,915,1,MODIS,52,61.03,308.8,8.5,1,0,2025,5,27,915,9,15,2,0,167610,31628,20.80000000000001,0,Low
107770,24.2934,74.5583,333.1,1.1,1.0,2018-03-11,829,1,MODIS,71,6.03,317.7,16.2,1,0,2018,3,11,829,8,29,2,4,76528,13167,15.400000000000034,0,Medium
468924,23.7536,79.8594,336.6,1.2,1.1,2022-03-31,504,0,MODIS,57,6.03,320.5,18.3,1,0,2022,3,31,504,5,4,2,5,47348,12422,16.100000000000023,0,Medium
301771,22.7986,79.4569,323.2,1.0,1.0,2020-10-30,803,1,MODIS,74,6.03,307.6,10.3,1,0,2020,10,30,803,8,3,4,5,47348,737,15.599999999999966,0,Medium
227797,16.8416,79.727,336.9,1.0,1.0,2019-05-28,808,1,MODIS,70,6.03,314.0,10.2,1,0,2019,5,28,808,8,8,2,13,47964,4838,22.899999999999977,0,Medium
470716,24.2324,92.2294,326.9,1.7,1.3,2022-04-05,1618,0,MODIS,100,6.03,294.9,49.4,0,0,2022,4,5,1618,16,18,2,2,57778,10542,32.0,1,High
128545,24.3146,92.5949,320.2,2.3,1.5,2018-04-04,739,1,MODIS,72,6.03,296.4,38.6,1,0,2018,4,4,739,7,39,2,2,57778,10542,23.80000000000001,0,High
417254,31.1091,75.3184,325.2,1.6,1.2,2021-11-04,754,1,MODIS,68,6.03,303.2,26.7,1,0,2021,11,4,754,7,54,4,0,167610,73042,22.0,0,Medium
546662,22.9765,92.6038,329.0,2.0,1.4,2023-03-14,656,1,MODIS,58,61.03,296.0,54.1,1,0,2023,3,14,656,6,56,2,2,57778,42248,33.0,0,High
86201,20.8815,81.8491,315.1,1.2,1.1,2018-01-21,744,1,MODIS,49,6.03,304.7,5.4,1,0,2018,1,21,744,7,44,1,1,73921,10736,10.400000000000034,0,Low
32266,19.8612,80.9305,321.7,4.1,1.9,2017-04-08,437,0,MODIS,56,6.2,305.6,65.8,1,0,2017,4,8,437,4,37,2,13,47964,11656,16.099999999999966,0,Extreme
448242,23.3183,93.3381,335.2,1.2,1.1,2022-03-09,719,1,MODIS,86,6.03,304.8,35.3,1,0,2022,3,9,719,7,19,2,2,57778,42248,30.399999999999977,1,High
55584,13.8216,79.3107,312.8,1.8,1.3,2017-05-14,1643,0,MODIS,85,6.2,295.9,19.3,0,0,2017,5,14,1643,16,43,2,14,36148,1092,16.900000000000034,0,Medium
493269,23.7391,85.0168,302.0,1.1,1.0,2022-07-14,2006,1,MODIS,20,6.03,290.0,3.9,0,0,2022,7,14,2006,20,6,3,12,49232,603,12.0,0,Low
685218,23.2853,78.6279,322.4,1.2,1.1,2025-02-23,914,1,MODIS,59,61.03,308.8,12.2,1,0,2025,2,23,914,9,14,1,4,76528,2331,13.599999999999966,0,Medium
162162,29.9909,74.5999,317.0,1.0,1.0,2018-11-08,818,1,MODIS,59,6.03,302.1,8.1,1,0,2018,11,8,818,8,18,4,0,167610,73042,14.899999999999975,0,Low
617704,29.7477,77.2343,311.3,1.0,1.0,2024-03-18,503,0,MODIS,63,61.03,297.1,7.1,1,0,2024,3,18,503,5,3,2,0,167610,2014,14.199999999999989,0,Low
469919,24.0286,78.7002,306.3,1.1,1.1,2022-04-01,1643,0,MODIS,66,6.03,294.9,6.4,0,0,2022,4,1,1643,16,43,2,4,76528,39620,11.400000000000034,0,Low
304674,30.4372,74.363,320.8,1.9,1.3,2020-11-01,753,1,MODIS,73,6.03,300.4,30.4,1,0,2020,11,1,753,7,53,4,0,167610,73042,20.400000000000038,0,High
313187,30.2978,75.8246,314.3,2.0,1.4,2020-11-10,612,0,MODIS,66,6.03,302.3,12.5,1,0,2020,11,10,612,6,12,4,0,167610,73042,12.0,0,Medium
747763,20.9581,86.0082,311.6,1.6,1.2,2025-11-03,357,0,MODIS,54,61.03,295.7,11.0,1,2,2025,11,3,357,3,57,4,1,73921,2885,15.900000000000034,0,Medium
687732,15.9572,78.7845,325.9,1.4,1.2,2025-03-02,852,1,MODIS,25,61.03,310.6,18.5,1,0,2025,3,2,852,8,52,2,14,36148,12659,15.299999999999956,0,Medium
371133,19.785,79.9236,338.8,1.5,1.2,2021-03-28,821,1,MODIS,77,6.03,316.6,32.5,1,0,2021,3,28,821,8,21,2,13,47964,18871,22.19999999999999,0,High
565470,25.2571,84.0808,334.5,1.0,1.0,2023-04-20,449,0,MODIS,68,61.03,316.6,13.1,1,0,2023,4,20,449,4,49,2,12,49232,12010,17.899999999999977,0,Medium
468210,23.658,84.9131,329.3,1.0,1.0,2022-03-30,737,1,MODIS,68,6.03,315.8,9.7,1,0,2022,3,30,737,7,37,2,12,49232,10270,13.5,0,Low
525699,22.3809,76.5563,322.9,1.0,1.0,2023-02-07,825,1,MODIS,74,61.03,305.2,11.5,1,0,2023,2,7,825,8,25,1,4,76528,2331,17.69999999999999,0,Medium
735540,31.153,74.7024,311.3,1.0,1.0,2025-04-27,1609,0,MODIS,82,61.03,292.0,10.7,0,0,2025,4,27,1609,16,9,2,0,167610,7906,19.30000000000001,0,Medium
417044,30.1669,75.0108,319.4,1.7,1.3,2021-11-04,753,1,MODIS,52,6.03,300.9,20.7,1,0,2021,11,4,753,7,53,4,0,167610,73042,18.5,0,Medium
745033,22.046,83.7326,320.9,1.1,1.1,2025-10-14,2144,1,MODIS,100,61.03,295.4,21.7,0,2,2025,10,14,2144,21,44,4,1,73921,2278,25.5,1,Medium
635326,18.4321,79.9105,332.9,1.1,1.0,2024-04-25,842,1,MODIS,63,61.03,314.7,9.6,1,0,2024,4,25,842,8,42,2,13,47964,11656,18.19999999999999,0,Low
46612,20.3993,78.2573,347.0,1.0,1.0,2017-04-20,809,1,MODIS,89,6.2,326.1,23.7,1,0,2017,4,20,809,8,9,2,9,27481,3504,20.899999999999977,1,Medium
604173,24.0104,92.6943,312.8,4.6,2.0,2024-02-13,651,1,MODIS,72,61.03,293.1,97.0,1,0,2024,2,13,651,6,51,1,2,57778,3915,19.69999999999999,0,Extreme
551482,14.2819,77.5148,342.5,1.1,1.0,2023-04-01,500,0,MODIS,87,61.03,311.1,31.8,1,0,2023,4,1,500,5,0,2,14,36148,3614,31.399999999999977,1,High
2777,26.7032,95.2456,362.1,3.5,1.8,2017-01-21,505,0,MODIS,100,6.2,293.9,565.2,1,0,2017,1,21,505,5,5,1,11,41370,4936,68.20000000000005,1,Extreme
174225,20.9596,85.1167,307.3,1.0,1.0,2019-01-04,501,0,MODIS,56,6.03,296.5,5.5,1,0,2019,1,4,501,5,1,1,1,73921,10736,10.800000000000011,0,Low
132817,27.3715,82.7794,347.4,1.1,1.0,2018-04-19,525,0,MODIS,92,6.03,309.1,46.9,1,0,2018,4,19,525,5,25,2,7,41741,15320,38.29999999999996,1,High
744744,18.6883,73.0433,315.2,1.1,1.0,2025-10-10,437,0,MODIS,44,61.03,301.5,7.7,1,2,2025,10,10,437,4,37,4,3,38436,418,13.699999999999989,0,Low
24478,18.1876,82.0709,333.7,1.1,1.0,2017-03-28,802,1,MODIS,71,6.2,311.5,17.7,1,0,2017,3,28,802,8,2,2,13,47964,18871,22.19999999999999,0,Medium
211238,26.904,82.8804,331.3,1.0,1.0,2019-04-24,512,0,MODIS,75,6.03,305.3,15.5,1,0,2019,4,24,512,5,12,2,7,41741,15320,26.0,0,Medium
87922,21.6767,84.2299,329.9,1.1,1.0,2018-01-30,739,1,MODIS,82,6.03,305.2,21.8,1,0,2018,1,30,739,7,39,1,1,73921,10736,24.69999999999999,1,Medium
656798,22.7251,77.7925,324.8,1.1,1.1,2024-11-10,847,1,MODIS,75,61.03,305.0,15.9,1,0,2024,11,10,847,8,47,4,4,76528,9210,19.80000000000001,0,Medium
95735,18.6545,83.7493,324.1,1.3,1.1,2018-02-27,803,1,MODIS,50,6.03,307.7,11.1,1,0,2018,2,27,803,8,3,1,1,73921,9366,16.400000000000034,0,Medium
130741,20.9648,85.1886,305.2,2.9,1.6,2018-04-11,1710,0,MODIS,63,6.03,292.7,21.8,0,2,2018,4,11,1710,17,10,2,1,73921,9197,12.5,0,Medium
462790,22.0664,79.899,328.7,1.2,1.1,2022-03-24,814,1,MODIS,63,6.03,310.2,12.8,1,0,2022,3,24,814,8,14,2,5,47348,12422,18.5,0,Medium
672635,21.631,84.2477,316.5,1.3,1.1,2025-01-11,849,1,MODIS,72,61.03,297.7,14.8,1,0,2025,1,11,849,8,49,1,1,73921,10736,18.80000000000001,0,Medium
376578,21.1763,80.2466,326.6,1.8,1.3,2021-03-31,542,0,MODIS,59,6.03,310.9,21.8,1,0,2021,3,31,542,5,42,2,5,47348,12422,15.700000000000044,0,Medium
295260,27.5986,95.3777,308.8,1.2,1.1,2020-10-12,1603,0,MODIS,73,6.03,294.1,9.0,0,0,2020,10,12,1603,16,3,4,11,41370,370,14.699999999999989,0,Low
164195,30.3041,75.7213,324.2,1.1,1.0,2018-11-10,805,1,MODIS,78,6.03,299.9,16.8,1,0,2018,11,10,805,8,5,4,0,167610,73042,24.30000000000001,0,Medium
59205,18.7597,80.0004,315.2,3.4,1.7,2017-09-26,557,0,MODIS,0,6.2,296.1,37.2,1,0,2017,9,26,557,5,57,4,13,47964,309,19.09999999999997,0,High
218700,23.5978,77.8141,368.3,1.5,1.2,2019-05-07,751,1,MODIS,100,6.03,324.9,144.3,1,0,2019,5,7,751,7,51,2,4,76528,7507,43.400000000000034,1,Extreme
541361,25.0406,93.3906,359.5,1.6,1.3,2023-03-07,655,1,MODIS,99,61.03,300.0,163.8,1,0,2023,3,7,655,6,55,2,2,57778,42248,59.5,1,Extreme
460428,21.7406,78.7126,329.7,1.1,1.1,2022-03-22,511,0,MODIS,70,6.03,313.5,12.8,1,0,2022,3,22,511,5,11,2,5,47348,12422,16.19999999999999,0,Medium
487829,30.5339,74.9505,331.5,1.8,1.3,2022-05-06,754,1,MODIS,75,6.03,308.0,21.5,1,0,2022,5,6,754,7,54,2,0,167610,31628,23.5,0,Medium
612313,22.6193,88.2561,318.9,2.9,1.6,2024-03-11,723,1,MODIS,71,61.03,302.1,41.5,1,0,2024,3,11,723,7,23,2,12,49232,10270,16.799999999999955,0,High
623047,25.3531,93.3406,320.3,1.1,1.0,2024-04-02,744,1,MODIS,41,61.03,303.4,9.3,1,0,2024,4,2,744,7,44,2,11,41370,8105,16.900000000000034,0,Low
461034,26.427,94.2727,328.7,1.3,1.1,2022-03-22,649,1,MODIS,81,6.03,301.7,30.4,1,0,2022,3,22,649,6,49,2,11,41370,18499,27.0,1,High
449048,18.3632,80.4124,332.7,1.0,1.0,2022-03-10,801,1,MODIS,80,6.03,307.4,17.7,1,0,2022,3,10,801,8,1,2,13,47964,18871,25.30000000000001,0,Medium
114830,27.9949,94.5756,313.5,2.2,1.4,2018-03-21,728,1,MODIS,62,6.03,297.0,21.2,1,0,2018,3,21,728,7,28,2,11,41370,18499,16.5,0,Medium
398080,22.3803,92.7211,322.1,1.0,1.0,2021-04-25,707,1,MODIS,30,6.03,307.9,7.5,1,0,2021,4,25,707,7,7,2,2,57778,10542,14.200000000000044,0,Low
144315,29.1504,76.9138,334.6,1.0,1.0,2018-05-18,806,1,MODIS,78,6.03,313.3,12.6,1,0,2018,5,18,806,8,6,2,0,167610,31628,21.30000000000001,0,Medium
238958,30.1242,76.2153,316.1,1.0,1.0,2019-11-04,811,1,MODIS,60,6.03,300.1,6.9,1,0,2019,11,4,811,8,11,4,0,167610,73042,16.0,0,Low
543781,20.4868,80.4521,325.4,1.0,1.0,2023-03-11,805,1,MODIS,63,61.03,308.4,11.2,1,0,2023,3,11,805,8,5,2,13,47964,18871,17.0,0,Medium
428744,29.9808,74.4737,323.2,1.2,1.1,2021-11-14,830,1,MODIS,74,6.03,302.1,17.1,1,0,2021,11,14,830,8,30,4,0,167610,73042,21.09999999999997,0,Medium
745176,18.9664,79.4365,312.4,1.3,1.1,2025-10-17,417,0,MODIS,63,61.03,297.4,8.0,1,0,2025,10,17,417,4,17,4,13,47964,499,15.0,0,Low
523632,27.696,93.5929,311.3,2.0,1.4,2023-01-31,646,1,MODIS,66,61.03,288.5,27.4,1,0,2023,1,31,646,6,46,1,11,41370,4936,22.80000000000001,0,Medium
685807,15.1933,76.7032,341.2,2.0,1.4,2025-02-25,852,1,MODIS,89,61.03,307.7,88.5,1,0,2025,2,25,852,8,52,1,14,36148,10539,33.5,1,Extreme
533078,14.4325,77.4452,322.0,2.6,1.5,2023-02-25,537,0,MODIS,66,61.03,308.2,32.9,1,0,2023,2,25,537,5,37,1,14,36148,10539,13.800000000000011,0,High
45778,21.6319,77.2144,304.3,1.1,1.0,2017-04-18,2031,1,MODIS,38,6.2,293.2,4.9,0,0,2017,4,18,2031,20,31,2,4,76528,39620,11.100000000000025,0,Low
7693,10.8659,76.6427,310.2,1.3,1.1,2017-02-15,2022,1,MODIS,79,6.2,296.3,11.6,0,0,2017,2,15,2022,20,22,1,6,13460,3893,13.899999999999975,0,Medium
436377,27.0046,95.5215,306.1,1.1,1.0,2021-12-30,703,1,MODIS,63,6.03,287.3,7.2,1,0,2021,12,30,703,7,3,1,11,41370,1415,18.80000000000001,0,Low
421580,30.5735,74.8528,319.0,1.0,1.0,2021-11-08,549,0,MODIS,70,6.03,301.8,10.1,1,0,2021,11,8,549,5,49,4,0,167610,73042,17.19999999999999,0,Medium
533328,19.4088,78.172,325.1,1.6,1.2,2023-02-25,802,1,MODIS,54,61.03,313.9,14.8,1,0,2023,2,25,802,8,2,1,9,27481,5254,11.200000000000044,0,Medium
588853,30.7235,74.325,313.1,1.8,1.3,2023-11-18,903,1,MODIS,65,61.03,299.2,13.7,1,0,2023,11,18,903,9,3,4,0,167610,73042,13.900000000000034,0,Medium
418113,31.0456,75.1343,320.7,1.6,1.3,2021-11-05,836,1,MODIS,48,6.03,297.1,21.0,1,0,2021,11,5,836,8,36,4,0,167610,73042,23.59999999999997,0,Medium
663115,23.6829,86.4018,300.4,1.1,1.1,2024-11-25,2101,1,MODIS,25,61.03,290.2,6.3,0,2,2024,11,25,2101,21,1,4,12,49232,3375,10.199999999999989,0,Low
152306,29.9123,75.9022,313.7,1.0,1.0,2018-10-23,818,1,MODIS,48,6.03,301.5,5.8,1,0,2018,10,23,818,8,18,4,0,167610,39610,12.199999999999989,0,Low
43154,24.4172,93.223,339.9,4.4,1.9,2017-04-15,751,1,MODIS,89,6.2,294.3,325.3,1,0,2017,4,15,751,7,51,2,2,57778,10542,45.599999999999966,1,Extreme
381737,23.632,91.8832,317.5,1.2,1.1,2021-04-02,702,1,MODIS,60,6.03,299.4,9.8,1,0,2021,4,2,702,7,2,2,2,57778,10542,18.100000000000023,0,Low
485707,32.9654,74.3536,320.9,3.6,1.8,2022-05-02,501,0,MODIS,59,6.03,298.8,54.4,1,0,2022,5,2,501,5,1,2,0,167610,31628,22.09999999999997,0,High
44957,24.2436,77.9869,306.1,1.0,1.0,2017-04-17,1704,0,MODIS,61,6.2,296.0,5.1,0,0,2017,4,17,1704,17,4,2,4,76528,39620,10.100000000000025,0,Low
201817,13.7901,79.219,346.4,1.1,1.1,2019-04-03,801,1,MODIS,89,6.03,312.3,44.3,1,0,2019,4,3,801,8,1,2,14,36148,3614,34.099999999999966,1,High
459757,22.8361,92.8784,319.2,2.7,1.6,2022-03-21,743,1,MODIS,59,6.03,302.2,42.2,1,0,2022,3,21,743,7,43,2,2,57778,42248,17.0,0,High
543040,26.4953,84.9154,314.1,1.1,1.0,2023-03-10,438,0,MODIS,62,61.03,301.5,6.5,1,0,2023,3,10,438,4,38,2,12,49232,10270,12.600000000000025,0,Low
184478,13.13,76.0512,333.8,1.2,1.1,2019-02-28,813,1,MODIS,79,6.03,312.6,20.0,1,0,2019,2,28,813,8,13,1,14,36148,10539,21.19999999999999,0,Medium
512815,21.9212,81.8472,308.2,1.0,1.0,2022-12-05,501,0,MODIS,50,6.03,297.9,3.9,1,0,2022,12,5,501,5,1,1,5,47348,2981,10.300000000000011,0,Low
526834,20.5013,82.3547,318.1,1.0,1.0,2023-02-11,758,1,MODIS,32,61.03,307.9,6.6,1,0,2023,2,11,758,7,58,1,1,73921,9366,10.200000000000044,0,Low
551869,22.6638,77.5918,325.7,1.2,1.1,2023-04-02,1633,0,MODIS,98,61.03,293.3,27.5,0,0,2023,4,2,1633,16,33,2,4,76528,39620,32.39999999999998,1,Medium
157907,30.6407,75.0586,313.0,1.0,1.0,2018-11-01,812,1,MODIS,60,6.03,298.6,6.1,1,0,2018,11,1,812,8,12,4,0,167610,73042,14.399999999999975,0,Low
400767,24.8028,84.2109,335.2,1.0,1.0,2021-04-29,510,0,MODIS,72,6.03,317.2,13.7,1,0,2021,4,29,510,5,10,2,12,49232,12010,18.0,0,Medium
434260,19.073,77.4024,302.3,1.0,1.0,2021-12-15,1703,0,MODIS,48,6.03,286.4,6.5,0,0,2021,12,15,1703,17,3,1,9,27481,2370,15.900000000000034,0,Low
248723,18.2379,73.3003,315.2,1.4,1.2,2019-12-28,603,0,MODIS,32,6.03,298.3,8.7,1,0,2019,12,28,603,6,3,1,3,38436,5945,16.899999999999977,0,Low
551327,22.5642,77.6242,322.6,1.0,1.0,2023-03-31,1649,0,MODIS,100,61.03,292.4,20.4,0,0,2023,3,31,1649,16,49,2,4,76528,13167,30.200000000000045,1,Medium
722567,26.3751,93.0902,333.8,1.3,1.1,2025-04-07,752,1,MODIS,86,61.03,298.5,42.0,1,0,2025,4,7,752,7,52,2,11,41370,8105,35.30000000000001,1,High
475491,27.4086,83.6795,307.1,1.0,1.0,2022-04-19,1631,0,MODIS,68,6.03,295.8,5.8,0,0,2022,4,19,1631,16,31,2,7,41741,15320,11.300000000000011,0,Low
188079,22.85,77.1226,309.0,1.0,1.0,2019-03-13,1710,0,MODIS,76,6.03,292.4,8.5,0,0,2019,3,13,1710,17,10,2,4,76528,13167,16.600000000000023,0,Low
465674,23.9951,85.2382,326.8,1.1,1.0,2022-03-28,749,1,MODIS,58,6.03,311.8,10.6,1,0,2022,3,28,749,7,49,2,12,49232,10270,15.0,0,Medium
687565,13.7281,78.4563,305.7,1.0,1.0,2025-03-01,1608,0,MODIS,65,61.03,294.3,5.3,0,0,2025,3,1,1608,16,8,2,14,36148,12659,11.399999999999975,0,Low
203181,22.7814,79.2088,341.0,1.3,1.1,2019-04-05,751,1,MODIS,81,6.03,321.0,27.7,1,0,2019,4,5,751,7,51,2,5,47348,16741,20.0,1,Medium
432017,23.4928,79.9421,319.0,1.1,1.1,2021-11-25,810,1,MODIS,67,6.03,304.6,9.7,1,0,2021,11,25,810,8,10,4,5,47348,5930,14.399999999999975,0,Low
65365,30.1997,74.7237,342.6,1.1,1.0,2017-10-27,824,1,MODIS,91,6.2,304.2,43.7,1,0,2017,10,27,824,8,24,4,0,167610,39610,38.400000000000034,1,High
13947,23.7719,86.3935,307.3,1.7,1.3,2017-03-01,1609,0,MODIS,52,6.2,297.2,14.7,0,2,2017,3,1,1609,16,9,2,12,49232,10270,10.100000000000025,0,Medium
23221,22.3829,92.5553,318.8,2.9,1.6,2017-03-26,637,1,MODIS,65,6.2,297.4,51.4,1,0,2017,3,26,637,6,37,2,2,57778,42248,21.400000000000038,0,High
412454,27.8095,77.4513,314.5,1.1,1.1,2021-10-31,817,1,MODIS,17,6.03,302.0,5.5,1,0,2021,10,31,817,8,17,4,0,167610,39610,12.5,0,Low
652594,25.4861,76.1401,322.1,1.0,1.0,2024-10-24,856,1,MODIS,64,61.03,307.2,9.0,1,0,2024,10,24,856,8,56,4,4,76528,1622,14.900000000000034,0,Low
431190,29.296,76.1284,314.4,1.5,1.2,2021-11-20,753,1,MODIS,62,6.03,301.4,12.9,1,0,2021,11,20,753,7,53,4,0,167610,73042,13.0,0,Medium
191115,22.891,92.604,326.4,1.1,1.1,2019-03-17,720,1,MODIS,77,6.03,298.9,21.2,1,0,2019,3,17,720,7,20,2,2,57778,42248,27.5,0,Medium
193459,25.3101,92.9171,313.4,2.5,1.5,2019-03-22,739,1,MODIS,62,6.03,295.9,25.9,1,0,2019,3,22,739,7,39,2,8,33148,19990,17.5,0,Medium
374754,20.783,80.8495,334.3,1.1,1.1,2021-03-30,809,1,MODIS,74,6.03,317.9,14.9,1,0,2021,3,30,809,8,9,2,13,47964,18871,16.400000000000034,0,Medium
405541,19.3805,81.0012,330.0,1.0,1.0,2021-05-19,756,1,MODIS,78,6.03,297.6,21.2,1,0,2021,5,19,756,7,56,2,13,47964,4838,32.39999999999998,0,Medium
93545,26.6838,95.2839,422.2,1.1,1.1,2018-02-22,435,0,MODIS,94,6.03,299.9,489.1,1,0,2018,2,22,435,4,35,1,11,41370,5791,122.3,1,Extreme
328421,22.8533,77.6755,334.6,1.0,1.0,2021-01-25,809,1,MODIS,87,6.03,303.3,27.0,1,0,2021,1,25,809,8,9,1,4,76528,1502,31.30000000000001,1,Medium
735436,24.4396,77.3568,308.1,1.1,1.0,2025-04-27,1607,0,MODIS,67,61.03,297.6,5.8,0,0,2025,4,27,1607,16,7,2,4,76528,39620,10.5,0,Low
47609,24.3064,77.8863,335.2,1.0,1.0,2017-04-23,531,0,MODIS,70,6.2,318.8,10.3,1,0,2017,4,23,531,5,31,2,4,76528,39620,16.399999999999977,0,Medium
119626,25.9595,91.9134,314.4,1.1,1.1,2018-03-25,703,1,MODIS,10,6.03,301.0,5.5,1,0,2018,3,25,703,7,3,2,8,33148,19990,13.399999999999975,0,Low
25537,22.4296,77.3778,310.1,2.9,1.6,2017-03-29,1633,0,MODIS,40,6.2,292.8,38.6,0,0,2017,3,29,1633,16,33,2,4,76528,13167,17.30000000000001,0,High
250557,25.3001,91.6989,303.9,1.0,1.0,2020-01-18,441,0,MODIS,51,6.03,292.3,3.8,1,0,2020,1,18,441,4,41,1,8,33148,1715,11.599999999999966,0,Low
110096,21.1728,85.0314,325.6,1.8,1.3,2018-03-14,720,1,MODIS,66,6.03,311.2,23.0,1,0,2018,3,14,720,7,20,2,1,73921,19544,14.400000000000034,0,Medium
433635,31.8307,75.62,304.6,1.0,1.0,2021-12-10,548,0,MODIS,59,6.03,293.5,5.0,1,0,2021,12,10,548,5,48,1,0,167610,3314,11.100000000000025,0,Low
373681,23.5315,82.5259,323.4,1.3,1.1,2021-03-30,459,0,MODIS,35,6.03,309.6,10.2,1,0,2021,3,30,459,4,59,2,5,47348,12422,13.799999999999956,0,Medium
543437,16.7305,73.5652,325.4,1.6,1.3,2023-03-10,900,1,MODIS,56,61.03,309.0,18.3,1,0,2023,3,10,900,9,0,2,3,38436,7918,16.399999999999977,0,Medium
572604,20.882,81.9568,329.5,4.1,1.9,2023-05-27,531,0,MODIS,70,61.03,305.4,81.5,1,0,2023,5,27,531,5,31,2,1,73921,4396,24.100000000000023,0,Extreme
155851,30.561,74.5628,321.2,1.1,1.0,2018-10-30,824,1,MODIS,73,6.03,300.1,13.6,1,0,2018,10,30,824,8,24,4,0,167610,39610,21.09999999999997,0,Medium
93021,15.9146,75.4015,301.2,1.0,1.0,2018-02-20,1721,0,MODIS,38,6.03,290.9,4.1,0,0,2018,2,20,1721,17,21,1,3,38436,8837,10.300000000000011,0,Low
33190,21.2357,79.2799,346.9,1.1,1.0,2017-04-09,519,0,MODIS,90,6.2,314.7,37.3,1,0,2017,4,9,519,5,19,2,5,47348,16741,32.19999999999999,1,High
708564,21.7292,79.5508,337.5,1.1,1.1,2025-03-25,911,1,MODIS,81,61.03,313.7,25.2,1,0,2025,3,25,911,9,11,2,5,47348,12422,23.80000000000001,1,Medium
379162,24.2566,83.0624,346.7,1.1,1.1,2021-04-01,757,1,MODIS,89,6.03,321.1,39.6,1,0,2021,4,1,757,7,57,2,12,49232,12010,25.59999999999997,1,High
725362,19.2835,81.2123,323.1,1.2,1.1,2025-04-11,848,1,MODIS,25,61.03,307.4,9.8,1,0,2025,4,11,848,8,48,2,13,47964,11656,15.700000000000044,0,Low
340638,19.2242,78.6524,322.6,2.1,1.4,2021-03-02,744,1,MODIS,47,6.03,310.5,17.3,1,0,2021,3,2,744,7,44,2,9,27481,7575,12.100000000000025,0,Medium
474218,23.5064,76.2203,308.8,1.5,1.2,2022-04-17,1643,0,MODIS,70,6.03,297.4,11.5,0,0,2022,4,17,1643,16,43,2,4,76528,39620,11.400000000000034,0,Medium
388409,26.475,93.4306,323.1,1.4,1.2,2021-04-07,721,1,MODIS,73,6.03,297.7,24.8,1,0,2021,4,7,721,7,21,2,11,41370,8105,25.400000000000038,0,Medium
99561,25.178,93.1824,333.5,1.8,1.3,2018-03-04,644,1,MODIS,87,6.03,296.1,73.4,1,0,2018,3,4,644,6,44,2,2,57778,42248,37.39999999999998,1,Extreme
626891,19.2792,81.2463,311.6,1.1,1.1,2024-04-07,1623,0,MODIS,82,61.03,295.5,9.2,0,0,2024,4,7,1623,16,23,2,13,47964,11656,16.100000000000023,0,Low
432472,20.9665,85.1711,302.6,1.0,1.0,2021-11-27,2007,1,MODIS,49,6.03,282.6,6.7,0,2,2021,11,27,2007,20,7,4,1,73921,2885,20.0,0,Low
750497,22.7844,77.892,324.6,1.0,1.0,2025-11-11,935,1,MODIS,78,61.03,300.8,15.0,1,0,2025,11,11,935,9,35,4,4,76528,9210,23.80000000000001,0,Medium
678991,25.1298,93.8017,309.9,1.9,1.3,2025-02-08,735,1,MODIS,65,61.03,296.0,19.0,1,0,2025,2,8,735,7,35,1,11,41370,5791,13.899999999999975,0,Medium
329136,20.9604,85.1866,305.2,1.2,1.1,2021-01-28,1626,0,MODIS,63,6.03,293.1,8.0,0,2,2021,1,28,1626,16,26,1,1,73921,10736,12.099999999999966,0,Low
103974,18.998,83.2469,320.8,1.0,1.0,2018-03-08,757,1,MODIS,45,6.03,304.4,8.1,1,0,2018,3,8,757,7,57,2,1,73921,19544,16.400000000000034,0,Low
462632,18.4204,82.3105,328.0,1.4,1.2,2022-03-24,813,1,MODIS,69,6.03,310.2,16.3,1,0,2022,3,24,813,8,13,2,13,47964,18871,17.80000000000001,0,Medium
266116,23.7864,92.0628,347.6,3.8,1.8,2020-03-27,632,1,MODIS,91,6.03,295.1,325.5,1,0,2020,3,27,632,6,32,2,2,57778,42248,52.5,1,Extreme
411549,30.5626,75.0859,313.6,1.3,1.1,2021-10-29,830,1,MODIS,58,6.03,302.2,7.7,1,0,2021,10,29,830,8,30,4,0,167610,39610,11.400000000000034,0,Low
627363,18.1536,80.3743,327.2,1.0,1.0,2024-04-08,832,1,MODIS,68,61.03,309.6,10.3,1,0,2024,4,8,832,8,32,2,13,47964,11656,17.599999999999966,0,Medium
646742,32.8159,75.1232,326.6,2.3,1.5,2024-05-27,917,1,MODIS,53,61.03,311.9,22.0,1,0,2024,5,27,917,9,17,2,0,167610,31628,14.700000000000044,0,Medium
750302,18.1093,74.0858,309.3,1.1,1.0,2025-11-11,417,0,MODIS,51,61.03,298.4,5.0,1,0,2025,11,11,417,4,17,4,3,38436,2420,10.900000000000034,0,Low
174509,26.0426,91.4651,308.1,1.0,1.0,2019-01-05,715,1,MODIS,63,6.03,297.1,4.6,1,0,2019,1,5,715,7,15,1,8,33148,1715,11.0,0,Low
435177,17.8917,75.563,310.5,1.0,1.0,2021-12-21,533,0,MODIS,45,6.03,299.2,4.6,1,0,2021,12,21,533,5,33,1,3,38436,5945,11.300000000000011,0,Low
6971,26.5323,94.7903,316.8,1.3,1.1,2017-02-13,644,1,MODIS,75,6.2,293.8,19.2,1,0,2017,2,13,644,6,44,1,11,41370,5791,23.0,0,Medium
55593,22.0532,79.5255,306.7,1.3,1.1,2017-05-14,1645,0,MODIS,66,6.2,296.4,6.2,0,0,2017,5,14,1645,16,45,2,5,47348,4086,10.300000000000011,0,Low
615940,24.2214,93.3118,334.6,4.4,1.9,2024-03-15,651,1,MODIS,87,61.03,288.7,264.9,1,0,2024,3,15,651,6,51,2,2,57778,42248,45.900000000000034,1,Extreme
626740,26.5432,92.2969,328.0,1.3,1.1,2024-04-07,753,1,MODIS,79,61.03,302.9,24.3,1,0,2024,4,7,753,7,53,2,8,33148,7372,25.100000000000023,0,Medium
311935,30.2848,76.4235,311.5,1.2,1.1,2020-11-08,759,1,MODIS,38,6.03,301.3,5.9,1,0,2020,11,8,759,7,59,4,0,167610,73042,10.199999999999989,0,Low
340782,20.2318,84.4415,322.0,1.0,1.0,2021-03-02,744,1,MODIS,49,6.03,309.9,7.6,1,0,2021,3,2,744,7,44,2,1,73921,19544,12.100000000000025,0,Low
315402,29.7978,75.4426,323.3,1.0,1.0,2020-11-13,817,1,MODIS,77,6.03,298.2,15.8,1,0,2020,11,13,817,8,17,4,0,167610,73042,25.100000000000023,0,Medium
662405,29.7538,75.3993,313.0,1.2,1.1,2024-11-23,915,1,MODIS,60,61.03,299.8,7.3,1,0,2024,11,23,915,9,15,4,0,167610,73042,13.199999999999989,0,Low
243723,25.7695,76.7236,330.1,1.1,1.0,2019-11-13,804,1,MODIS,84,6.03,301.1,22.5,1,0,2019,11,13,804,8,4,4,4,76528,9210,29.0,1,Medium
567142,20.8144,75.8219,340.8,1.1,1.0,2023-04-25,838,1,MODIS,81,61.03,321.9,15.0,1,0,2023,4,25,838,8,38,2,9,27481,3504,18.900000000000038,0,Medium
740695,30.568,75.6129,328.3,1.4,1.2,2025-05-14,900,1,MODIS,66,61.03,310.6,14.4,1,0,2025,5,14,900,9,0,2,0,167610,31628,17.69999999999999,0,Medium
137289,21.526,83.7435,331.1,1.0,1.0,2018-04-27,745,1,MODIS,68,6.03,309.3,14.4,1,0,2018,4,27,745,7,45,2,1,73921,9197,21.80000000000001,0,Medium
595280,25.2884,83.3059,311.7,1.4,1.2,2023-12-25,825,1,MODIS,61,61.03,297.4,9.1,1,0,2023,12,25,825,8,25,1,12,49232,8420,14.300000000000011,0,Low
45471,21.5819,79.2333,340.0,1.4,1.2,2017-04-18,821,1,MODIS,80,6.2,320.3,32.9,1,0,2017,4,18,821,8,21,2,5,47348,16741,19.69999999999999,0,High
320481,25.0374,83.8908,313.7,1.4,1.2,2020-12-07,727,1,MODIS,26,6.03,300.2,7.1,1,0,2020,12,7,727,7,27,1,12,49232,8420,13.5,0,Low
133891,20.0607,83.8381,326.2,2.9,1.6,2018-04-21,822,1,MODIS,69,6.03,307.4,42.1,1,0,2018,4,21,822,8,22,2,1,73921,9197,18.80000000000001,0,High
212237,25.4505,92.9718,328.3,1.6,1.2,2019-04-25,727,1,MODIS,80,6.03,301.2,31.8,1,0,2019,4,25,727,7,27,2,8,33148,7372,27.100000000000023,0,High
352292,24.506,93.1027,327.5,1.5,1.2,2021-03-13,726,1,MODIS,79,6.03,301.2,36.4,1,0,2021,3,13,726,7,26,2,2,57778,42248,26.30000000000001,0,High
658745,23.4096,80.0062,314.7,1.0,1.0,2024-11-15,849,1,MODIS,43,61.03,301.9,5.8,1,0,2024,11,15,849,8,49,4,5,47348,5930,12.800000000000011,0,Low
421365,30.8262,74.4089,323.4,1.1,1.0,2021-11-07,824,1,MODIS,64,6.03,301.4,12.9,1,0,2021,11,7,824,8,24,4,0,167610,73042,22.0,0,Medium
432053,25.9459,82.7451,311.2,1.7,1.3,2021-11-25,810,1,MODIS,59,6.03,298.9,11.3,1,0,2021,11,25,810,8,10,4,7,41741,5012,12.300000000000011,0,Medium
467801,24.2702,81.1316,317.2,2.4,1.5,2022-03-29,1612,0,MODIS,95,6.03,298.0,45.9,0,0,2022,3,29,1612,16,12,2,5,47348,12422,19.19999999999999,1,High
450049,26.965,92.1851,364.4,1.0,1.0,2022-03-11,708,1,MODIS,100,6.03,299.5,96.4,1,0,2022,3,11,708,7,8,2,8,33148,19990,64.89999999999998,1,Extreme
48004,22.5035,85.5482,333.3,1.0,1.0,2017-04-24,745,1,MODIS,65,6.2,316.1,11.5,1,0,2017,4,24,745,7,45,2,12,49232,12010,17.19999999999999,0,Medium
550627,18.8986,82.6589,321.3,2.0,1.4,2023-03-29,740,1,MODIS,66,61.03,302.0,25.4,1,0,2023,3,29,740,7,40,2,13,47964,18871,19.30000000000001,0,Medium
752969,26.6196,79.2244,313.5,1.1,1.0,2025-11-16,932,1,MODIS,61,61.03,297.7,8.3,1,0,2025,11,16,932,9,32,4,7,41741,5012,15.800000000000011,0,Low
668985,21.7401,82.756,321.0,1.0,1.0,2024-12-22,844,1,MODIS,77,61.03,294.6,14.7,1,0,2024,12,22,844,8,44,1,1,73921,11178,26.399999999999977,0,Medium
114222,18.0389,75.1814,325.9,1.5,1.2,2018-03-21,557,0,MODIS,57,6.03,306.7,22.8,1,0,2018,3,21,557,5,57,2,3,38436,7918,19.19999999999999,0,Medium
471888,23.04,77.7529,337.0,1.5,1.2,2022-04-10,540,0,MODIS,79,6.03,316.1,29.2,1,0,2022,4,10,540,5,40,2,4,76528,39620,20.899999999999977,0,Medium
738693,24.8541,76.342,324.2,1.5,1.2,2025-05-08,416,0,MODIS,72,61.03,297.8,14.7,1,0,2025,5,8,416,4,16,2,4,76528,7507,26.399999999999977,0,Medium
495748,29.9519,76.2242,320.6,1.4,1.2,2022-10-24,834,1,MODIS,70,6.03,305.7,13.9,1,0,2022,10,24,834,8,34,4,0,167610,39610,14.900000000000034,0,Medium
729747,26.4581,83.971,331.5,1.0,1.0,2025-04-21,847,1,MODIS,35,61.03,314.2,10.9,1,0,2025,4,21,847,8,47,2,12,49232,12010,17.30000000000001,0,Medium
555415,23.7894,91.9275,325.2,2.7,1.6,2023-04-10,756,1,MODIS,75,61.03,299.7,58.8,1,0,2023,4,10,756,7,56,2,2,57778,10542,25.5,0,High
34036,23.1689,93.2829,348.8,1.1,1.0,2017-04-10,423,0,MODIS,94,6.2,300.3,61.3,1,0,2017,4,10,423,4,23,2,2,57778,10542,48.5,1,Extreme
733116,29.0504,76.4565,328.8,1.1,1.0,2025-04-24,906,1,MODIS,50,61.03,315.4,9.1,1,0,2025,4,24,906,9,6,2,0,167610,7906,13.400000000000034,0,Low
567433,28.2123,80.1451,325.3,1.4,1.2,2023-04-27,826,1,MODIS,67,61.03,306.0,11.1,1,0,2023,4,27,826,8,26,2,7,41741,15320,19.30000000000001,0,Medium
457604,24.3962,93.3278,316.6,1.0,1.0,2022-03-18,713,1,MODIS,54,6.03,302.6,8.0,1,0,2022,3,18,713,7,13,2,2,57778,42248,14.0,0,Low
190575,12.8182,79.8983,338.0,1.0,1.0,2019-03-16,813,1,MODIS,81,6.03,313.2,21.7,1,0,2019,3,16,813,8,13,2,14,36148,12659,24.80000000000001,1,Medium
750663,25.5813,76.7256,339.4,1.0,1.0,2025-11-11,936,1,MODIS,90,61.03,300.4,35.8,1,0,2025,11,11,936,9,36,4,4,76528,9210,39.0,1,High
469368,20.2613,82.3876,338.8,2.0,1.4,2022-03-31,819,1,MODIS,84,6.03,311.6,69.1,1,0,2022,3,31,819,8,19,2,1,73921,19544,27.19999999999999,1,Extreme
531287,11.3731,78.0589,336.7,1.0,1.0,2023-02-21,827,1,MODIS,81,61.03,317.9,15.1,1,0,2023,2,21,827,8,27,1,6,13460,3893,18.80000000000001,0,Medium
282600,23.3219,77.3759,331.3,1.0,1.0,2020-04-22,537,0,MODIS,52,6.03,314.1,9.8,1,0,2020,4,22,537,5,37,2,4,76528,39620,17.19999999999999,0,Low
439501,21.502,74.2623,311.8,2.4,1.5,2022-02-01,607,0,MODIS,25,6.03,301.0,12.2,1,0,2022,2,1,607,6,7,1,10,21095,2073,10.800000000000011,0,Medium
161664,30.02,75.8088,316.9,1.0,1.0,2018-11-08,817,1,MODIS,63,6.03,302.3,8.1,1,0,2018,11,8,817,8,17,4,0,167610,73042,14.599999999999966,0,Low
687801,19.6825,79.8514,320.4,1.1,1.0,2025-03-02,853,1,MODIS,51,61.03,307.2,6.2,1,0,2025,3,2,853,8,53,2,13,47964,18871,13.199999999999989,0,Low
724541,23.1839,75.9793,332.2,1.1,1.1,2025-04-09,909,1,MODIS,49,61.03,316.9,8.4,1,0,2025,4,9,909,9,9,2,4,76528,39620,15.300000000000011,0,Low
767498,19.1454,76.5504,311.9,1.0,1.0,2026-01-10,414,0,MODIS,70,61.03,295.5,9.2,1,0,2026,1,10,414,4,14,1,9,27481,3684,16.399999999999977,0,Low
515978,17.5241,75.4811,320.3,1.0,1.0,2022-12-22,515,0,MODIS,69,6.03,303.7,11.2,1,0,2022,12,22,515,5,15,1,3,38436,5945,16.600000000000023,0,Medium
640633,22.1721,79.645,330.2,1.0,1.0,2024-05-05,444,0,MODIS,69,61.03,315.6,8.9,1,0,2024,5,5,444,4,44,2,5,47348,4086,14.599999999999966,0,Low
526753,10.9244,79.0862,310.8,2.2,1.4,2023-02-11,756,1,MODIS,18,61.03,291.0,21.5,1,0,2023,2,11,756,7,56,1,6,13460,3893,19.80000000000001,0,Medium
285143,27.1748,83.0503,303.0,1.0,1.0,2020-04-29,1640,0,MODIS,41,6.03,292.4,3.6,0,0,2020,4,29,1640,16,40,2,7,41741,15320,10.600000000000025,0,Low
127738,23.0712,92.4264,380.7,1.4,1.2,2018-04-03,656,1,MODIS,94,6.03,302.1,238.7,1,0,2018,4,3,656,6,56,2,2,57778,10542,78.59999999999997,1,Extreme
250118,28.0638,95.6749,311.2,1.4,1.2,2020-01-14,638,1,MODIS,70,6.03,288.5,11.4,1,0,2020,1,14,638,6,38,1,11,41370,4936,22.69999999999999,0,Medium
690960,16.1696,74.4002,319.0,1.7,1.3,2025-03-07,421,0,MODIS,54,61.03,308.0,11.0,1,0,2025,3,7,421,4,21,2,3,38436,7918,11.0,0,Medium
261465,16.5087,75.4852,329.7,1.0,1.0,2020-03-16,826,1,MODIS,62,6.03,311.3,9.4,1,0,2020,3,16,826,8,26,2,3,38436,7918,18.399999999999977,0,Low
1935,25.2207,93.7768,300.1,1.4,1.2,2017-01-16,447,0,MODIS,23,6.2,288.2,8.0,1,0,2017,1,16,447,4,47,1,11,41370,4936,11.900000000000034,0,Low
516208,21.8722,82.2348,331.4,1.1,1.1,2022-12-22,752,1,MODIS,85,6.03,283.5,30.3,1,0,2022,12,22,752,7,52,1,1,73921,11178,47.89999999999998,1,High
312637,23.1721,79.7498,317.7,3.5,1.8,2020-11-09,840,1,MODIS,67,6.03,301.6,49.4,1,0,2020,11,9,840,8,40,4,5,47348,5930,16.099999999999966,0,High
701156,23.7844,93.2152,314.6,1.1,1.1,2025-03-16,814,1,MODIS,42,61.03,302.8,5.9,1,0,2025,3,16,814,8,14,2,2,57778,42248,11.800000000000011,0,Low
681802,19.1178,81.7165,330.5,1.0,1.0,2025-02-15,852,1,MODIS,78,61.03,311.9,14.6,1,0,2025,2,15,852,8,52,1,13,47964,5221,18.600000000000023,0,Medium
598691,21.7212,83.0055,317.9,1.2,1.1,2024-01-13,825,1,MODIS,58,61.03,304.8,9.8,1,0,2024,1,13,825,8,25,1,1,73921,10736,13.099999999999966,0,Low
292160,31.0754,75.6535,330.1,1.8,1.3,2020-05-26,523,0,MODIS,56,6.03,310.9,16.3,1,0,2020,5,26,523,5,23,2,0,167610,31628,19.200000000000045,0,Medium
721036,22.286,70.1476,335.7,1.1,1.0,2025-04-05,949,1,MODIS,71,61.03,321.4,13.3,1,0,2025,4,5,949,9,49,2,10,21095,4258,14.300000000000011,0,Medium
730761,23.6247,75.8862,322.4,1.0,1.0,2025-04-22,1606,0,MODIS,100,61.03,296.1,18.5,0,0,2025,4,22,1606,16,6,2,4,76528,39620,26.299999999999955,0,Medium
236831,31.9061,75.0834,313.5,1.1,1.0,2019-10-28,806,1,MODIS,62,6.03,301.1,5.9,1,0,2019,10,28,806,8,6,4,0,167610,39610,12.399999999999975,0,Low
515292,19.4409,75.9934,301.4,1.5,1.2,2022-12-18,1640,0,MODIS,41,6.03,289.0,9.2,0,0,2022,12,18,1640,16,40,1,9,27481,2370,12.399999999999975,0,Low
70067,21.0644,74.3773,329.2,1.1,1.1,2017-11-05,815,1,MODIS,79,6.2,309.3,18.0,1,0,2017,11,5,815,8,15,4,10,21095,1837,19.899999999999977,0,Medium
395567,24.4186,83.2007,338.6,1.0,1.0,2021-04-19,745,1,MODIS,73,6.03,318.3,16.0,1,0,2021,4,19,745,7,45,2,12,49232,12010,20.30000000000001,0,Medium
450969,14.2885,78.3047,325.5,1.0,1.0,2022-03-13,519,0,MODIS,64,6.03,309.5,8.8,1,0,2022,3,13,519,5,19,2,14,36148,12659,16.0,0,Low
456725,19.1315,80.2351,337.2,1.0,1.0,2022-03-17,807,1,MODIS,81,6.03,315.6,21.7,1,0,2022,3,17,807,8,7,2,13,47964,18871,21.59999999999997,1,Medium
159059,30.9946,74.8654,313.7,2.0,1.4,2018-11-04,842,1,MODIS,59,6.03,293.0,19.9,1,0,2018,11,4,842,8,42,4,0,167610,73042,20.69999999999999,0,Medium
375527,22.3477,75.7105,332.3,1.1,1.1,2021-03-30,809,1,MODIS,59,6.03,319.3,10.4,1,0,2021,3,30,809,8,9,2,4,76528,13167,13.0,0,Medium
529726,22.3431,80.0779,320.8,1.0,1.0,2023-02-16,814,1,MODIS,66,61.03,306.5,8.8,1,0,2023,2,16,814,8,14,1,5,47348,2034,14.300000000000011,0,Low
362352,24.9616,82.696,333.7,2.2,1.4,2021-03-22,721,1,MODIS,74,6.03,297.2,80.8,1,0,2021,3,22,721,7,21,2,5,47348,12422,36.5,0,Extreme
520021,26.5688,94.854,310.2,1.2,1.1,2023-01-11,720,1,MODIS,37,61.03,294.9,8.9,1,0,2023,1,11,720,7,20,1,11,41370,4936,15.300000000000011,0,Low
336049,29.1679,79.6096,309.9,1.0,1.0,2021-02-21,753,1,MODIS,62,6.03,299.0,5.6,1,0,2021,2,21,753,7,53,1,7,41741,3088,10.899999999999975,0,Low
114116,27.6532,94.9298,309.6,1.4,1.2,2018-03-20,1610,0,MODIS,78,6.03,287.9,16.4,0,0,2018,3,20,1610,16,10,2,11,41370,18499,21.700000000000045,0,Medium
243232,30.2867,75.3947,315.9,3.3,1.7,2019-11-10,735,1,MODIS,45,6.03,300.8,33.0,1,0,2019,11,10,735,7,35,4,0,167610,73042,15.099999999999966,0,High
234349,29.6609,75.8349,319.3,1.0,1.0,2019-10-26,817,1,MODIS,70,6.03,300.8,10.2,1,0,2019,10,26,817,8,17,4,0,167610,39610,18.5,0,Medium
185865,25.1826,92.1523,310.7,1.4,1.2,2019-03-08,727,1,MODIS,56,6.03,299.4,8.0,1,0,2019,3,8,727,7,27,2,8,33148,19990,11.300000000000011,0,Low
87805,19.4378,76.994,319.1,1.5,1.2,2018-01-29,833,1,MODIS,39,6.03,308.3,9.8,1,0,2018,1,29,833,8,33,1,9,27481,3684,10.800000000000011,0,Low
413229,31.4944,74.8291,313.6,1.0,1.0,2021-10-31,818,1,MODIS,59,6.03,301.5,5.9,1,0,2021,10,31,818,8,18,4,0,167610,39610,12.100000000000025,0,Low
168491,30.8259,75.2902,325.0,2.0,1.4,2018-11-21,747,1,MODIS,80,6.03,306.0,40.6,1,0,2018,11,21,747,7,47,4,0,167610,73042,19.0,0,High
167443,30.9133,76.0578,313.0,1.0,1.0,2018-11-17,812,1,MODIS,73,6.03,294.9,7.2,1,2,2018,11,17,812,8,12,4,0,167610,73042,18.100000000000023,0,Low
700155,25.7334,92.5409,321.6,2.6,1.5,2025-03-15,736,1,MODIS,77,61.03,295.0,61.9,1,0,2025,3,15,736,7,36,2,8,33148,19990,26.600000000000023,0,Extreme
448024,27.1096,93.3497,301.0,1.0,1.0,2022-03-08,1555,0,MODIS,37,6.03,289.1,4.9,0,0,2022,3,8,1555,15,55,2,11,41370,18499,11.899999999999975,0,Low
371776,22.2629,76.2353,334.1,1.0,1.0,2021-03-28,822,1,MODIS,32,6.03,318.7,13.5,1,0,2021,3,28,822,8,22,2,4,76528,13167,15.400000000000034,0,Medium
551505,19.1869,83.0487,322.0,1.1,1.0,2023-04-01,808,1,MODIS,70,61.03,301.2,8.0,1,0,2023,4,1,808,8,8,2,1,73921,9197,20.80000000000001,0,Low
371341,20.2691,79.7005,337.2,1.5,1.2,2021-03-28,821,1,MODIS,76,6.03,314.8,34.2,1,0,2021,3,28,821,8,21,2,13,47964,18871,22.399999999999977,0,High
2684,20.1519,84.8881,321.6,1.2,1.1,2017-01-20,731,1,MODIS,73,6.2,305.0,17.3,1,0,2017,1,20,731,7,31,1,1,73921,10736,16.600000000000023,0,Medium
62866,30.8847,74.3707,315.9,1.2,1.1,2017-10-22,805,1,MODIS,58,6.2,301.7,7.7,1,0,2017,10,22,805,8,5,4,0,167610,39610,14.199999999999989,0,Low
722338,20.9532,86.0527,313.6,1.1,1.0,2025-04-06,2057,1,MODIS,87,61.03,297.6,11.0,0,2,2025,4,6,2057,20,57,2,1,73921,9197,16.0,0,Medium
95388,15.7914,78.8265,305.6,1.8,1.3,2018-02-26,1644,0,MODIS,39,6.03,294.0,12.8,0,0,2018,2,26,1644,16,44,1,14,36148,10539,11.600000000000025,0,Medium
126342,29.2048,79.7145,319.4,1.1,1.0,2018-03-31,806,1,MODIS,58,6.03,306.7,9.3,1,0,2018,3,31,806,8,6,2,7,41741,3895,12.699999999999989,0,Low
726227,27.2914,82.5488,321.4,2.8,1.6,2025-04-13,1506,0,MODIS,100,61.03,280.8,93.2,0,0,2025,4,13,1506,15,6,2,7,41741,15320,40.599999999999966,1,Extreme
51648,22.4831,80.0457,332.7,1.2,1.1,2017-05-04,513,0,MODIS,61,6.2,314.9,11.6,1,0,2017,5,4,513,5,13,2,5,47348,4086,17.80000000000001,0,Medium
60462,29.6271,77.049,322.8,1.1,1.1,2017-10-15,759,1,MODIS,72,6.2,306.1,12.0,1,0,2017,10,15,759,7,59,4,0,167610,39610,16.69999999999999,0,Medium
141375,31.7247,74.609,340.6,1.0,1.0,2018-05-09,812,1,MODIS,76,6.03,313.8,21.4,1,0,2018,5,9,812,8,12,2,0,167610,31628,26.80000000000001,0,Medium
345756,23.1582,69.7143,332.4,1.4,1.2,2021-03-06,859,1,MODIS,72,6.03,316.8,21.4,1,0,2021,3,6,859,8,59,2,10,21095,5604,15.599999999999966,0,Medium
650778,18.6843,79.7677,312.4,1.9,1.3,2024-08-28,822,1,MODIS,37,61.03,288.9,15.8,1,0,2024,8,28,822,8,22,3,13,47964,94,23.5,0,Medium
600047,23.3717,71.6677,317.9,1.2,1.1,2024-01-23,534,0,MODIS,71,61.03,300.1,12.6,1,0,2024,1,23,534,5,34,1,10,21095,2544,17.799999999999955,0,Medium
622235,23.0048,78.9762,323.5,1.1,1.0,2024-04-01,443,0,MODIS,53,61.03,309.4,8.9,1,0,2024,4,1,443,4,43,2,5,47348,16741,14.100000000000025,0,Low
639266,23.6876,86.3943,310.5,1.1,1.0,2024-05-02,2043,1,MODIS,80,61.03,297.9,10.0,0,2,2024,5,2,2043,20,43,2,12,49232,3184,12.600000000000025,0,Low
289345,20.9642,85.1706,317.2,1.3,1.1,2020-05-13,1651,0,MODIS,93,6.03,298.2,17.3,0,2,2020,5,13,1651,16,51,2,1,73921,4396,19.0,0,Medium
467059,23.6044,81.7276,325.2,1.1,1.0,2022-03-29,516,0,MODIS,18,6.03,312.4,6.6,1,0,2022,3,29,516,5,16,2,5,47348,12422,12.800000000000011,0,Low
401547,23.6066,79.2798,334.1,2.3,1.5,2021-04-30,554,0,MODIS,73,6.03,316.5,41.2,1,0,2021,4,30,554,5,54,2,5,47348,16741,17.600000000000023,0,High
512561,14.8134,75.7978,318.3,1.7,1.3,2022-12-04,810,1,MODIS,52,6.03,299.2,17.4,1,0,2022,12,4,810,8,10,1,14,36148,1891,19.100000000000023,0,Medium
568643,31.7575,75.6062,343.6,1.8,1.3,2023-05-08,759,1,MODIS,91,61.03,302.7,88.6,1,0,2023,5,8,759,7,59,2,0,167610,31628,40.900000000000034,1,Extreme
475926,23.9137,82.1626,336.1,1.0,1.0,2022-04-20,754,1,MODIS,71,6.03,316.3,15.0,1,0,2022,4,20,754,7,54,2,5,47348,16741,19.80000000000001,0,Medium
279299,23.9469,79.1291,334.1,1.0,1.0,2020-04-15,531,0,MODIS,69,6.03,317.2,10.9,1,0,2020,4,15,531,5,31,2,5,47348,16741,16.900000000000034,0,Medium
685121,19.2806,78.562,325.0,1.1,1.0,2025-02-23,913,1,MODIS,49,61.03,310.6,8.9,1,0,2025,2,23,913,9,13,1,9,27481,5254,14.399999999999975,0,Low
290370,30.6104,74.1066,334.4,1.7,1.3,2020-05-17,842,1,MODIS,64,6.03,316.7,25.4,1,0,2020,5,17,842,8,42,2,0,167610,31628,17.69999999999999,0,Medium
165012,30.2586,75.2802,311.5,1.6,1.3,2018-11-12,753,1,MODIS,38,6.03,296.8,8.6,1,0,2018,11,12,753,7,53,4,0,167610,73042,14.699999999999989,0,Low
322437,21.6235,82.5182,320.8,1.0,1.0,2020-12-19,750,1,MODIS,72,6.03,305.1,10.7,1,0,2020,12,19,750,7,50,1,1,73921,11178,15.699999999999989,0,Medium
183039,16.2588,75.4349,305.4,1.0,1.0,2019-02-23,1721,0,MODIS,64,6.03,291.8,6.7,0,0,2019,2,23,1721,17,21,1,3,38436,8837,13.599999999999966,0,Low
473213,24.1804,77.5782,303.8,1.0,1.0,2022-04-15,1655,0,MODIS,50,6.03,293.6,4.4,0,0,2022,4,15,1655,16,55,2,4,76528,39620,10.199999999999989,0,Low
197016,25.8674,92.3572,327.3,1.0,1.0,2019-03-26,715,1,MODIS,39,6.03,298.2,18.3,1,0,2019,3,26,715,7,15,2,8,33148,19990,29.100000000000023,0,Medium
546227,25.9151,94.9518,327.0,4.3,1.9,2023-03-13,753,1,MODIS,75,61.03,299.5,164.6,1,0,2023,3,13,753,7,53,2,11,41370,18499,27.5,0,Extreme
358842,25.2,92.5572,310.5,1.6,1.2,2021-03-19,650,1,MODIS,52,6.03,290.4,14.2,1,0,2021,3,19,650,6,50,2,8,33148,19990,20.100000000000023,0,Medium
423662,31.1944,75.8339,313.3,1.0,1.0,2021-11-09,812,1,MODIS,61,6.03,302.3,4.7,1,0,2021,11,9,812,8,12,4,0,167610,73042,11.0,0,Low
663417,26.0736,83.9606,316.3,1.0,1.0,2024-11-27,836,1,MODIS,72,61.03,299.1,10.4,1,0,2024,11,27,836,8,36,4,12,49232,3375,17.19999999999999,0,Medium
445826,15.1317,77.843,327.2,1.1,1.0,2022-03-04,525,0,MODIS,70,6.03,310.1,11.6,1,0,2022,3,4,525,5,25,2,14,36148,12659,17.099999999999966,0,Medium
178905,18.6859,74.3169,317.6,2.1,1.4,2019-02-02,609,0,MODIS,60,6.03,303.4,19.7,1,0,2019,2,2,609,6,9,1,3,38436,8837,14.200000000000044,0,Medium
710903,18.0345,82.2608,322.9,1.0,1.0,2025-03-27,850,1,MODIS,49,61.03,307.8,9.0,1,0,2025,3,27,850,8,50,2,13,47964,18871,15.099999999999966,0,Low
270514,24.8693,93.6044,320.6,1.0,1.0,2020-03-31,435,0,MODIS,62,6.03,305.4,12.1,1,0,2020,3,31,435,4,35,2,2,57778,42248,15.200000000000044,0,Medium
551838,22.4616,77.2989,313.8,1.2,1.1,2023-04-02,1633,0,MODIS,88,61.03,291.9,16.0,0,0,2023,4,2,1633,16,33,2,4,76528,39620,21.900000000000038,0,Medium
63911,28.9588,79.7366,312.7,3.2,1.7,2017-10-25,835,1,MODIS,44,6.2,300.7,27.3,1,0,2017,10,25,835,8,35,4,7,41741,2163,12.0,0,Medium
700165,12.0062,77.2747,344.3,1.1,1.0,2025-03-15,910,1,MODIS,90,61.03,314.9,37.9,1,0,2025,3,15,910,9,10,2,6,13460,3928,29.400000000000038,1,High
252298,16.5873,75.5935,302.9,1.0,1.0,2020-02-03,1715,0,MODIS,52,6.03,291.9,5.2,0,0,2020,2,3,1715,17,15,1,3,38436,8837,11.0,0,Low
588352,30.0173,76.1979,312.1,1.2,1.1,2023-11-17,822,1,MODIS,35,61.03,300.7,5.4,1,0,2023,11,17,822,8,22,4,0,167610,73042,11.400000000000034,0,Low
720767,23.7942,91.7144,331.3,1.0,1.0,2025-04-05,811,1,MODIS,82,61.03,301.9,20.3,1,0,2025,4,5,811,8,11,2,2,57778,10542,29.400000000000038,1,Medium
564422,14.08,79.0417,331.1,1.3,1.1,2023-04-18,836,1,MODIS,52,61.03,316.2,15.7,1,0,2023,4,18,836,8,36,2,14,36148,3614,14.900000000000034,0,Medium
120839,25.9961,91.9023,326.6,2.8,1.6,2018-03-26,746,1,MODIS,78,6.03,300.3,75.1,1,0,2018,3,26,746,7,46,2,8,33148,19990,26.30000000000001,0,Extreme
667464,29.6101,78.4667,306.4,1.2,1.1,2024-12-15,904,1,MODIS,63,61.03,295.3,5.9,1,0,2024,12,15,904,9,4,1,7,41741,2618,11.099999999999966,0,Low
69587,29.9053,76.3405,310.5,1.5,1.2,2017-11-03,830,1,MODIS,44,6.2,297.4,8.7,1,0,2017,11,3,830,8,30,4,0,167610,73042,13.100000000000025,0,Low
35481,22.9751,78.2475,304.3,1.0,1.0,2017-04-10,1658,0,MODIS,59,6.2,290.4,6.3,0,0,2017,4,10,1658,16,58,2,4,76528,39620,13.900000000000034,0,Low
51002,25.3797,84.2901,331.6,1.4,1.2,2017-05-02,524,0,MODIS,71,6.2,315.5,15.1,1,0,2017,5,2,524,5,24,2,12,49232,3184,16.100000000000023,0,Medium
201278,23.5743,77.5149,334.3,1.0,1.0,2019-04-01,816,1,MODIS,62,6.03,320.8,10.9,1,0,2019,4,1,816,8,16,2,4,76528,39620,13.5,0,Medium
138757,30.8558,75.098,325.1,4.2,1.9,2018-05-01,901,1,MODIS,45,6.03,306.2,54.8,1,0,2018,5,1,901,9,1,2,0,167610,31628,18.900000000000038,0,High
352087,24.247,92.6263,314.8,1.4,1.2,2021-03-13,726,1,MODIS,45,6.03,300.9,9.6,1,0,2021,3,13,726,7,26,2,2,57778,42248,13.900000000000034,0,Low
285483,25.3809,76.4231,304.8,1.3,1.1,2020-04-30,1723,0,MODIS,19,6.03,294.5,5.8,0,0,2020,4,30,1723,17,23,2,4,76528,39620,10.300000000000011,0,Low
576015,30.3758,77.3866,312.3,1.1,1.0,2023-10-08,502,0,MODIS,58,61.03,300.7,6.2,1,0,2023,10,8,502,5,2,4,0,167610,39610,11.600000000000025,0,Low
204144,22.5302,77.2199,321.7,1.0,1.0,2019-04-07,1704,0,MODIS,100,6.03,294.1,18.4,0,0,2019,4,7,1704,17,4,2,4,76528,39620,27.59999999999997,0,Medium
317823,29.9248,75.4977,311.1,1.1,1.1,2020-11-20,824,1,MODIS,58,6.03,298.9,5.8,1,0,2020,11,20,824,8,24,4,0,167610,73042,12.200000000000044,0,Low
443089,24.1737,80.6215,316.3,1.4,1.2,2022-02-20,816,1,MODIS,50,6.03,305.3,9.9,1,0,2022,2,20,816,8,16,1,5,47348,2034,11.0,0,Low
409822,31.0377,75.3779,319.9,1.1,1.1,2021-10-22,824,1,MODIS,70,6.03,303.6,11.1,1,0,2021,10,22,824,8,24,4,0,167610,39610,16.299999999999955,0,Medium
286176,25.1164,77.0795,336.2,2.0,1.4,2020-05-02,746,1,MODIS,72,6.03,318.1,26.7,1,0,2020,5,2,746,7,46,2,4,76528,7507,18.09999999999997,0,Medium
666181,21.5921,81.4522,322.5,1.0,1.0,2024-12-12,841,1,MODIS,77,61.03,301.2,15.0,1,0,2024,12,12,841,8,41,1,5,47348,2981,21.30000000000001,0,Medium
407753,23.769,86.3962,317.9,1.3,1.1,2021-09-20,508,0,MODIS,33,6.03,295.5,12.2,1,2,2021,9,20,508,5,8,4,12,49232,1038,22.399999999999977,0,Medium
310189,28.9359,76.3701,315.6,1.0,1.0,2020-11-06,811,1,MODIS,55,6.03,301.7,7.4,1,2,2020,11,6,811,8,11,4,0,167610,73042,13.900000000000034,0,Low
216258,22.2334,79.7203,304.7,1.0,1.0,2019-05-02,1658,0,MODIS,59,6.03,285.2,4.5,0,0,2019,5,2,1658,16,58,2,5,47348,4086,19.5,0,Low
181669,21.3416,75.7412,319.6,1.3,1.1,2019-02-17,526,0,MODIS,61,6.03,306.2,11.4,1,0,2019,2,17,526,5,26,1,9,27481,5254,13.400000000000034,0,Medium
328306,22.0717,83.8357,313.1,1.1,1.0,2021-01-25,500,0,MODIS,65,6.03,296.8,7.8,1,0,2021,1,25,500,5,0,1,1,73921,10736,16.30000000000001,0,Low
341323,24.981,81.2174,322.1,1.0,1.0,2021-03-03,517,0,MODIS,53,6.03,305.9,9.1,1,0,2021,3,3,517,5,17,2,5,47348,12422,16.200000000000045,0,Low
534600,14.388,77.2029,324.7,1.3,1.1,2023-02-27,521,0,MODIS,70,61.03,309.5,14.7,1,0,2023,2,27,521,5,21,1,14,36148,10539,15.199999999999989,0,Medium
104569,17.4417,78.8035,321.8,1.1,1.0,2018-03-09,533,0,MODIS,34,6.03,308.3,10.7,1,0,2018,3,9,533,5,33,2,9,27481,7575,13.5,0,Medium
406256,20.96,85.1807,300.6,1.9,1.4,2021-05-31,2031,1,MODIS,24,6.03,280.3,6.8,0,2,2021,5,31,2031,20,31,2,1,73921,4396,20.30000000000001,0,Low
421621,31.1833,74.7932,313.9,1.0,1.0,2021-11-08,549,0,MODIS,62,6.03,301.2,5.4,1,0,2021,11,8,549,5,49,4,0,167610,73042,12.699999999999989,0,Low
36446,25.4898,93.1674,319.3,2.3,1.5,2017-04-11,638,1,MODIS,74,6.2,300.5,32.0,1,0,2017,4,11,638,6,38,2,11,41370,8105,18.80000000000001,0,High
125652,23.334,80.7372,339.2,1.0,1.0,2018-03-31,804,1,MODIS,79,6.03,320.3,18.8,1,0,2018,3,31,804,8,4,2,5,47348,12422,18.899999999999977,0,Medium
680632,17.0523,76.8416,319.3,1.0,1.0,2025-02-13,432,0,MODIS,64,61.03,305.5,7.3,1,0,2025,2,13,432,4,32,1,9,27481,5254,13.800000000000011,0,Low
238890,30.0249,75.7187,321.3,1.0,1.0,2019-11-04,811,1,MODIS,51,6.03,299.8,10.3,1,0,2019,11,4,811,8,11,4,0,167610,73042,21.5,0,Medium
201743,24.7969,76.91,309.5,1.7,1.3,2019-04-02,1646,0,MODIS,77,6.03,294.4,17.4,0,0,2019,4,2,1646,16,46,2,4,76528,39620,15.100000000000025,0,Medium
242140,29.1644,79.1165,312.4,1.0,1.0,2019-11-06,759,1,MODIS,65,6.03,301.4,5.0,1,0,2019,11,6,759,7,59,4,7,41741,5012,11.0,0,Low
490891,22.1458,79.2553,334.3,1.0,1.0,2022-05-23,521,0,MODIS,64,6.03,314.7,10.5,1,0,2022,5,23,521,5,21,2,5,47348,4086,19.600000000000023,0,Medium
363868,24.2798,94.2566,327.7,1.0,1.0,2021-03-24,708,1,MODIS,78,6.03,310.4,15.4,1,0,2021,3,24,708,7,8,2,2,57778,42248,17.30000000000001,0,Medium
322408,21.9028,82.7961,343.2,1.0,1.0,2020-12-19,750,1,MODIS,92,6.03,304.4,42.2,1,0,2020,12,19,750,7,50,1,1,73921,11178,38.80000000000001,1,High
172084,23.7703,86.3865,302.8,1.0,1.0,2018-12-22,1627,0,MODIS,29,6.03,287.8,6.8,0,2,2018,12,22,1627,16,27,1,12,49232,8420,15.0,0,Low
367180,25.788,93.2941,326.3,1.1,1.1,2021-03-26,656,1,MODIS,67,6.03,307.6,15.2,1,0,2021,3,26,656,6,56,2,11,41370,18499,18.69999999999999,0,Medium
398987,25.8064,82.8354,335.9,1.0,1.0,2021-04-26,752,1,MODIS,72,6.03,318.6,12.4,1,0,2021,4,26,752,7,52,2,7,41741,15320,17.299999999999955,0,Medium
550939,15.7026,76.1266,329.8,1.0,1.0,2023-03-30,516,0,MODIS,68,61.03,314.5,8.5,1,0,2023,3,30,516,5,16,2,14,36148,12659,15.300000000000011,0,Low
716804,22.7804,77.4498,301.2,1.9,1.3,2025-03-30,1541,0,MODIS,28,61.03,290.3,8.5,0,0,2025,3,30,1541,15,41,2,4,76528,13167,10.899999999999975,0,Low
586093,29.4541,74.0613,332.9,1.2,1.1,2023-11-13,852,1,MODIS,84,61.03,301.5,32.1,1,0,2023,11,13,852,8,52,4,0,167610,73042,31.399999999999977,1,High
638928,24.1379,82.9765,335.1,1.4,1.2,2024-05-02,835,1,MODIS,53,61.03,319.9,15.4,1,0,2024,5,2,835,8,35,2,12,49232,3184,15.200000000000044,0,Medium
422404,30.8241,74.8326,333.2,1.0,1.0,2021-11-09,812,1,MODIS,84,6.03,305.3,24.1,1,0,2021,11,9,812,8,12,4,0,167610,73042,27.899999999999977,1,Medium
104944,23.9722,93.0227,373.7,1.1,1.0,2018-03-09,702,1,MODIS,100,6.03,300.8,135.4,1,0,2018,3,9,702,7,2,2,2,57778,42248,72.89999999999998,1,Extreme
456863,22.7786,77.5557,336.3,1.0,1.0,2022-03-17,808,1,MODIS,79,6.03,319.8,16.5,1,0,2022,3,17,808,8,8,2,4,76528,13167,16.5,0,Medium
530813,16.3498,74.2451,327.1,1.0,1.0,2023-02-19,842,1,MODIS,67,61.03,315.3,8.2,1,0,2023,2,19,842,8,42,1,3,38436,8837,11.800000000000011,0,Low
49432,29.1904,76.6932,334.3,1.1,1.0,2017-04-27,817,1,MODIS,68,6.2,316.8,13.3,1,0,2017,4,27,817,8,17,2,0,167610,7906,17.5,0,Medium
436539,19.9386,74.4446,308.5,1.6,1.2,2022-01-02,556,0,MODIS,39,6.03,295.8,7.5,1,0,2022,1,2,556,5,56,1,3,38436,8477,12.699999999999989,0,Low
107201,21.9339,83.6655,331.6,1.2,1.1,2018-03-11,519,0,MODIS,80,6.03,305.8,26.7,1,0,2018,3,11,519,5,19,2,1,73921,19544,25.80000000000001,0,Medium
68467,29.4945,75.0734,314.7,1.4,1.2,2017-10-31,759,1,MODIS,35,6.2,303.3,7.2,1,0,2017,10,31,759,7,59,4,0,167610,39610,11.399999999999975,0,Low
283123,25.005,76.0815,308.9,1.1,1.0,2020-04-23,1717,0,MODIS,72,6.03,294.5,8.1,0,0,2020,4,23,1717,17,17,2,4,76528,39620,14.399999999999975,0,Low
335062,18.5494,80.5326,329.2,1.2,1.1,2021-02-17,507,0,MODIS,81,6.03,304.8,24.5,1,0,2021,2,17,507,5,7,1,13,47964,5221,24.399999999999977,1,Medium
731225,18.6435,77.9429,325.0,1.2,1.1,2025-04-23,414,0,MODIS,54,61.03,307.6,10.7,1,0,2025,4,23,414,4,14,2,9,27481,3504,17.399999999999977,0,Medium
213324,22.6792,77.9592,334.4,1.2,1.1,2019-04-27,544,0,MODIS,62,6.03,319.7,12.2,1,0,2019,4,27,544,5,44,2,4,76528,39620,14.699999999999989,0,Medium
138272,19.41,81.0915,328.9,1.4,1.2,2018-04-30,815,1,MODIS,36,6.03,308.2,17.6,1,0,2018,4,30,815,8,15,2,13,47964,11656,20.69999999999999,0,Medium
713090,22.4158,77.3964,330.9,1.6,1.3,2025-03-28,931,1,MODIS,71,61.03,310.2,25.9,1,0,2025,3,28,931,9,31,2,4,76528,13167,20.69999999999999,0,Medium
1739,28.7463,78.007,305.3,1.0,1.0,2017-01-14,811,1,MODIS,61,6.2,292.3,5.5,1,0,2017,1,14,811,8,11,1,7,41741,2018,13.0,0,Low
546828,23.5505,93.1329,309.9,1.8,1.3,2023-03-14,656,1,MODIS,42,61.03,287.6,10.1,1,0,2023,3,14,656,6,56,2,2,57778,42248,22.299999999999955,0,Medium
431564,25.125,83.4024,311.9,1.0,1.0,2021-11-23,507,0,MODIS,62,6.03,298.5,6.3,1,0,2021,11,23,507,5,7,4,12,49232,3375,13.399999999999975,0,Low
744223,23.7751,86.2044,306.7,1.1,1.0,2025-09-07,1508,0,MODIS,34,61.03,290.2,5.6,0,2,2025,9,7,1508,15,8,4,12,49232,1038,16.5,0,Low
82877,21.681,87.1052,311.5,1.9,1.3,2018-01-03,757,1,MODIS,65,6.03,299.1,13.5,1,0,2018,1,3,757,7,57,1,12,49232,3185,12.399999999999975,0,Medium
120453,22.3115,82.9742,327.3,1.0,1.0,2018-03-26,745,1,MODIS,25,6.03,316.1,6.4,1,0,2018,3,26,745,7,45,2,1,73921,19544,11.199999999999989,0,Low
195630,10.3819,77.1707,304.6,1.2,1.1,2019-03-25,2022,1,MODIS,61,6.03,292.0,6.9,0,0,2019,3,25,2022,20,22,2,6,13460,3928,12.600000000000025,0,Low
334352,28.7995,77.5272,308.7,1.6,1.2,2021-02-14,747,1,MODIS,53,6.03,297.3,8.9,1,0,2021,2,14,747,7,47,1,0,167610,2711,11.399999999999975,0,Low
163360,30.5704,75.6092,311.7,1.0,1.0,2018-11-09,548,0,MODIS,59,6.03,298.9,5.5,1,0,2018,11,9,548,5,48,4,0,167610,73042,12.800000000000011,0,Low
587710,30.9623,75.3151,319.3,1.0,1.0,2023-11-15,837,1,MODIS,39,61.03,299.9,10.3,1,0,2023,11,15,837,8,37,4,0,167610,73042,19.400000000000038,0,Medium
54463,24.8856,79.396,346.9,1.4,1.2,2017-05-10,745,1,MODIS,89,6.2,317.4,46.6,1,0,2017,5,10,745,7,45,2,5,47348,4086,29.5,1,High
80624,25.2349,84.2615,308.7,1.0,1.0,2017-12-20,745,1,MODIS,38,6.2,294.7,4.2,1,0,2017,12,20,745,7,45,1,12,49232,8420,14.0,0,Low
93921,18.3809,80.6824,321.3,1.0,1.0,2018-02-23,520,0,MODIS,64,6.03,307.5,7.6,1,0,2018,2,23,520,5,20,1,13,47964,5221,13.800000000000011,0,Low
16815,26.915,92.8132,315.7,1.4,1.2,2017-03-08,651,1,MODIS,66,6.2,299.5,11.5,1,0,2017,3,8,651,6,51,2,8,33148,19990,16.19999999999999,0,Medium
738289,18.6599,83.0495,323.3,1.4,1.2,2025-05-06,840,1,MODIS,71,61.03,299.2,24.0,1,0,2025,5,6,840,8,40,2,13,47964,4838,24.100000000000023,0,Medium
553704,25.9734,92.2076,312.1,2.8,1.6,2023-04-08,448,0,MODIS,60,61.03,296.4,26.4,1,0,2023,4,8,448,4,48,2,8,33148,7372,15.700000000000044,0,Medium
254080,29.9805,77.0075,305.0,1.1,1.0,2020-02-16,548,0,MODIS,60,6.03,293.5,4.9,1,0,2020,2,16,548,5,48,1,0,167610,2711,11.5,0,Low
674310,19.9666,82.1496,319.4,1.0,1.0,2025-01-21,851,1,MODIS,63,61.03,308.5,8.0,1,0,2025,1,21,851,8,51,1,13,47964,1969,10.899999999999975,0,Low
63552,30.8983,76.5322,313.4,1.3,1.1,2017-10-24,753,1,MODIS,67,6.2,303.3,6.7,1,0,2017,10,24,753,7,53,4,0,167610,39610,10.099999999999966,0,Low
693898,22.9811,92.4965,302.1,1.2,1.1,2025-03-09,1454,0,MODIS,47,61.03,290.0,7.0,0,0,2025,3,9,1454,14,54,2,2,57778,42248,12.100000000000025,0,Low
193146,15.0772,74.8101,337.4,1.0,1.0,2019-03-21,832,1,MODIS,78,6.03,314.1,19.6,1,0,2019,3,21,832,8,32,2,3,38436,7918,23.299999999999955,0,Medium
89777,26.7143,90.9243,307.4,1.2,1.1,2018-02-05,703,1,MODIS,47,6.03,290.9,6.7,1,0,2018,2,5,703,7,3,1,8,33148,2829,16.5,0,Low
132907,23.4312,77.7819,342.0,1.1,1.0,2018-04-19,526,0,MODIS,73,6.03,321.3,18.8,1,0,2018,4,19,526,5,26,2,4,76528,39620,20.69999999999999,0,Medium
22512,27.7677,94.9221,324.5,1.1,1.0,2017-03-24,651,1,MODIS,77,6.2,300.3,17.5,1,0,2017,3,24,651,6,51,2,11,41370,18499,24.19999999999999,0,Medium
498222,31.3652,74.8573,313.6,1.9,1.3,2022-10-30,756,1,MODIS,62,6.03,300.8,12.7,1,0,2022,10,30,756,7,56,4,0,167610,39610,12.800000000000011,0,Medium
96735,25.5182,91.5139,309.0,1.0,1.0,2018-03-01,441,0,MODIS,54,6.03,297.4,4.7,1,0,2018,3,1,441,4,41,2,8,33148,19990,11.600000000000025,0,Low
690765,22.6736,87.1478,311.3,2.1,1.4,2025-03-07,419,0,MODIS,58,61.03,300.6,14.2,1,0,2025,3,7,419,4,19,2,12,49232,10270,10.699999999999989,0,Medium
122091,20.4904,79.7792,331.5,1.9,1.3,2018-03-27,828,1,MODIS,51,6.03,313.6,25.7,1,0,2018,3,27,828,8,28,2,13,47964,18871,17.899999999999977,0,Medium
370764,19.0358,79.2955,332.0,1.2,1.1,2021-03-28,513,0,MODIS,73,6.03,314.8,15.2,1,0,2021,3,28,513,5,13,2,13,47964,18871,17.19999999999999,0,Medium
618471,23.1138,78.1915,322.2,1.0,1.0,2024-03-20,448,0,MODIS,65,61.03,306.9,8.4,1,0,2024,3,20,448,4,48,2,4,76528,13167,15.300000000000011,0,Low
625807,23.7012,91.8647,326.0,2.6,1.6,2024-04-06,711,1,MODIS,46,61.03,297.2,60.1,1,0,2024,4,6,711,7,11,2,2,57778,10542,28.80000000000001,0,Extreme
403947,30.9365,75.3528,335.4,1.0,1.0,2021-05-08,818,1,MODIS,78,6.03,311.5,14.2,1,0,2021,5,8,818,8,18,2,0,167610,31628,23.899999999999977,0,Medium
765003,17.9437,75.0746,307.9,1.7,1.3,2025-12-28,356,0,MODIS,63,61.03,292.6,13.4,1,0,2025,12,28,356,3,56,1,3,38436,5945,15.299999999999956,0,Medium
399734,24.9468,76.1873,338.7,1.6,1.2,2021-04-27,834,1,MODIS,71,6.03,323.8,18.8,1,0,2021,4,27,834,8,34,2,4,76528,39620,14.899999999999975,0,Medium
658663,22.1218,81.6186,314.9,1.1,1.0,2024-11-15,849,1,MODIS,58,61.03,300.3,7.3,1,0,2024,11,15,849,8,49,4,5,47348,5930,14.599999999999966,0,Low
435976,21.9075,82.493,312.6,2.5,1.5,2021-12-25,822,1,MODIS,64,6.03,297.9,20.6,1,0,2021,12,25,822,8,22,1,1,73921,11178,14.700000000000044,0,Medium
211814,23.9706,94.1648,308.7,1.1,1.1,2019-04-24,1609,0,MODIS,74,6.03,297.0,7.7,0,0,2019,4,24,1609,16,9,2,2,57778,10542,11.699999999999989,0,Low
570297,23.7132,92.0482,312.1,1.0,1.0,2023-05-12,729,1,MODIS,19,61.03,290.4,4.5,1,0,2023,5,12,729,7,29,2,2,57778,307,21.700000000000045,0,Low
207438,22.9795,78.5529,311.7,1.1,1.0,2019-04-14,1710,0,MODIS,82,6.03,293.2,10.1,0,0,2019,4,14,1710,17,10,2,4,76528,39620,18.5,0,Medium
608487,23.8451,92.882,329.3,1.1,1.1,2024-03-02,745,1,MODIS,83,61.03,299.2,27.4,1,0,2024,3,2,745,7,45,2,2,57778,42248,30.100000000000023,1,Medium
219755,23.0779,83.7673,324.8,1.4,1.2,2019-05-08,525,0,MODIS,42,6.03,311.4,8.4,1,0,2019,5,8,525,5,25,2,12,49232,3184,13.400000000000034,0,Low
43312,21.8304,77.4532,336.4,1.7,1.3,2017-04-15,751,1,MODIS,73,6.2,319.6,32.5,1,0,2017,4,15,751,7,51,2,4,76528,39620,16.799999999999955,0,High
253372,20.1154,83.2256,327.1,1.1,1.0,2020-02-12,744,1,MODIS,53,6.03,304.3,16.7,1,0,2020,2,12,744,7,44,1,1,73921,9366,22.80000000000001,0,Medium
416730,30.1962,74.7374,325.1,1.8,1.3,2021-11-04,753,1,MODIS,56,6.03,301.9,29.8,1,0,2021,11,4,753,7,53,4,0,167610,73042,23.200000000000045,0,Medium
678706,25.4803,94.076,306.3,3.3,1.7,2025-02-07,834,1,MODIS,46,61.03,294.2,32.2,1,0,2025,2,7,834,8,34,1,11,41370,5791,12.100000000000025,0,High
593002,21.2277,70.8587,312.8,1.0,1.0,2023-12-15,522,0,MODIS,36,61.03,299.4,6.0,1,0,2023,12,15,522,5,22,1,10,21095,1721,13.400000000000034,0,Low
452431,24.2892,93.3897,315.1,2.4,1.5,2022-03-14,738,1,MODIS,63,6.03,295.9,35.3,1,0,2022,3,14,738,7,38,2,2,57778,42248,19.200000000000045,0,High
208086,23.7979,92.0197,314.8,1.6,1.3,2019-04-16,733,1,MODIS,44,6.03,296.6,9.8,1,0,2019,4,16,733,7,33,2,2,57778,10542,18.19999999999999,0,Low
295894,27.5987,95.3857,304.7,2.1,1.4,2020-10-16,1958,1,MODIS,61,6.03,292.0,15.5,0,0,2020,10,16,1958,19,58,4,11,41370,370,12.699999999999989,0,Medium
400689,29.4895,76.6041,329.3,2.4,1.5,2021-04-29,509,0,MODIS,71,6.03,308.6,28.4,1,0,2021,4,29,509,5,9,2,0,167610,7906,20.69999999999999,0,Medium
442456,24.092,92.4126,312.5,1.7,1.3,2022-02-18,650,1,MODIS,68,6.03,297.4,18.5,1,0,2022,2,18,650,6,50,1,2,57778,3915,15.100000000000025,0,Medium
359323,24.2678,74.4749,331.0,1.1,1.0,2021-03-19,828,1,MODIS,67,6.03,312.4,11.7,1,0,2021,3,19,828,8,28,2,4,76528,13167,18.600000000000023,0,Medium
84398,22.1975,83.0894,312.3,1.0,1.0,2018-01-12,751,1,MODIS,48,6.03,302.0,4.9,1,0,2018,1,12,751,7,51,1,1,73921,10736,10.300000000000011,0,Low
612585,27.1895,93.7169,309.7,1.1,1.0,2024-03-11,724,1,MODIS,28,61.03,296.8,6.6,1,0,2024,3,11,724,7,24,2,11,41370,18499,12.899999999999975,0,Low
491579,10.941,77.1623,324.3,1.3,1.1,2022-05-30,530,0,MODIS,70,6.03,299.8,13.3,1,0,2022,5,30,530,5,30,2,6,13460,485,24.5,0,Medium
537470,23.944,93.2864,315.1,1.0,1.0,2023-03-03,722,1,MODIS,63,61.03,303.0,9.9,1,0,2023,3,3,722,7,22,2,2,57778,42248,12.100000000000025,0,Low
486645,30.5064,74.1535,333.0,1.0,1.0,2022-05-03,544,0,MODIS,75,6.03,312.5,11.1,1,0,2022,5,3,544,5,44,2,0,167610,31628,20.5,0,Medium
279502,22.9599,75.8531,334.4,1.1,1.1,2020-04-15,532,0,MODIS,65,6.03,313.4,14.1,1,0,2020,4,15,532,5,32,2,4,76528,39620,21.0,0,Medium
367278,24.1557,93.7006,328.4,1.1,1.1,2021-03-26,656,1,MODIS,61,6.03,303.5,21.3,1,0,2021,3,26,656,6,56,2,2,57778,42248,24.899999999999977,0,Medium
326458,21.6507,84.2416,341.3,1.0,1.0,2021-01-13,744,1,MODIS,91,6.03,305.9,39.1,1,0,2021,1,13,744,7,44,1,1,73921,10736,35.400000000000034,1,High
755729,21.6024,81.5419,307.6,1.0,1.0,2025-11-26,922,1,MODIS,51,61.03,297.0,4.0,1,0,2025,11,26,922,9,22,4,5,47348,5930,10.600000000000025,0,Low
587602,30.646,74.3451,318.5,1.0,1.0,2023-11-15,837,1,MODIS,38,61.03,300.3,8.5,1,0,2023,11,15,837,8,37,4,0,167610,73042,18.19999999999999,0,Low
245443,30.4236,73.9593,322.2,1.7,1.3,2019-11-23,842,1,MODIS,77,6.03,296.3,28.8,1,0,2019,11,23,842,8,42,4,0,167610,73042,25.899999999999977,0,Medium
630371,18.7756,82.5861,342.5,1.0,1.0,2024-04-15,825,1,MODIS,76,61.03,311.3,28.5,1,0,2024,4,15,825,8,25,2,13,47964,11656,31.19999999999999,0,Medium
266795,22.4824,92.5722,339.4,1.0,1.0,2020-03-28,714,1,MODIS,87,6.03,303.5,31.0,1,0,2020,3,28,714,7,14,2,2,57778,42248,35.89999999999998,1,High
466255,21.9908,85.2176,323.5,1.1,1.0,2022-03-28,749,1,MODIS,53,6.03,309.7,11.2,1,0,2022,3,28,749,7,49,2,1,73921,19544,13.800000000000011,0,Medium
556570,24.4246,92.8485,359.8,1.6,1.2,2023-04-11,700,1,MODIS,99,61.03,303.1,154.2,1,0,2023,4,11,700,7,0,2,2,57778,10542,56.69999999999999,1,Extreme
43845,21.8892,80.7535,335.6,1.0,1.0,2017-04-16,525,0,MODIS,72,6.2,318.2,15.2,1,0,2017,4,16,525,5,25,2,5,47348,16741,17.400000000000034,0,Medium
49503,27.2046,82.5233,312.7,1.0,1.0,2017-04-27,2023,1,MODIS,85,6.2,293.1,11.5,0,0,2017,4,27,2023,20,23,2,7,41741,15320,19.59999999999997,0,Medium
582357,29.9593,75.8793,319.3,1.5,1.2,2023-11-05,814,1,MODIS,69,61.03,303.4,16.2,1,0,2023,11,5,814,8,14,4,0,167610,73042,15.900000000000034,0,Medium
481534,24.5819,80.514,341.4,1.0,1.0,2022-04-27,759,1,MODIS,82,6.03,323.5,17.4,1,0,2022,4,27,759,7,59,2,5,47348,16741,17.899999999999977,0,Medium
462732,20.4263,79.7616,334.9,1.1,1.0,2022-03-24,813,1,MODIS,78,6.03,309.8,20.5,1,0,2022,3,24,813,8,13,2,13,47964,18871,25.09999999999997,0,Medium
287246,30.9114,74.78,340.2,1.0,1.0,2020-05-05,818,1,MODIS,85,6.03,312.9,20.3,1,0,2020,5,5,818,8,18,2,0,167610,31628,27.30000000000001,1,Medium
14585,18.1095,83.0552,318.5,1.1,1.0,2017-03-03,502,0,MODIS,30,6.2,306.6,7.0,1,0,2017,3,3,502,5,2,2,13,47964,18871,11.899999999999975,0,Low
720379,24.2881,74.5394,336.8,1.2,1.1,2025-04-04,910,1,MODIS,77,61.03,316.5,24.0,1,0,2025,4,4,910,9,10,2,4,76528,39620,20.30000000000001,0,Medium
46364,19.2677,80.9954,351.3,1.1,1.1,2017-04-20,808,1,MODIS,93,6.2,312.7,52.7,1,0,2017,4,20,808,8,8,2,13,47964,11656,38.60000000000002,1,High
574735,20.9719,85.1753,304.7,1.0,1.0,2023-07-20,2027,1,MODIS,59,61.03,288.7,3.6,0,0,2023,7,20,2027,20,27,3,1,73921,647,16.0,0,Low
677256,20.9741,83.085,317.1,1.4,1.2,2025-02-03,427,0,MODIS,69,61.03,300.5,13.8,1,0,2025,2,3,427,4,27,1,1,73921,9366,16.600000000000023,0,Medium
445136,20.3601,85.2435,315.6,4.4,1.9,2022-03-02,536,0,MODIS,0,6.03,300.9,58.5,1,0,2022,3,2,536,5,36,2,1,73921,19544,14.700000000000044,0,High
29215,23.5823,91.8773,316.3,2.4,1.5,2017-04-02,644,1,MODIS,69,6.2,289.8,31.5,1,0,2017,4,2,644,6,44,2,2,57778,10542,26.5,0,High
290644,31.8266,75.3987,330.3,1.9,1.3,2020-05-18,748,1,MODIS,71,6.03,314.2,23.7,1,0,2020,5,18,748,7,48,2,0,167610,31628,16.100000000000023,0,Medium
417747,30.7257,74.5747,312.4,1.5,1.2,2021-11-05,836,1,MODIS,52,6.03,297.3,8.6,1,0,2021,11,5,836,8,36,4,0,167610,73042,15.099999999999966,0,Low
136182,23.8567,82.9165,332.7,1.1,1.0,2018-04-25,758,1,MODIS,61,6.03,318.1,8.6,1,0,2018,4,25,758,7,58,2,5,47348,16741,14.599999999999966,0,Low
228638,30.861,75.636,335.7,1.4,1.2,2019-05-31,529,0,MODIS,53,6.03,319.7,16.9,1,0,2019,5,31,529,5,29,2,0,167610,31628,16.0,0,Medium
191320,25.8641,92.1804,345.5,1.2,1.1,2019-03-17,721,1,MODIS,92,6.03,304.7,52.6,1,0,2019,3,17,721,7,21,2,8,33148,19990,40.80000000000001,1,High
525620,13.3246,79.3065,318.9,1.0,1.0,2023-02-07,823,1,MODIS,46,61.03,306.4,5.8,1,0,2023,2,7,823,8,23,1,14,36148,10539,12.5,0,Low
357992,25.4686,93.8069,312.1,3.8,1.8,2021-03-18,745,1,MODIS,57,6.03,296.1,51.4,1,0,2021,3,18,745,7,45,2,11,41370,18499,16.0,0,High
651395,18.2112,80.6428,314.7,2.0,1.4,2024-10-01,452,0,MODIS,0,61.03,296.8,14.9,1,0,2024,10,1,452,4,52,4,13,47964,499,17.899999999999977,0,Medium
313893,30.0482,75.2578,319.8,1.3,1.1,2020-11-11,830,1,MODIS,32,6.03,301.7,13.2,1,0,2020,11,11,830,8,30,4,0,167610,73042,18.100000000000023,0,Medium
222169,24.5474,79.2241,335.9,2.2,1.4,2019-05-11,556,0,MODIS,79,6.03,313.6,47.7,1,0,2019,5,11,556,5,56,2,5,47348,4086,22.299999999999955,0,High
502022,30.836,74.8338,337.3,1.1,1.1,2022-11-04,812,1,MODIS,88,6.03,301.5,38.0,1,0,2022,11,4,812,8,12,4,0,167610,73042,35.80000000000001,1,High
444569,14.1398,78.9098,304.1,1.0,1.0,2022-02-27,2033,1,MODIS,59,6.03,291.7,6.2,0,0,2022,2,27,2033,20,33,1,14,36148,10539,12.400000000000034,0,Low
681801,18.7299,79.1605,320.9,1.2,1.1,2025-02-15,852,1,MODIS,57,61.03,307.5,10.4,1,0,2025,2,15,852,8,52,1,13,47964,5221,13.399999999999975,0,Medium
261063,25.4714,93.6453,379.0,1.3,1.1,2020-03-16,650,1,MODIS,100,6.03,291.7,215.9,1,0,2020,3,16,650,6,50,2,11,41370,18499,87.30000000000001,1,Extreme
117148,23.9867,91.8931,331.1,1.0,1.0,2018-03-23,715,1,MODIS,83,6.03,301.2,22.6,1,0,2018,3,23,715,7,15,2,2,57778,42248,29.900000000000038,1,Medium
756358,25.9737,80.7985,305.9,3.8,1.8,2025-11-27,1002,1,MODIS,55,61.03,295.0,25.9,1,0,2025,11,27,1002,10,2,4,7,41741,5012,10.899999999999975,0,Medium
115301,26.2339,94.4006,344.6,2.3,1.5,2018-03-22,633,1,MODIS,93,6.03,290.5,164.5,1,0,2018,3,22,633,6,33,2,11,41370,18499,54.10000000000002,1,Extreme
32055,21.1924,78.6144,348.6,1.0,1.0,2017-04-07,532,0,MODIS,90,6.2,322.7,35.5,1,0,2017,4,7,532,5,32,2,9,27481,3504,25.900000000000038,1,High
190873,19.8368,77.8385,344.4,1.0,1.0,2019-03-16,815,1,MODIS,86,6.03,318.5,27.5,1,0,2019,3,16,815,8,15,2,9,27481,7575,25.899999999999977,1,Medium
110870,19.79,80.2337,314.2,1.3,1.1,2018-03-14,1645,0,MODIS,60,6.03,298.3,11.7,0,0,2018,3,14,1645,16,45,2,13,47964,18871,15.899999999999975,0,Medium
707765,26.017,91.7565,319.6,3.2,1.7,2025-03-25,734,1,MODIS,72,61.03,299.4,63.4,1,0,2025,3,25,734,7,34,2,8,33148,19990,20.200000000000045,0,Extreme
129134,25.0773,92.9968,315.6,1.9,1.3,2018-04-05,645,1,MODIS,70,6.03,295.4,26.3,1,0,2018,4,5,645,6,45,2,2,57778,10542,20.200000000000045,0,Medium
168101,31.6057,75.1898,310.2,1.3,1.1,2018-11-19,800,1,MODIS,63,6.03,297.3,7.0,1,0,2018,11,19,800,8,0,4,0,167610,73042,12.899999999999975,0,Low
181962,16.6112,80.3137,319.1,1.0,1.0,2019-02-19,515,0,MODIS,31,6.03,301.8,7.5,1,0,2019,2,19,515,5,15,1,13,47964,5221,17.30000000000001,0,Low
17840,21.1095,72.6322,308.5,1.0,1.0,2017-03-12,1728,0,MODIS,75,6.2,292.9,8.8,0,2,2017,3,12,1728,17,28,2,10,21095,5604,15.600000000000025,0,Low
38709,25.1141,93.6192,347.8,1.4,1.2,2017-04-12,721,1,MODIS,94,6.2,297.1,83.6,1,0,2017,4,12,721,7,21,2,11,41370,8105,50.69999999999999,1,Extreme
90103,26.7178,91.1033,306.0,1.5,1.2,2018-02-08,734,1,MODIS,54,6.03,293.9,7.3,1,0,2018,2,8,734,7,34,1,8,33148,2829,12.100000000000025,0,Low
475577,27.0085,83.4404,328.6,2.0,1.4,2022-04-20,438,0,MODIS,78,6.03,303.9,36.4,1,0,2022,4,20,438,4,38,2,7,41741,15320,24.700000000000045,0,High
282520,24.2277,77.4273,338.6,1.0,1.0,2020-04-22,537,0,MODIS,64,6.03,310.1,23.6,1,0,2020,4,22,537,5,37,2,4,76528,39620,28.5,0,Medium
228188,30.4716,78.6199,318.4,4.0,1.9,2019-05-29,717,1,MODIS,67,6.03,302.6,75.9,1,0,2019,5,29,717,7,17,2,0,167610,31628,15.799999999999956,0,Extreme
756158,25.9599,78.15,306.6,1.1,1.1,2025-11-26,924,1,MODIS,42,61.03,295.6,4.2,1,0,2025,11,26,924,9,24,4,4,76528,9210,11.0,0,Low
518394,25.2396,92.7151,311.4,1.0,1.0,2023-01-04,716,1,MODIS,57,61.03,290.8,9.6,1,0,2023,1,4,716,7,16,1,8,33148,1715,20.59999999999997,0,Low
25358,22.6943,77.1324,361.5,1.0,1.0,2017-03-29,538,0,MODIS,100,6.2,317.6,69.7,1,0,2017,3,29,538,5,38,2,4,76528,13167,43.89999999999998,1,Extreme
65268,30.3181,75.384,314.2,1.1,1.1,2017-10-27,824,1,MODIS,53,6.2,301.1,7.3,1,0,2017,10,27,824,8,24,4,0,167610,39610,13.099999999999966,0,Low
98061,12.3415,75.9137,348.5,1.1,1.0,2018-03-02,832,1,MODIS,92,6.03,314.2,49.9,1,0,2018,3,2,832,8,32,2,6,13460,3928,34.30000000000001,1,High
145167,30.1144,78.8448,325.5,2.8,1.6,2018-05-21,836,1,MODIS,63,6.03,310.7,45.9,1,0,2018,5,21,836,8,36,2,7,41741,6465,14.800000000000011,0,High
173682,18.2093,83.2104,310.3,1.3,1.1,2019-01-01,737,1,MODIS,40,6.03,299.7,6.5,1,0,2019,1,1,737,7,37,1,13,47964,1969,10.600000000000025,0,Low
320952,21.0699,81.1412,315.7,1.0,1.0,2020-12-10,756,1,MODIS,58,6.03,301.9,6.1,1,0,2020,12,10,756,7,56,1,5,47348,2981,13.800000000000011,0,Low
434675,20.9288,81.9908,316.0,1.7,1.3,2021-12-18,815,1,MODIS,55,6.03,299.8,14.2,1,0,2021,12,18,815,8,15,1,1,73921,11178,16.19999999999999,0,Medium
464745,25.6001,90.7121,320.0,1.2,1.1,2022-03-27,707,1,MODIS,70,6.03,303.9,10.5,1,0,2022,3,27,707,7,7,2,8,33148,19990,16.100000000000023,0,Medium
543165,18.8099,83.1269,331.5,3.7,1.8,2023-03-10,723,1,MODIS,84,61.03,294.8,159.4,1,0,2023,3,10,723,7,23,2,13,47964,18871,36.69999999999999,1,Extreme
650211,33.2185,74.533,313.2,1.1,1.1,2024-06-26,1617,0,MODIS,86,61.03,296.0,9.9,0,0,2024,6,26,1617,16,17,3,0,167610,3042,17.19999999999999,0,Low
559375,22.515,77.2675,307.1,1.0,1.0,2023-04-12,1650,0,MODIS,70,61.03,295.7,5.5,0,0,2023,4,12,1650,16,50,2,4,76528,39620,11.400000000000034,0,Low
163579,22.8355,78.5666,320.1,1.0,1.0,2018-11-10,803,1,MODIS,64,6.03,305.8,8.7,1,0,2018,11,10,803,8,3,4,4,76528,9210,14.300000000000011,0,Low
587612,30.6744,74.4134,321.4,1.0,1.0,2023-11-15,837,1,MODIS,74,61.03,301.3,13.2,1,0,2023,11,15,837,8,37,4,0,167610,73042,20.09999999999997,0,Medium
742608,31.1891,75.8301,326.7,3.0,1.7,2025-05-28,954,1,MODIS,64,61.03,303.5,40.5,1,0,2025,5,28,954,9,54,2,0,167610,31628,23.19999999999999,0,High
313582,31.0611,75.168,319.8,2.0,1.4,2020-11-10,747,1,MODIS,30,6.03,302.7,25.4,1,0,2020,11,10,747,7,47,4,0,167610,73042,17.100000000000023,0,Medium
345517,24.0482,92.5922,347.7,1.2,1.1,2021-03-06,720,1,MODIS,94,6.03,300.3,63.8,1,0,2021,3,6,720,7,20,2,2,57778,42248,47.39999999999998,1,Extreme
769332,25.9907,92.8886,308.2,1.9,1.3,2026-01-17,816,1,MODIS,66,61.03,297.7,10.1,1,0,2026,1,17,816,8,16,1,8,33148,1715,10.5,0,Medium
659495,29.8539,75.936,314.2,2.5,1.5,2024-11-16,931,1,MODIS,70,61.03,297.2,25.8,1,0,2024,11,16,931,9,31,4,0,167610,73042,17.0,0,Medium
99997,22.0814,83.9028,322.9,3.1,1.7,2018-03-04,822,1,MODIS,60,6.03,306.8,39.0,1,0,2018,3,4,822,8,22,2,1,73921,19544,16.099999999999966,0,High
385498,22.9569,92.4158,318.2,1.7,1.3,2021-04-05,732,1,MODIS,50,6.03,304.3,14.0,1,0,2021,4,5,732,7,32,2,2,57778,10542,13.899999999999975,0,Medium
68830,30.9205,75.7315,308.1,2.3,1.5,2017-11-01,842,1,MODIS,50,6.2,295.2,13.8,1,0,2017,11,1,842,8,42,4,0,167610,73042,12.900000000000034,0,Medium
331635,27.2896,94.35,321.2,1.0,1.0,2021-02-06,656,1,MODIS,77,6.03,304.6,11.9,1,0,2021,2,6,656,6,56,1,11,41370,5791,16.599999999999966,0,Medium
351924,22.2429,70.4518,335.7,1.0,1.0,2021-03-13,555,0,MODIS,79,6.03,315.9,19.4,1,0,2021,3,13,555,5,55,2,10,21095,5604,19.80000000000001,0,Medium
743054,12.3051,78.4208,316.6,1.1,1.1,2025-06-07,425,0,MODIS,57,61.03,297.5,7.4,1,0,2025,6,7,425,4,25,3,6,13460,305,19.100000000000023,0,Low
708300,21.6445,76.7275,333.5,1.0,1.0,2025-03-25,911,1,MODIS,67,61.03,319.6,12.5,1,0,2025,3,25,911,9,11,2,4,76528,13167,13.899999999999975,0,Medium
519180,18.503,74.4241,309.7,1.0,1.0,2023-01-08,527,0,MODIS,42,61.03,298.1,5.0,1,0,2023,1,8,527,5,27,1,3,38436,8477,11.599999999999966,0,Low
89092,20.9652,85.1864,315.0,1.2,1.1,2018-02-02,2019,1,MODIS,90,6.03,292.2,20.2,0,2,2018,2,2,2019,20,19,1,1,73921,9366,22.80000000000001,1,Medium
303050,30.8254,75.5419,320.1,1.1,1.0,2020-10-30,805,1,MODIS,73,6.03,301.9,13.1,1,0,2020,10,30,805,8,5,4,0,167610,39610,18.200000000000045,0,Medium
492345,21.1951,74.5892,335.8,1.0,1.0,2022-06-08,829,1,MODIS,71,6.03,311.4,9.1,1,0,2022,6,8,829,8,29,3,10,21095,534,24.400000000000038,0,Low
335174,14.3567,78.0851,326.3,1.0,1.0,2021-02-17,813,1,MODIS,67,6.03,312.9,8.8,1,0,2021,2,17,813,8,13,1,14,36148,10539,13.400000000000034,0,Low
463799,23.6457,81.7134,344.5,1.1,1.0,2022-03-26,802,1,MODIS,89,6.03,311.5,38.1,1,0,2022,3,26,802,8,2,2,5,47348,12422,33.0,1,High
161326,30.613,75.7286,318.0,3.0,1.7,2018-11-07,735,1,MODIS,76,6.03,300.8,49.7,1,0,2018,11,7,735,7,35,4,0,167610,73042,17.19999999999999,0,High
429063,22.8341,78.1031,311.5,1.1,1.0,2021-11-16,816,1,MODIS,37,6.03,297.3,4.4,1,0,2021,11,16,816,8,16,4,4,76528,9210,14.199999999999989,0,Low
264001,23.0509,92.4772,325.2,1.0,1.0,2020-03-21,708,1,MODIS,67,6.03,296.2,21.5,1,0,2020,3,21,708,7,8,2,2,57778,42248,29.0,0,Medium
380952,24.8622,80.7986,331.9,1.1,1.1,2021-04-02,529,0,MODIS,71,6.03,318.7,12.0,1,0,2021,4,2,529,5,29,2,5,47348,16741,13.199999999999989,0,Medium
48754,28.1296,80.2576,328.5,1.7,1.3,2017-04-26,734,1,MODIS,63,6.2,313.8,22.7,1,0,2017,4,26,734,7,34,2,7,41741,15320,14.699999999999989,0,Medium
109316,18.6826,80.5253,332.6,1.3,1.1,2018-03-13,815,1,MODIS,75,6.03,313.9,17.2,1,0,2018,3,13,815,8,15,2,13,47964,18871,18.700000000000045,0,Medium
583527,25.7251,76.5777,314.3,1.5,1.2,2023-11-08,449,0,MODIS,54,61.03,299.3,8.1,1,0,2023,11,8,449,4,49,4,4,76528,9210,15.0,0,Low
88306,17.476,74.6355,325.1,1.1,1.0,2018-01-31,821,1,MODIS,66,6.03,314.8,8.8,1,0,2018,1,31,821,8,21,1,3,38436,8477,10.300000000000011,0,Low
738969,25.9754,80.5318,329.8,1.0,1.0,2025-05-09,901,1,MODIS,56,61.03,308.7,10.0,1,0,2025,5,9,901,9,1,2,7,41741,6465,21.100000000000023,0,Low
376013,23.8292,80.9265,333.4,1.2,1.1,2021-03-30,810,1,MODIS,64,6.03,317.7,16.2,1,0,2021,3,30,810,8,10,2,5,47348,12422,15.699999999999989,0,Medium
260734,24.2937,93.3794,345.4,1.4,1.2,2020-03-16,650,1,MODIS,93,6.03,295.4,86.1,1,0,2020,3,16,650,6,50,2,2,57778,42248,50.0,1,Extreme
757362,24.5893,80.901,309.4,1.0,1.0,2025-12-01,919,1,MODIS,52,61.03,297.6,4.8,1,0,2025,12,1,919,9,19,1,5,47348,2981,11.799999999999956,0,Low
220508,30.289,74.8006,332.0,1.4,1.2,2019-05-09,606,0,MODIS,71,6.03,315.6,16.6,1,0,2019,5,9,606,6,6,2,0,167610,31628,16.399999999999977,0,Medium
710374,27.3587,92.8224,321.1,1.1,1.0,2025-03-26,814,1,MODIS,78,61.03,299.7,14.8,1,0,2025,3,26,814,8,14,2,11,41370,18499,21.400000000000038,0,Medium
305774,29.8165,75.6814,321.9,1.7,1.3,2020-11-02,836,1,MODIS,48,6.03,302.1,20.6,1,0,2020,11,2,836,8,36,4,0,167610,73042,19.799999999999955,0,Medium
235332,31.938,75.193,318.4,1.0,1.0,2019-10-26,818,1,MODIS,41,6.03,302.0,7.7,1,0,2019,10,26,818,8,18,4,0,167610,39610,16.399999999999977,0,Low
316548,16.5304,75.4528,301.5,1.1,1.1,2020-11-15,1727,0,MODIS,41,6.03,288.2,5.0,0,0,2020,11,15,1727,17,27,4,3,38436,2420,13.300000000000011,0,Low
469451,25.0995,81.2773,363.2,1.9,1.3,2022-03-31,820,1,MODIS,100,6.03,322.6,178.2,1,0,2022,3,31,820,8,20,2,5,47348,12422,40.599999999999966,1,Extreme
262429,24.2522,94.007,310.2,2.1,1.4,2020-03-18,638,1,MODIS,27,6.03,295.1,24.4,1,0,2020,3,18,638,6,38,2,2,57778,42248,15.099999999999966,0,Medium
158698,20.3546,85.251,314.7,2.7,1.6,2018-11-04,532,0,MODIS,0,6.03,299.3,32.0,1,0,2018,11,4,532,5,32,4,1,73921,2885,15.399999999999975,0,High
768043,17.6663,75.0802,300.9,1.1,1.1,2026-01-11,1545,0,MODIS,35,61.03,287.8,5.7,0,0,2026,1,11,1545,15,45,1,3,38436,8477,13.099999999999966,0,Low
354696,22.3466,92.6802,340.1,1.0,1.0,2021-03-15,714,1,MODIS,89,6.03,305.7,34.8,1,0,2021,3,15,714,7,14,2,2,57778,42248,34.400000000000034,1,High
465405,22.3451,80.3567,335.2,1.2,1.1,2022-03-28,749,1,MODIS,77,6.03,317.6,20.3,1,0,2022,3,28,749,7,49,2,5,47348,12422,17.599999999999966,0,Medium
772676,21.7948,82.548,316.3,1.0,1.0,2026-01-29,922,1,MODIS,68,61.03,301.1,8.0,1,0,2026,1,29,922,9,22,1,1,73921,10736,15.199999999999989,0,Low
390110,18.9395,83.3959,319.2,1.0,1.0,2021-04-10,750,1,MODIS,38,6.03,300.6,4.0,1,0,2021,4,10,750,7,50,2,1,73921,9197,18.59999999999997,0,Low
71974,22.4641,79.8567,317.2,1.0,1.0,2017-11-10,525,0,MODIS,68,6.2,305.9,6.3,1,0,2017,11,10,525,5,25,4,5,47348,5930,11.300000000000011,0,Low
424624,23.2183,79.6938,311.7,1.0,1.0,2021-11-11,757,1,MODIS,53,6.03,298.5,5.3,1,0,2021,11,11,757,7,57,4,5,47348,5930,13.199999999999989,0,Low
201650,23.27,75.869,331.3,4.0,1.9,2019-04-02,859,1,MODIS,53,6.03,317.1,71.9,1,0,2019,4,2,859,8,59,2,4,76528,39620,14.199999999999989,0,Extreme
174653,21.8972,82.1852,317.1,1.0,1.0,2019-01-06,757,1,MODIS,69,6.03,303.1,8.3,1,0,2019,1,6,757,7,57,1,1,73921,10736,14.0,0,Low
138128,24.5787,78.7428,304.5,1.0,1.0,2018-04-29,1659,0,MODIS,27,6.03,288.9,4.5,0,0,2018,4,29,1659,16,59,2,4,76528,39620,15.600000000000025,0,Low
176884,29.605,77.3044,302.3,1.3,1.1,2019-01-19,554,0,MODIS,52,6.03,291.3,5.6,1,0,2019,1,19,554,5,54,1,0,167610,2724,11.0,0,Low
642935,29.1076,78.0249,323.2,1.9,1.3,2024-05-11,812,1,MODIS,57,61.03,299.9,18.0,1,0,2024,5,11,812,8,12,2,0,167610,31628,23.30000000000001,0,Medium
230286,30.2014,79.2721,322.3,1.0,1.0,2019-06-23,535,0,MODIS,61,6.03,307.1,7.1,1,0,2019,6,23,535,5,35,3,7,41741,971,15.199999999999989,0,Low
720234,22.7889,77.8299,336.2,1.0,1.0,2025-04-04,910,1,MODIS,79,61.03,318.0,16.5,1,0,2025,4,4,910,9,10,2,4,76528,39620,18.19999999999999,0,Medium
732906,24.8704,77.0954,334.8,1.1,1.0,2025-04-24,905,1,MODIS,41,61.03,322.7,10.2,1,0,2025,4,24,905,9,5,2,4,76528,39620,12.100000000000025,0,Medium
38468,19.7499,81.009,362.0,3.8,1.8,2017-04-12,720,1,MODIS,100,6.2,309.1,553.6,1,0,2017,4,12,720,7,20,2,13,47964,11656,52.89999999999998,1,Extreme
548565,25.5073,90.4194,358.1,1.2,1.1,2023-03-15,739,1,MODIS,99,61.03,301.0,96.1,1,0,2023,3,15,739,7,39,2,8,33148,19990,57.10000000000002,1,Extreme
163931,29.5716,74.4008,317.8,1.3,1.1,2018-11-10,805,1,MODIS,54,6.03,302.5,10.7,1,0,2018,11,10,805,8,5,4,0,167610,73042,15.300000000000011,0,Medium
501102,30.8788,74.786,313.0,4.3,1.9,2022-11-03,908,1,MODIS,21,6.03,294.7,34.3,1,0,2022,11,3,908,9,8,4,0,167610,73042,18.30000000000001,0,High
156032,31.3517,75.1463,311.0,1.1,1.1,2018-10-30,824,1,MODIS,44,6.03,299.8,5.6,1,0,2018,10,30,824,8,24,4,0,167610,39610,11.199999999999989,0,Low
88804,16.6307,73.6591,329.9,1.9,1.3,2018-02-02,808,1,MODIS,75,6.03,310.4,44.2,1,0,2018,2,2,808,8,8,1,3,38436,8837,19.5,0,High
158597,30.3392,76.7058,336.0,1.1,1.1,2018-11-03,759,1,MODIS,89,6.03,296.3,37.2,1,0,2018,11,3,759,7,59,4,0,167610,73042,39.69999999999999,1,High
200840,13.9045,79.2482,372.4,1.2,1.1,2019-04-01,509,0,MODIS,100,6.03,315.5,142.5,1,0,2019,4,1,509,5,9,2,14,36148,3614,56.89999999999998,1,Extreme
680346,24.1689,93.7018,308.4,2.9,1.6,2025-02-12,834,1,MODIS,55,61.03,294.0,28.6,1,0,2025,2,12,834,8,34,1,2,57778,3915,14.399999999999975,0,Medium
607331,23.0755,92.8743,314.5,1.0,1.0,2024-02-26,735,1,MODIS,64,61.03,299.6,8.0,1,0,2024,2,26,735,7,35,1,2,57778,3915,14.899999999999975,0,Low
417776,30.8754,74.37,324.0,1.5,1.2,2021-11-05,836,1,MODIS,78,6.03,298.5,26.5,1,0,2021,11,5,836,8,36,4,0,167610,73042,25.5,0,Medium
57784,28.3308,95.1521,331.2,2.4,1.5,2017-06-06,727,1,MODIS,85,6.2,296.4,88.2,1,0,2017,6,6,727,7,27,3,11,41370,245,34.80000000000001,1,Extreme
272820,22.2426,93.0891,304.3,1.0,1.0,2020-04-02,1942,1,MODIS,59,6.03,288.4,6.9,0,0,2020,4,2,1942,19,42,2,2,57778,10542,15.900000000000034,0,Low
13148,19.547,84.0248,331.3,1.1,1.1,2017-02-28,738,1,MODIS,78,6.2,309.8,23.5,1,0,2017,2,28,738,7,38,1,1,73921,9366,21.5,0,Medium
213143,29.696,76.6552,364.7,1.0,1.0,2019-04-27,542,0,MODIS,100,6.03,317.6,78.9,1,0,2019,4,27,542,5,42,2,0,167610,7906,47.099999999999966,1,Extreme
433923,25.4299,91.2038,303.1,1.0,1.0,2021-12-12,715,1,MODIS,50,6.03,291.8,4.3,1,0,2021,12,12,715,7,15,1,8,33148,557,11.300000000000011,0,Low
569183,30.6902,75.9385,342.3,1.0,1.0,2023-05-10,521,0,MODIS,87,61.03,316.5,26.9,1,0,2023,5,10,521,5,21,2,0,167610,31628,25.80000000000001,1,Medium
588986,30.4602,75.9858,313.2,2.3,1.5,2023-11-18,903,1,MODIS,65,61.03,301.8,14.9,1,0,2023,11,18,903,9,3,4,0,167610,73042,11.399999999999975,0,Medium
69160,30.5385,75.7152,319.7,1.9,1.3,2017-11-02,747,1,MODIS,76,6.2,297.8,28.1,1,0,2017,11,2,747,7,47,4,0,167610,73042,21.899999999999977,0,Medium
496530,29.8848,76.7908,323.4,1.1,1.0,2022-10-26,821,1,MODIS,76,6.03,306.9,14.1,1,0,2022,10,26,821,8,21,4,0,167610,39610,16.5,0,Medium
746800,31.2724,75.0358,322.1,1.1,1.0,2025-10-29,928,1,MODIS,77,61.03,300.2,17.1,1,0,2025,10,29,928,9,28,4,0,167610,39610,21.900000000000038,0,Medium
241707,30.2414,75.4008,333.5,1.3,1.1,2019-11-06,759,1,MODIS,84,6.03,300.4,33.5,1,0,2019,11,6,759,7,59,4,0,167610,73042,33.10000000000002,1,High
488694,24.4608,78.1227,340.9,1.3,1.1,2022-05-09,509,0,MODIS,81,6.03,319.5,21.9,1,0,2022,5,9,509,5,9,2,4,76528,7507,21.399999999999977,1,Medium
514044,21.9816,81.6198,319.5,1.0,1.0,2022-12-13,1631,0,MODIS,99,6.03,289.0,18.6,0,0,2022,12,13,1631,16,31,1,5,47348,2981,30.5,0,Medium
8430,17.923,80.2207,347.0,1.1,1.0,2017-02-17,756,1,MODIS,92,6.2,310.9,47.7,1,0,2017,2,17,756,7,56,1,13,47964,5221,36.10000000000002,1,High
303025,30.6693,74.4036,343.0,1.2,1.1,2020-10-30,805,1,MODIS,92,6.03,302.2,53.2,1,0,2020,10,30,805,8,5,4,0,167610,39610,40.80000000000001,1,High
517917,21.4294,83.6907,314.4,1.3,1.1,2022-12-31,742,1,MODIS,58,6.03,303.0,7.7,1,0,2022,12,31,742,7,42,1,1,73921,11178,11.399999999999975,0,Low
153429,14.9764,76.1365,332.1,1.1,1.0,2018-10-26,540,0,MODIS,81,6.03,306.0,20.9,1,0,2018,10,26,540,5,40,4,14,36148,823,26.100000000000023,1,Medium
42429,23.2032,77.2982,335.0,3.0,1.7,2017-04-14,846,1,MODIS,54,6.2,321.1,61.7,1,0,2017,4,14,846,8,46,2,4,76528,39620,13.899999999999975,0,Extreme
589109,23.3588,72.2431,318.9,1.7,1.3,2023-11-19,544,0,MODIS,69,61.03,299.3,22.0,1,0,2023,11,19,544,5,44,4,10,21095,1837,19.59999999999997,0,Medium
86855,19.7754,78.4889,323.9,1.0,1.0,2018-01-24,815,1,MODIS,70,6.03,309.4,9.1,1,0,2018,1,24,815,8,15,1,9,27481,3684,14.5,0,Low
155516,29.6696,75.9394,324.3,1.2,1.1,2018-10-30,824,1,MODIS,77,6.03,300.7,19.6,1,0,2018,10,30,824,8,24,4,0,167610,39610,23.600000000000023,0,Medium
560496,25.1644,84.0086,336.3,2.4,1.5,2023-04-13,825,1,MODIS,81,61.03,312.6,64.5,1,0,2023,4,13,825,8,25,2,12,49232,12010,23.69999999999999,1,Extreme
142479,24.2761,81.3015,335.2,1.0,1.0,2018-05-11,758,1,MODIS,70,6.03,319.1,10.6,1,0,2018,5,11,758,7,58,2,5,47348,4086,16.099999999999966,0,Medium
581055,31.1201,75.3134,324.3,1.0,1.0,2023-11-03,829,1,MODIS,79,61.03,297.5,15.6,1,0,2023,11,3,829,8,29,4,0,167610,73042,26.80000000000001,0,Medium
756705,19.0523,74.4539,310.2,1.4,1.2,2025-11-29,436,0,MODIS,66,61.03,296.9,10.0,1,0,2025,11,29,436,4,36,4,3,38436,2420,13.300000000000011,0,Low
203948,20.2808,86.0648,322.2,1.0,1.0,2019-04-07,738,1,MODIS,48,6.03,304.3,6.3,1,0,2019,4,7,738,7,38,2,1,73921,9197,17.899999999999977,0,Low
118211,19.9129,80.4424,332.2,1.0,1.0,2018-03-24,757,1,MODIS,55,6.03,312.0,13.8,1,0,2018,3,24,757,7,57,2,13,47964,18871,20.19999999999999,0,Medium
568870,31.5143,75.4913,337.2,1.3,1.1,2023-05-09,841,1,MODIS,82,61.03,313.1,32.8,1,0,2023,5,9,841,8,41,2,0,167610,31628,24.09999999999997,1,High
467958,21.1641,84.5649,321.0,1.1,1.1,2022-03-30,736,1,MODIS,36,6.03,308.2,9.2,1,0,2022,3,30,736,7,36,2,1,73921,19544,12.800000000000011,0,Low
31941,23.3507,75.1581,326.2,1.2,1.1,2017-04-07,531,0,MODIS,42,6.2,311.6,8.8,1,0,2017,4,7,531,5,31,2,4,76528,39620,14.599999999999966,0,Low
303116,30.566,74.8406,316.6,1.2,1.1,2020-10-30,805,1,MODIS,18,6.03,300.6,8.9,1,0,2020,10,30,805,8,5,4,0,167610,39610,16.0,0,Low
611460,27.7086,96.2201,314.3,1.5,1.2,2024-03-09,739,1,MODIS,62,61.03,299.2,12.7,1,0,2024,3,9,739,7,39,2,11,41370,18499,15.100000000000025,0,Medium
286110,23.1537,77.5566,337.9,2.0,1.4,2020-05-02,745,1,MODIS,61,6.03,318.9,31.0,1,0,2020,5,2,745,7,45,2,4,76528,7507,19.0,0,High
712591,25.5679,90.9668,314.9,1.7,1.3,2025-03-28,753,1,MODIS,47,61.03,301.4,11.2,1,0,2025,3,28,753,7,53,2,8,33148,19990,13.5,0,Medium
696209,24.9678,93.4744,319.2,1.2,1.1,2025-03-11,815,1,MODIS,73,61.03,293.4,17.7,1,0,2025,3,11,815,8,15,2,2,57778,42248,25.80000000000001,0,Medium
64571,30.5967,74.6297,315.1,2.8,1.6,2017-10-26,741,1,MODIS,52,6.2,301.8,27.5,1,0,2017,10,26,741,7,41,4,0,167610,39610,13.300000000000011,0,Medium
146904,30.0558,78.7344,327.9,1.1,1.0,2018-05-26,543,0,MODIS,58,6.03,313.4,13.3,1,0,2018,5,26,543,5,43,2,7,41741,6465,14.5,0,Medium
427282,29.8193,75.7045,315.8,2.0,1.4,2021-11-13,747,1,MODIS,24,6.03,301.6,15.6,1,0,2021,11,13,747,7,47,4,0,167610,73042,14.199999999999989,0,Medium
109229,22.2449,92.9176,377.6,2.8,1.6,2018-03-13,638,1,MODIS,100,6.03,299.0,620.4,1,0,2018,3,13,638,6,38,2,2,57778,42248,78.60000000000002,1,Extreme
347156,17.2448,78.5372,341.0,1.1,1.1,2021-03-07,802,1,MODIS,85,6.03,315.5,33.1,1,0,2021,3,7,802,8,2,2,9,27481,7575,25.5,1,High
112857,24.1604,84.3885,328.9,1.0,1.0,2018-03-19,740,1,MODIS,56,6.03,316.8,8.6,1,0,2018,3,19,740,7,40,2,12,49232,10270,12.099999999999966,0,Low
178081,26.9756,84.7519,308.5,1.0,1.0,2019-01-26,734,1,MODIS,64,6.03,292.4,7.3,1,0,2019,1,26,734,7,34,1,12,49232,3185,16.100000000000023,0,Low
440295,14.2774,77.4402,323.7,1.2,1.1,2022-02-07,532,0,MODIS,49,6.03,303.6,13.3,1,0,2022,2,7,532,5,32,1,14,36148,10539,20.09999999999997,0,Medium
422374,30.4549,74.3535,313.4,1.1,1.0,2021-11-09,812,1,MODIS,43,6.03,302.1,5.9,1,0,2021,11,9,812,8,12,4,0,167610,73042,11.299999999999956,0,Low
396060,26.9361,83.1183,342.1,1.0,1.0,2021-04-20,516,0,MODIS,74,6.03,314.7,29.9,1,0,2021,4,20,516,5,16,2,7,41741,15320,27.400000000000038,0,Medium
74850,31.0896,75.2826,309.8,1.0,1.0,2017-11-21,818,1,MODIS,61,6.2,293.8,7.3,1,0,2017,11,21,818,8,18,4,0,167610,73042,16.0,0,Low
310951,18.8152,78.4959,315.8,1.5,1.2,2020-11-07,544,0,MODIS,63,6.03,302.2,11.3,1,0,2020,11,7,544,5,44,4,9,27481,2693,13.600000000000025,0,Medium
445360,20.9618,85.1727,316.9,1.0,1.0,2022-03-02,1630,0,MODIS,94,6.03,297.2,13.4,0,2,2022,3,2,1630,16,30,2,1,73921,19544,19.69999999999999,0,Medium
505478,30.0742,75.9085,323.1,1.0,1.0,2022-11-11,816,1,MODIS,74,6.03,305.0,12.0,1,0,2022,11,11,816,8,16,4,0,167610,73042,18.100000000000023,0,Medium
706743,18.0927,74.2577,306.8,2.0,1.4,2025-03-23,1557,0,MODIS,67,61.03,295.5,14.3,0,0,2025,3,23,1557,15,57,2,3,38436,7918,11.300000000000011,0,Medium
359188,14.4187,79.2093,328.9,1.4,1.2,2021-03-19,825,1,MODIS,57,6.03,307.8,23.7,1,0,2021,3,19,825,8,25,2,14,36148,12659,21.09999999999997,0,Medium
639384,26.6771,76.5608,337.7,1.0,1.0,2024-05-03,500,0,MODIS,72,61.03,321.0,18.5,1,0,2024,5,3,500,5,0,2,4,76528,7507,16.69999999999999,0,Medium
307792,30.3571,76.2537,318.5,1.2,1.1,2020-11-04,824,1,MODIS,69,6.03,301.9,11.8,1,0,2020,11,4,824,8,24,4,0,167610,73042,16.600000000000023,0,Medium
723084,24.9552,73.9548,335.6,1.0,1.0,2025-04-07,930,1,MODIS,71,61.03,322.6,11.9,1,0,2025,4,7,930,9,30,2,10,21095,4258,13.0,0,Medium
180198,21.3085,73.6322,315.7,1.2,1.1,2019-02-08,840,1,MODIS,37,6.03,298.8,10.1,1,0,2019,2,8,840,8,40,1,10,21095,2073,16.899999999999977,0,Medium
255979,16.5884,74.5885,303.8,1.3,1.1,2020-02-28,1709,0,MODIS,45,6.03,286.9,7.9,0,0,2020,2,28,1709,17,9,1,3,38436,8837,16.900000000000034,0,Low
292915,27.5961,95.3671,320.7,2.4,1.5,2020-06-14,727,1,MODIS,0,6.03,286.3,44.6,1,0,2020,6,14,727,7,27,3,11,41370,245,34.39999999999998,0,High
485830,10.9964,78.9136,339.3,1.0,1.0,2022-05-02,813,1,MODIS,72,6.03,314.4,13.4,1,0,2022,5,2,813,8,13,2,6,13460,485,24.900000000000038,0,Medium
611714,17.8163,80.3477,326.3,1.3,1.1,2024-03-10,818,1,MODIS,72,61.03,304.7,17.0,1,0,2024,3,10,818,8,18,2,13,47964,18871,21.600000000000023,0,Medium
136191,24.9068,81.1649,341.0,1.0,1.0,2018-04-25,758,1,MODIS,81,6.03,323.1,19.7,1,0,2018,4,25,758,7,58,2,5,47348,16741,17.899999999999977,0,Medium
379450,24.055,81.4212,331.9,1.0,1.0,2021-04-01,757,1,MODIS,63,6.03,319.7,9.4,1,0,2021,4,1,757,7,57,2,5,47348,16741,12.199999999999989,0,Low
388129,22.9785,92.5357,317.1,1.1,1.1,2021-04-07,720,1,MODIS,46,6.03,302.3,6.5,1,0,2021,4,7,720,7,20,2,2,57778,10542,14.800000000000011,0,Low
768267,18.6208,74.3616,314.5,1.5,1.2,2026-01-13,434,0,MODIS,69,61.03,294.1,17.1,1,0,2026,1,13,434,4,34,1,3,38436,8477,20.399999999999977,0,Medium
337925,24.0774,92.5807,311.2,3.5,1.8,2021-02-26,631,1,MODIS,64,6.03,295.2,43.4,1,0,2021,2,26,631,6,31,1,2,57778,3915,16.0,0,High
485800,15.9426,77.8223,327.2,1.3,1.1,2022-05-02,505,0,MODIS,52,6.03,305.1,12.4,1,0,2022,5,2,505,5,5,2,14,36148,1092,22.09999999999997,0,Medium
579732,25.5505,76.7138,341.2,1.1,1.1,2023-11-01,843,1,MODIS,89,61.03,306.3,41.7,1,0,2023,11,1,843,8,43,4,4,76528,9210,34.89999999999998,1,High
491297,22.7267,85.3153,320.3,1.9,1.4,2022-05-27,807,1,MODIS,57,6.03,299.6,20.1,1,0,2022,5,27,807,8,7,2,12,49232,3184,20.69999999999999,0,Medium
106272,21.3366,82.8403,327.0,1.1,1.0,2018-03-10,745,1,MODIS,65,6.03,310.2,11.4,1,0,2018,3,10,745,7,45,2,1,73921,19544,16.80000000000001,0,Medium
586750,29.5753,74.539,319.8,1.0,1.0,2023-11-15,837,1,MODIS,70,61.03,299.6,11.0,1,0,2023,11,15,837,8,37,4,0,167610,73042,20.19999999999999,0,Medium
71805,22.249,79.7587,326.4,1.2,1.1,2017-11-09,751,1,MODIS,79,6.2,306.6,15.5,1,0,2017,11,9,751,7,51,4,5,47348,5930,19.799999999999955,0,Medium
549655,20.9548,86.0546,304.8,1.0,1.0,2023-03-25,2017,1,MODIS,61,61.03,294.4,4.9,0,0,2023,3,25,2017,20,17,2,1,73921,19544,10.400000000000034,0,Low
545159,18.3758,77.6266,325.1,1.0,1.0,2023-03-13,505,0,MODIS,70,61.03,311.6,8.5,1,0,2023,3,13,505,5,5,2,9,27481,7575,13.5,0,Low
120228,20.6313,82.1909,328.5,1.1,1.1,2018-03-26,745,1,MODIS,52,6.03,314.2,10.5,1,0,2018,3,26,745,7,45,2,1,73921,19544,14.300000000000011,0,Medium
669746,27.8764,96.32,309.9,1.7,1.3,2024-12-27,348,0,MODIS,69,61.03,294.5,17.6,1,0,2024,12,27,348,3,48,1,11,41370,1415,15.399999999999975,0,Medium
73781,29.6956,75.3841,325.7,1.3,1.1,2017-11-19,830,1,MODIS,56,6.2,298.0,23.7,1,0,2017,11,19,830,8,30,4,0,167610,73042,27.69999999999999,0,Medium
393801,23.8855,77.901,344.7,1.2,1.1,2021-04-16,542,0,MODIS,87,6.03,315.3,36.5,1,0,2021,4,16,542,5,42,2,4,76528,39620,29.399999999999977,1,High
217360,25.9666,78.6728,363.9,1.0,1.0,2019-05-05,804,1,MODIS,100,6.03,322.3,69.6,1,0,2019,5,5,804,8,4,2,4,76528,7507,41.599999999999966,1,Extreme
442463,25.1742,93.7426,314.9,1.4,1.2,2022-02-18,650,1,MODIS,73,6.03,294.6,19.3,1,0,2022,2,18,650,6,50,1,11,41370,5791,20.299999999999955,0,Medium
604508,19.5445,82.2382,323.8,1.1,1.1,2024-02-15,445,0,MODIS,80,61.03,303.4,16.8,1,0,2024,2,15,445,4,45,1,13,47964,5221,20.400000000000038,0,Medium
273514,21.4908,70.7348,333.0,1.1,1.1,2020-04-04,551,0,MODIS,65,6.03,317.3,12.1,1,0,2020,4,4,551,5,51,2,10,21095,4258,15.699999999999989,0,Medium
616634,23.4689,92.4074,340.9,1.1,1.0,2024-03-16,732,1,MODIS,90,61.03,303.7,42.1,1,0,2024,3,16,732,7,32,2,2,57778,42248,37.19999999999999,1,High
621096,18.7822,83.2719,333.3,1.1,1.0,2024-03-29,814,1,MODIS,79,61.03,309.9,17.7,1,0,2024,3,29,814,8,14,2,1,73921,19544,23.400000000000038,0,Medium
320506,27.3736,94.8928,302.6,1.0,1.0,2020-12-07,1934,1,MODIS,50,6.03,285.8,7.1,0,0,2020,12,7,1934,19,34,1,11,41370,1415,16.80000000000001,0,Low
442265,27.2158,84.3363,308.9,1.0,1.0,2022-02-17,746,1,MODIS,61,6.03,297.3,4.2,1,0,2022,2,17,746,7,46,1,12,49232,3888,11.599999999999966,0,Low
748076,21.1026,72.6418,311.7,1.7,1.3,2025-11-03,1628,0,MODIS,83,61.03,294.4,20.6,0,2,2025,11,3,1628,16,28,4,10,21095,1837,17.30000000000001,1,Medium
520762,13.9872,77.4813,323.6,1.3,1.1,2023-01-15,522,0,MODIS,77,61.03,304.9,18.6,1,0,2023,1,15,522,5,22,1,14,36148,3490,18.700000000000045,0,Medium
47962,19.4597,80.9209,340.7,1.4,1.2,2017-04-24,744,1,MODIS,82,6.2,314.9,39.6,1,0,2017,4,24,744,7,44,2,13,47964,11656,25.80000000000001,1,High
571593,12.7596,76.2053,322.7,1.1,1.1,2023-05-17,518,0,MODIS,63,61.03,306.8,7.1,1,0,2023,5,17,518,5,18,2,6,13460,485,15.899999999999975,0,Low
689306,18.6206,73.9363,333.0,1.3,1.1,2025-03-05,912,1,MODIS,77,61.03,314.9,21.5,1,0,2025,3,5,912,9,12,2,3,38436,7918,18.100000000000023,0,Medium
263519,25.8492,92.6408,315.1,1.2,1.1,2020-03-19,721,1,MODIS,63,6.03,296.0,10.7,1,0,2020,3,19,721,7,21,2,8,33148,19990,19.100000000000023,0,Medium
367097,25.6006,93.1575,324.2,1.2,1.1,2021-03-26,656,1,MODIS,67,6.03,304.7,15.6,1,0,2021,3,26,656,6,56,2,11,41370,18499,19.5,0,Medium
554310,23.7332,91.9884,318.4,1.2,1.1,2023-04-09,714,1,MODIS,64,61.03,303.0,9.6,1,0,2023,4,9,714,7,14,2,2,57778,10542,15.399999999999975,0,Low
143881,31.4561,76.049,329.4,1.1,1.0,2018-05-16,818,1,MODIS,69,6.03,312.1,8.2,1,0,2018,5,16,818,8,18,2,0,167610,31628,17.299999999999955,0,Low
341441,21.2601,84.3051,316.4,1.3,1.1,2021-03-03,518,0,MODIS,38,6.03,304.8,8.0,1,0,2021,3,3,518,5,18,2,1,73921,19544,11.599999999999966,0,Low
163012,30.3959,74.5971,315.0,1.0,1.0,2018-11-08,818,1,MODIS,57,6.03,301.7,6.1,1,0,2018,11,8,818,8,18,4,0,167610,73042,13.300000000000011,0,Low
765433,18.6164,77.2677,313.5,1.5,1.2,2026-01-01,928,1,MODIS,61,61.03,301.1,8.9,1,0,2026,1,1,928,9,28,1,9,27481,3684,12.399999999999975,0,Low
86952,22.6205,92.8774,306.6,1.2,1.1,2018-01-25,720,1,MODIS,56,6.03,293.8,7.1,1,0,2018,1,25,720,7,20,1,2,57778,527,12.800000000000011,0,Low
454650,17.3944,73.2787,326.8,1.3,1.1,2022-03-15,820,1,MODIS,49,6.03,312.3,14.7,1,0,2022,3,15,820,8,20,2,3,38436,7918,14.5,0,Medium
549286,19.1057,78.889,339.6,1.0,1.0,2023-03-23,821,1,MODIS,85,61.03,310.8,25.9,1,0,2023,3,23,821,8,21,2,9,27481,7575,28.80000000000001,1,Medium
580331,30.4026,76.0503,316.6,1.2,1.1,2023-11-01,844,1,MODIS,67,61.03,300.2,11.6,1,0,2023,11,1,844,8,44,4,0,167610,73042,16.400000000000034,0,Medium
158036,31.0564,74.8118,326.0,1.0,1.0,2018-11-01,812,1,MODIS,60,6.03,299.9,16.2,1,0,2018,11,1,812,8,12,4,0,167610,73042,26.100000000000023,0,Medium
479501,21.7559,78.7259,335.7,1.0,1.0,2022-04-25,811,1,MODIS,62,6.03,322.5,8.6,1,0,2022,4,25,811,8,11,2,5,47348,16741,13.199999999999989,0,Low
694258,23.9797,93.8365,312.5,2.2,1.4,2025-03-10,735,1,MODIS,50,61.03,297.8,22.8,1,0,2025,3,10,735,7,35,2,2,57778,42248,14.699999999999989,0,Medium
126816,25.3119,93.102,328.3,1.0,1.0,2018-04-01,709,1,MODIS,82,6.03,302.2,16.4,1,0,2018,4,1,709,7,9,2,8,33148,7372,26.100000000000023,0,Medium
524811,24.3993,93.6966,313.5,4.1,1.9,2023-02-04,756,1,MODIS,65,61.03,300.9,56.1,1,0,2023,2,4,756,7,56,1,2,57778,3915,12.600000000000025,0,High
495781,30.1822,76.1279,314.5,1.4,1.2,2022-10-24,834,1,MODIS,35,6.03,302.8,8.3,1,0,2022,10,24,834,8,34,4,0,167610,39610,11.699999999999989,0,Low
483154,32.5087,74.838,330.6,2.0,1.4,2022-04-29,608,0,MODIS,47,6.03,312.2,22.8,1,0,2022,4,29,608,6,8,2,0,167610,7906,18.400000000000038,0,Medium
233135,30.9246,74.4579,316.5,1.4,1.2,2019-10-21,759,1,MODIS,64,6.03,301.8,11.2,1,0,2019,10,21,759,7,59,4,0,167610,39610,14.699999999999989,0,Medium
40186,27.9491,94.5933,309.1,2.6,1.6,2017-04-13,626,1,MODIS,62,6.2,293.6,23.9,1,0,2017,4,13,626,6,26,2,11,41370,8105,15.5,0,Medium
497622,31.1843,75.1018,316.0,1.2,1.1,2022-10-28,809,1,MODIS,39,6.03,303.2,6.9,1,0,2022,10,28,809,8,9,4,0,167610,39610,12.800000000000011,0,Low
711588,23.6626,83.0312,326.7,1.0,1.0,2025-03-27,852,1,MODIS,48,61.03,313.5,8.7,1,0,2025,3,27,852,8,52,2,12,49232,10270,13.199999999999989,0,Low
753446,24.5809,77.9067,312.3,1.8,1.3,2025-11-18,911,1,MODIS,63,61.03,298.8,14.3,1,0,2025,11,18,911,9,11,4,4,76528,9210,13.5,0,Medium
185623,16.1786,78.8135,332.0,1.2,1.1,2019-03-07,820,1,MODIS,69,6.03,314.6,15.3,1,0,2019,3,7,820,8,20,2,14,36148,12659,17.399999999999977,0,Medium
628110,27.0222,92.2157,314.8,1.0,1.0,2024-04-09,737,1,MODIS,67,61.03,288.1,8.5,1,0,2024,4,9,737,7,37,2,8,33148,7372,26.69999999999999,0,Low
233733,29.6369,75.2921,316.9,1.3,1.1,2019-10-24,830,1,MODIS,59,6.03,303.1,9.6,1,0,2019,10,24,830,8,30,4,0,167610,39610,13.799999999999956,0,Low
533316,19.1309,78.709,323.2,1.4,1.2,2023-02-25,802,1,MODIS,37,61.03,312.6,14.9,1,0,2023,2,25,802,8,2,1,9,27481,5254,10.599999999999966,0,Medium
465942,20.6312,84.0436,332.6,1.0,1.0,2022-03-28,749,1,MODIS,70,6.03,313.0,14.7,1,0,2022,3,28,749,7,49,2,1,73921,19544,19.600000000000023,0,Medium
448729,23.9443,92.6334,336.1,1.6,1.2,2022-03-10,445,0,MODIS,88,6.03,299.6,67.7,1,0,2022,3,10,445,4,45,2,2,57778,42248,36.5,1,Extreme
529788,19.7369,73.201,325.6,2.1,1.4,2023-02-16,814,1,MODIS,51,61.03,315.3,24.6,1,0,2023,2,16,814,8,14,1,3,38436,8837,10.300000000000011,0,Medium
407501,23.7673,86.3961,319.1,1.0,1.0,2021-08-30,450,0,MODIS,34,6.03,293.9,7.8,1,2,2021,8,30,450,4,50,3,12,49232,611,25.200000000000045,0,Low
426474,30.8276,76.053,317.4,2.4,1.5,2021-11-12,842,1,MODIS,70,6.03,300.3,28.8,1,0,2021,11,12,842,8,42,4,0,167610,73042,17.099999999999966,0,Medium
128546,24.3119,92.5875,319.8,2.3,1.5,2018-04-04,739,1,MODIS,72,6.03,296.7,37.3,1,0,2018,4,4,739,7,39,2,2,57778,10542,23.100000000000023,0,High
294112,27.5941,95.3783,308.6,3.1,1.7,2020-09-18,1514,0,MODIS,75,6.03,288.4,35.1,0,0,2020,9,18,1514,15,14,4,11,41370,195,20.200000000000045,0,High
40594,19.754,84.0519,325.4,1.4,1.2,2017-04-13,802,1,MODIS,24,6.2,309.6,12.0,1,0,2017,4,13,802,8,2,2,1,73921,9197,15.799999999999956,0,Medium
670599,20.8506,84.0805,316.4,1.2,1.1,2025-01-01,847,1,MODIS,73,61.03,298.9,11.9,1,0,2025,1,1,847,8,47,1,1,73921,10736,17.5,0,Medium
492231,18.8822,84.3262,323.6,1.0,1.0,2022-06-07,745,1,MODIS,67,6.03,303.1,11.0,1,0,2022,6,7,745,7,45,3,1,73921,1828,20.5,0,Medium
342740,23.2569,87.2444,325.9,1.0,1.0,2021-03-04,732,1,MODIS,69,6.03,313.6,7.7,1,0,2021,3,4,732,7,32,2,12,49232,10270,12.299999999999956,0,Low
199869,24.1748,93.5156,323.2,1.4,1.2,2019-03-30,650,1,MODIS,75,6.03,300.9,24.0,1,0,2019,3,30,650,6,50,2,2,57778,42248,22.30000000000001,0,Medium
542133,22.4455,92.9568,384.7,1.5,1.2,2023-03-08,737,1,MODIS,100,61.03,310.1,289.0,1,0,2023,3,8,737,7,37,2,2,57778,42248,74.59999999999997,1,Extreme
416403,25.3103,79.394,329.0,1.2,1.1,2021-11-04,752,1,MODIS,78,6.03,308.0,17.7,1,0,2021,11,4,752,7,52,4,5,47348,5930,21.0,0,Medium
474069,27.3591,83.1443,324.5,1.8,1.3,2022-04-17,724,1,MODIS,51,6.03,310.0,16.8,1,0,2022,4,17,724,7,24,2,7,41741,15320,14.5,0,Medium
59787,28.2406,80.157,314.9,1.4,1.2,2017-10-10,740,1,MODIS,41,6.2,300.8,9.2,1,0,2017,10,10,740,7,40,4,7,41741,2163,14.099999999999966,0,Low
429330,29.7069,75.501,319.1,1.0,1.0,2021-11-16,818,1,MODIS,65,6.03,302.6,9.7,1,0,2021,11,16,818,8,18,4,0,167610,73042,16.5,0,Low
745840,22.0504,83.7358,307.2,1.8,1.3,2025-10-22,2158,1,MODIS,71,61.03,292.8,17.2,0,2,2025,10,22,2158,21,58,4,1,73921,2278,14.399999999999975,0,Medium
543055,26.7434,91.0091,313.2,1.4,1.2,2023-03-10,438,0,MODIS,69,61.03,299.9,12.1,1,0,2023,3,10,438,4,38,2,8,33148,19990,13.300000000000011,0,Medium
228994,30.7241,78.3429,301.5,1.3,1.1,2019-06-01,1712,0,MODIS,36,6.03,291.3,5.4,0,0,2019,6,1,1712,17,12,3,0,167610,3042,10.199999999999989,0,Low
228830,30.5109,78.3167,308.2,1.0,1.0,2019-05-31,2047,1,MODIS,74,6.03,292.1,8.6,0,0,2019,5,31,2047,20,47,2,0,167610,31628,16.099999999999966,0,Low
113704,26.6194,93.3512,314.0,1.6,1.3,2018-03-20,645,1,MODIS,59,6.03,295.1,14.8,1,0,2018,3,20,645,6,45,2,11,41370,18499,18.899999999999977,0,Medium
586938,30.2242,75.9658,326.4,1.0,1.0,2023-11-15,837,1,MODIS,72,61.03,303.5,14.7,1,0,2023,11,15,837,8,37,4,0,167610,73042,22.899999999999977,0,Medium
142590,31.831,74.8944,332.9,1.3,1.1,2018-05-11,800,1,MODIS,74,6.03,314.1,15.5,1,0,2018,5,11,800,8,0,2,0,167610,31628,18.799999999999955,0,Medium
122596,20.2188,81.9118,325.2,1.9,1.3,2018-03-28,733,1,MODIS,41,6.03,312.7,17.0,1,0,2018,3,28,733,7,33,2,13,47964,18871,12.5,0,Medium
404528,17.4701,81.5861,326.4,1.0,1.0,2021-05-10,802,1,MODIS,69,6.03,302.4,12.3,1,0,2021,5,10,802,8,2,2,13,47964,4838,24.0,0,Medium
622598,19.1425,80.5134,325.3,1.1,1.1,2024-04-01,839,1,MODIS,49,61.03,307.9,7.6,1,0,2024,4,1,839,8,39,2,13,47964,11656,17.400000000000034,0,Low
272273,24.5853,94.2121,317.8,1.0,1.0,2020-04-02,423,0,MODIS,48,6.03,303.5,8.4,1,0,2020,4,2,423,4,23,2,2,57778,10542,14.300000000000011,0,Low
403878,31.3126,75.0033,335.0,1.0,1.0,2021-05-08,818,1,MODIS,77,6.03,310.7,14.0,1,0,2021,5,8,818,8,18,2,0,167610,31628,24.30000000000001,0,Medium
661120,25.8695,78.2818,311.3,1.0,1.0,2024-11-20,852,1,MODIS,60,61.03,298.5,6.4,1,0,2024,11,20,852,8,52,4,4,76528,9210,12.800000000000011,0,Low
642464,31.7126,75.5979,335.8,1.3,1.1,2024-05-09,829,1,MODIS,83,61.03,309.9,24.3,1,0,2024,5,9,829,8,29,2,0,167610,31628,25.900000000000038,1,Medium
765085,21.3192,75.6857,308.6,1.8,1.3,2025-12-28,1012,1,MODIS,43,61.03,298.4,11.0,1,0,2025,12,28,1012,10,12,1,9,27481,2370,10.200000000000044,0,Medium
82003,26.8871,95.2966,305.4,1.0,1.0,2017-12-28,656,1,MODIS,36,6.2,294.8,4.3,1,0,2017,12,28,656,6,56,1,11,41370,1415,10.599999999999966,0,Low
460623,24.2897,93.4844,382.1,1.6,1.2,2022-03-22,648,1,MODIS,100,6.03,305.1,296.8,1,0,2022,3,22,648,6,48,2,2,57778,42248,77.0,1,Extreme
478073,23.4262,79.9044,334.8,3.0,1.6,2022-04-24,729,1,MODIS,76,6.03,314.2,78.3,1,0,2022,4,24,729,7,29,2,5,47348,16741,20.600000000000023,0,Extreme
572062,32.117,75.2532,333.7,2.1,1.4,2023-05-21,855,1,MODIS,74,61.03,315.9,31.9,1,0,2023,5,21,855,8,55,2,0,167610,31628,17.80000000000001,0,High
652368,29.7303,77.9271,311.2,1.2,1.1,2024-10-21,836,1,MODIS,60,61.03,300.4,6.7,1,0,2024,10,21,836,8,36,4,0,167610,39610,10.800000000000011,0,Low
446223,13.359,75.0559,320.8,1.1,1.1,2022-03-04,837,1,MODIS,52,6.03,308.8,11.1,1,0,2022,3,4,837,8,37,2,14,36148,12659,12.0,0,Medium
502567,29.7942,75.5679,312.1,1.2,1.1,2022-11-05,540,0,MODIS,57,6.03,299.6,6.5,1,0,2022,11,5,540,5,40,4,0,167610,73042,12.5,0,Low
700712,21.3272,75.6143,328.3,1.0,1.0,2025-03-15,913,1,MODIS,56,61.03,311.3,11.5,1,0,2025,3,15,913,9,13,2,9,27481,7575,17.0,0,Medium
170279,21.2766,77.1091,312.9,1.5,1.2,2018-12-05,757,1,MODIS,51,6.03,296.7,13.8,1,0,2018,12,5,757,7,57,1,9,27481,2370,16.19999999999999,0,Medium
284632,23.2171,77.71,358.5,1.0,1.0,2020-04-28,810,1,MODIS,99,6.03,323.0,58.8,1,0,2020,4,28,810,8,10,2,4,76528,39620,35.5,1,High
298538,30.0371,74.4504,323.9,1.8,1.3,2020-10-24,842,1,MODIS,75,6.03,302.6,34.8,1,0,2020,10,24,842,8,42,4,0,167610,39610,21.299999999999955,0,High
325866,21.6332,84.053,323.2,1.1,1.0,2021-01-06,738,1,MODIS,77,6.03,300.7,14.8,1,0,2021,1,6,738,7,38,1,1,73921,10736,22.5,0,Medium
337362,24.0825,75.3415,333.0,1.2,1.1,2021-02-25,555,0,MODIS,82,6.03,311.2,24.8,1,0,2021,2,25,555,5,55,1,4,76528,2331,21.80000000000001,1,Medium
458895,23.6186,80.7206,328.8,1.0,1.0,2022-03-19,756,1,MODIS,58,6.03,309.0,10.0,1,0,2022,3,19,756,7,56,2,5,47348,12422,19.80000000000001,0,Low
481768,30.6204,75.6568,332.0,1.3,1.1,2022-04-27,801,1,MODIS,66,6.03,318.7,10.9,1,0,2022,4,27,801,8,1,2,0,167610,7906,13.300000000000011,0,Medium
669901,21.9232,82.419,311.4,1.0,1.0,2024-12-27,846,1,MODIS,52,61.03,298.6,4.2,1,0,2024,12,27,846,8,46,1,1,73921,11178,12.799999999999956,0,Low
167784,30.6499,74.9255,313.9,1.4,1.2,2018-11-19,759,1,MODIS,64,6.03,299.9,8.5,1,0,2018,11,19,759,7,59,4,0,167610,73042,14.0,0,Low
532814,23.7219,93.0524,308.4,1.0,1.0,2023-02-24,720,1,MODIS,18,61.03,296.1,3.3,1,0,2023,2,24,720,7,20,1,2,57778,3915,12.299999999999956,0,Low
112106,25.9383,92.1388,318.4,1.3,1.1,2018-03-18,657,1,MODIS,67,6.03,299.3,12.1,1,0,2018,3,18,657,6,57,2,8,33148,19990,19.09999999999997,0,Medium
18056,21.34,76.6618,326.1,2.6,1.5,2017-03-13,846,1,MODIS,56,6.2,311.9,32.2,1,0,2017,3,13,846,8,46,2,9,27481,7575,14.200000000000044,0,High
74077,30.5242,74.1304,323.6,1.2,1.1,2017-11-19,830,1,MODIS,25,6.2,299.2,16.2,1,0,2017,11,19,830,8,30,4,0,167610,73042,24.400000000000038,0,Medium
740720,31.0595,75.9834,328.0,1.3,1.1,2025-05-14,900,1,MODIS,74,61.03,310.5,11.8,1,0,2025,5,14,900,9,0,2,0,167610,31628,17.5,0,Medium
241071,30.5949,75.7698,316.2,3.7,1.8,2019-11-05,854,1,MODIS,64,6.03,297.3,48.5,1,0,2019,11,5,854,8,54,4,0,167610,73042,18.899999999999977,0,High
98220,18.0735,80.1025,323.4,2.4,1.5,2018-03-02,833,1,MODIS,52,6.03,309.3,21.1,1,0,2018,3,2,833,8,33,2,13,47964,18871,14.099999999999966,0,Medium
31377,20.141,81.2061,332.0,1.0,1.0,2017-04-06,757,1,MODIS,66,6.2,314.5,10.7,1,0,2017,4,6,757,7,57,2,13,47964,11656,17.5,0,Medium
524181,26.9628,88.3957,303.2,3.2,1.7,2023-02-02,811,1,MODIS,43,61.03,291.2,20.6,1,0,2023,2,2,811,8,11,1,8,33148,2829,12.0,0,Medium
87094,19.1015,78.6888,318.3,1.1,1.0,2018-01-26,803,1,MODIS,48,6.03,307.2,6.2,1,0,2018,1,26,803,8,3,1,9,27481,3684,11.100000000000025,0,Low
509936,24.2826,80.7706,311.1,1.0,1.0,2022-11-20,805,1,MODIS,51,6.03,300.3,3.8,1,0,2022,11,20,805,8,5,4,5,47348,5930,10.800000000000011,0,Low
147141,34.4529,73.8851,314.6,2.0,1.4,2018-05-26,1644,0,MODIS,89,6.03,283.3,43.7,0,0,2018,5,26,1644,16,44,2,0,167610,31628,31.30000000000001,1,High
536485,12.8947,77.9457,324.1,1.2,1.1,2023-03-02,815,1,MODIS,65,61.03,310.8,11.3,1,0,2023,3,2,815,8,15,2,14,36148,12659,13.300000000000011,0,Medium
601536,15.8274,77.6881,331.5,1.6,1.2,2024-02-01,823,1,MODIS,73,61.03,314.3,26.7,1,0,2024,2,1,823,8,23,1,14,36148,10539,17.19999999999999,0,Medium
112733,21.6531,84.5946,328.1,1.0,1.0,2018-03-19,739,1,MODIS,51,6.03,313.6,10.5,1,0,2018,3,19,739,7,39,2,1,73921,19544,14.5,0,Medium
661372,26.7466,79.6033,311.3,1.0,1.0,2024-11-20,853,1,MODIS,59,61.03,299.4,5.1,1,0,2024,11,20,853,8,53,4,7,41741,5012,11.900000000000034,0,Low
459767,22.9587,92.5707,326.5,2.6,1.5,2022-03-21,743,1,MODIS,76,6.03,306.3,55.7,1,0,2022,3,21,743,7,43,2,2,57778,42248,20.19999999999999,0,High
282699,16.6447,73.6503,331.5,1.3,1.1,2020-04-22,845,1,MODIS,44,6.03,310.3,11.2,1,0,2020,4,22,845,8,45,2,3,38436,3037,21.19999999999999,0,Medium
172870,26.6588,95.1682,311.7,2.6,1.5,2018-12-28,626,1,MODIS,72,6.03,288.6,41.4,1,0,2018,12,28,626,6,26,1,11,41370,1415,23.09999999999997,0,High
342226,19.156,79.984,330.8,1.9,1.3,2021-03-03,827,1,MODIS,37,6.03,311.9,30.1,1,0,2021,3,3,827,8,27,2,13,47964,18871,18.900000000000038,0,High
695093,23.0983,77.6021,327.7,1.0,1.0,2025-03-10,913,1,MODIS,40,61.03,315.3,14.2,1,0,2025,3,10,913,9,13,2,4,76528,13167,12.399999999999975,0,Medium
158240,29.6225,74.4564,324.4,1.1,1.0,2018-11-02,543,0,MODIS,76,6.03,300.2,18.0,1,0,2018,11,2,543,5,43,4,0,167610,73042,24.19999999999999,0,Medium
76749,29.8089,77.4875,304.4,1.3,1.1,2017-11-26,524,0,MODIS,39,6.2,294.2,5.3,1,0,2017,11,26,524,5,24,4,0,167610,73042,10.199999999999989,0,Low
737357,28.9205,79.7977,327.2,1.8,1.3,2025-05-02,923,1,MODIS,69,61.03,303.0,27.6,1,0,2025,5,2,923,9,23,2,7,41741,6465,24.19999999999999,0,Medium
636589,18.4373,73.1003,328.5,1.2,1.1,2024-04-28,457,0,MODIS,55,61.03,308.4,11.9,1,0,2024,4,28,457,4,57,2,3,38436,3037,20.100000000000023,0,Medium
625390,25.1343,86.37,332.1,1.0,1.0,2024-04-05,809,1,MODIS,62,61.03,310.1,14.6,1,0,2024,4,5,809,8,9,2,12,49232,12010,22.0,0,Medium
128316,23.7257,86.4361,308.3,1.1,1.0,2018-04-03,1621,0,MODIS,61,6.03,296.6,7.2,0,2,2018,4,3,1621,16,21,2,12,49232,12010,11.699999999999989,0,Low
193366,23.266,92.625,339.4,2.3,1.5,2019-03-22,739,1,MODIS,89,6.03,293.6,118.1,1,0,2019,3,22,739,7,39,2,2,57778,42248,45.79999999999996,1,Extreme
74088,30.8244,74.3481,318.2,1.2,1.1,2017-11-19,830,1,MODIS,74,6.2,296.8,13.5,1,0,2017,11,19,830,8,30,4,0,167610,73042,21.399999999999977,0,Medium
763539,21.9156,82.5025,309.6,1.5,1.2,2025-12-22,938,1,MODIS,65,61.03,297.3,9.3,1,0,2025,12,22,938,9,38,1,1,73921,11178,12.300000000000011,0,Low
398292,27.1973,92.5792,321.4,1.0,1.0,2021-04-25,709,1,MODIS,75,6.03,299.6,14.1,1,0,2021,4,25,709,7,9,2,8,33148,7372,21.799999999999955,0,Medium
461716,24.4978,93.4777,361.1,1.9,1.3,2022-03-23,731,1,MODIS,100,6.03,301.5,205.4,1,0,2022,3,23,731,7,31,2,2,57778,42248,59.60000000000002,1,Extreme
644169,32.4862,74.7831,360.2,1.1,1.1,2024-05-14,838,1,MODIS,100,61.03,318.1,77.2,1,0,2024,5,14,838,8,38,2,0,167610,31628,42.099999999999966,1,Extreme
75568,20.9655,85.175,312.3,1.1,1.0,2017-11-22,1645,0,MODIS,81,6.2,292.5,11.9,0,2,2017,11,22,1645,16,45,4,1,73921,2885,19.80000000000001,0,Medium
313526,30.1656,75.6868,319.6,1.9,1.4,2020-11-10,747,1,MODIS,50,6.03,303.3,21.7,1,0,2020,11,10,747,7,47,4,0,167610,73042,16.30000000000001,0,Medium
186779,22.6632,75.2418,334.8,1.9,1.3,2019-03-11,758,1,MODIS,80,6.03,310.5,45.3,1,0,2019,3,11,758,7,58,2,4,76528,13167,24.30000000000001,0,High
263283,25.2308,92.9849,326.4,1.2,1.1,2020-03-19,721,1,MODIS,70,6.03,298.6,22.5,1,0,2020,3,19,721,7,21,2,8,33148,19990,27.799999999999955,0,Medium
117942,18.1362,80.5228,334.5,1.1,1.0,2018-03-24,757,1,MODIS,75,6.03,315.3,17.1,1,0,2018,3,24,757,7,57,2,13,47964,18871,19.19999999999999,0,Medium
170995,23.789,86.3067,312.9,1.0,1.0,2018-12-12,454,0,MODIS,61,6.03,299.7,6.5,1,2,2018,12,12,454,4,54,1,12,49232,8420,13.199999999999989,0,Low
602513,17.6662,77.2122,326.0,1.1,1.1,2024-02-06,833,1,MODIS,57,61.03,311.9,9.0,1,0,2024,2,6,833,8,33,1,9,27481,5254,14.100000000000025,0,Low
221,31.0813,78.2391,300.4,1.5,1.2,2017-01-03,517,0,MODIS,15,6.2,288.9,12.2,1,0,2017,1,3,517,5,17,1,0,167610,2724,11.5,0,Medium
32587,23.7622,82.784,334.8,1.0,1.0,2017-04-08,745,1,MODIS,72,6.2,318.1,11.3,1,0,2017,4,8,745,7,45,2,5,47348,16741,16.69999999999999,0,Medium
39683,23.749,77.2497,323.9,1.7,1.3,2017-04-12,1646,0,MODIS,100,6.2,292.9,44.6,0,0,2017,4,12,1646,16,46,2,4,76528,39620,31.0,1,High
754774,25.7397,76.5525,314.7,2.2,1.5,2025-11-22,1006,1,MODIS,34,61.03,296.0,26.5,1,0,2025,11,22,1006,10,6,4,4,76528,9210,18.69999999999999,0,Medium
52708,24.9004,83.3343,332.4,1.8,1.3,2017-05-06,810,1,MODIS,49,6.2,314.4,23.7,1,0,2017,5,6,810,8,10,2,12,49232,3184,18.0,0,Medium
139260,30.3961,73.9956,326.0,1.9,1.4,2018-05-04,619,0,MODIS,65,6.03,306.2,19.1,1,0,2018,5,4,619,6,19,2,0,167610,31628,19.80000000000001,0,Medium
95904,19.2968,79.0381,330.6,1.0,1.0,2018-02-27,803,1,MODIS,71,6.03,315.1,12.1,1,0,2018,2,27,803,8,3,1,9,27481,5254,15.5,0,Medium
153936,30.8443,74.8346,314.2,1.7,1.3,2018-10-27,753,1,MODIS,61,6.03,300.0,13.5,1,0,2018,10,27,753,7,53,4,0,167610,39610,14.199999999999989,0,Medium
127015,19.2515,73.0332,306.5,1.0,1.0,2018-04-01,2057,1,MODIS,68,6.03,293.3,6.5,0,2,2018,4,1,2057,20,57,2,3,38436,3037,13.199999999999989,0,Low
509449,30.0865,74.4744,320.3,1.0,1.0,2022-11-18,820,1,MODIS,68,6.03,305.0,10.7,1,0,2022,11,18,820,8,20,4,0,167610,73042,15.300000000000011,0,Medium
746222,20.9622,85.1905,315.3,1.0,1.0,2025-10-26,337,0,MODIS,54,61.03,297.1,7.1,1,2,2025,10,26,337,3,37,4,1,73921,2278,18.19999999999999,0,Low
371152,19.298,78.1228,339.4,1.1,1.1,2021-03-28,821,1,MODIS,79,6.03,321.7,19.3,1,0,2021,3,28,821,8,21,2,9,27481,7575,17.69999999999999,0,Medium
724876,26.1479,93.2441,343.0,1.0,1.0,2025-04-10,810,1,MODIS,91,61.03,304.8,41.0,1,0,2025,4,10,810,8,10,2,11,41370,8105,38.19999999999999,1,High
114605,24.0668,93.5639,314.7,1.6,1.3,2018-03-21,727,1,MODIS,36,6.03,301.5,12.6,1,0,2018,3,21,727,7,27,2,2,57778,42248,13.199999999999989,0,Medium
545915,23.8794,92.556,322.6,2.7,1.6,2023-03-13,752,1,MODIS,73,61.03,302.4,56.0,1,0,2023,3,13,752,7,52,2,2,57778,42248,20.200000000000045,0,High
385146,15.1803,76.6574,311.3,1.0,1.0,2021-04-04,2039,1,MODIS,81,6.03,298.6,7.4,0,2,2021,4,4,2039,20,39,2,14,36148,3614,12.699999999999989,0,Low
384338,14.2433,77.1955,332.0,1.1,1.1,2021-04-04,520,0,MODIS,71,6.03,310.4,12.7,1,0,2021,4,4,520,5,20,2,14,36148,3614,21.600000000000023,0,Medium
56685,27.81,79.689,311.2,1.0,1.0,2017-05-21,1653,0,MODIS,80,6.2,296.8,7.2,0,0,2017,5,21,1653,16,53,2,7,41741,6465,14.399999999999975,0,Low
645327,31.1833,77.2106,307.0,1.0,1.0,2024-05-18,1615,0,MODIS,70,61.03,295.0,6.1,0,0,2024,5,18,1615,16,15,2,0,167610,31628,12.0,0,Low
351245,23.1852,92.7533,362.8,2.1,1.4,2021-03-12,643,1,MODIS,100,6.03,298.8,268.2,1,0,2021,3,12,643,6,43,2,2,57778,42248,64.0,1,Extreme
503255,25.7728,76.7223,334.5,1.7,1.3,2022-11-07,841,1,MODIS,85,6.03,303.3,55.3,1,0,2022,11,7,841,8,41,4,4,76528,9210,31.19999999999999,1,High
236457,30.6906,76.0535,311.4,1.0,1.0,2019-10-28,805,1,MODIS,53,6.03,300.7,4.5,1,0,2019,10,28,805,8,5,4,0,167610,39610,10.699999999999989,0,Low
302347,29.8743,75.8351,330.2,1.1,1.0,2020-10-30,805,1,MODIS,83,6.03,302.0,22.0,1,0,2020,10,30,805,8,5,4,0,167610,39610,28.19999999999999,1,Medium
236813,31.5963,75.5229,322.3,1.1,1.0,2019-10-28,806,1,MODIS,76,6.03,302.5,12.0,1,0,2019,10,28,806,8,6,4,0,167610,39610,19.80000000000001,0,Medium
215066,23.7931,86.3528,312.8,1.0,1.0,2019-04-29,1627,0,MODIS,35,6.03,302.4,6.4,0,2,2019,4,29,1627,16,27,2,12,49232,12010,10.400000000000034,0,Low
386982,14.6145,78.9761,328.7,1.0,1.0,2021-04-06,813,1,MODIS,46,6.03,310.8,10.7,1,0,2021,4,6,813,8,13,2,14,36148,3614,17.899999999999977,0,Medium
287905,25.9811,78.0862,339.3,1.0,1.0,2020-05-08,537,0,MODIS,79,6.03,318.8,14.3,1,0,2020,5,8,537,5,37,2,4,76528,7507,20.5,0,Medium
177104,17.7406,78.3737,323.8,1.0,1.0,2019-01-20,808,1,MODIS,59,6.03,313.0,7.0,1,0,2019,1,20,808,8,8,1,9,27481,3684,10.800000000000011,0,Low
737531,26.0349,83.9278,326.9,1.1,1.1,2025-05-03,414,0,MODIS,71,61.03,305.7,10.6,1,0,2025,5,3,414,4,14,2,12,49232,3184,21.19999999999999,0,Medium
656707,16.1562,79.3206,318.4,1.2,1.1,2024-11-10,845,1,MODIS,69,61.03,301.5,12.3,1,0,2024,11,10,845,8,45,4,14,36148,1186,16.899999999999977,0,Medium
225505,31.5849,75.1119,330.3,1.0,1.0,2019-05-19,818,1,MODIS,62,6.03,313.0,8.3,1,0,2019,5,19,818,8,18,2,0,167610,31628,17.30000000000001,0,Low
531283,12.1594,77.0634,321.8,1.0,1.0,2023-02-21,827,1,MODIS,47,61.03,308.0,6.3,1,0,2023,2,21,827,8,27,1,6,13460,3893,13.800000000000011,0,Low
525633,14.6715,75.2861,328.2,1.2,1.1,2023-02-07,823,1,MODIS,76,61.03,300.9,19.7,1,0,2023,2,7,823,8,23,1,14,36148,10539,27.30000000000001,0,Medium
68109,30.6971,75.6513,312.9,1.2,1.1,2017-10-31,759,1,MODIS,61,6.2,298.9,8.6,1,0,2017,10,31,759,7,59,4,0,167610,39610,14.0,0,Low
233012,30.7129,74.4834,314.4,1.1,1.1,2019-10-20,541,0,MODIS,68,6.03,299.2,8.4,1,0,2019,10,20,541,5,41,4,0,167610,39610,15.199999999999989,0,Low
282419,25.4087,76.4217,353.9,1.0,1.0,2020-04-22,537,0,MODIS,95,6.03,312.7,49.6,1,0,2020,4,22,537,5,37,2,4,76528,39620,41.19999999999999,1,High
760652,25.7592,80.8241,311.6,2.0,1.4,2025-12-12,948,1,MODIS,69,61.03,295.2,21.1,1,0,2025,12,12,948,9,48,1,7,41741,2618,16.400000000000034,0,Medium
22229,14.2064,78.9907,332.1,1.0,1.0,2017-03-24,521,0,MODIS,49,6.2,315.3,11.3,1,0,2017,3,24,521,5,21,2,14,36148,12659,16.80000000000001,0,Medium
450037,26.716,91.0906,318.8,1.1,1.0,2022-03-11,708,1,MODIS,63,6.03,306.6,7.4,1,0,2022,3,11,708,7,8,2,8,33148,19990,12.199999999999989,0,Low
424954,30.2251,75.129,325.9,1.3,1.1,2021-11-11,759,1,MODIS,77,6.03,301.7,25.9,1,0,2021,11,11,759,7,59,4,0,167610,73042,24.19999999999999,0,Medium
641515,12.7891,76.5708,322.8,1.3,1.1,2024-05-07,841,1,MODIS,68,61.03,297.6,12.9,1,0,2024,5,7,841,8,41,2,6,13460,485,25.19999999999999,0,Medium
381450,22.8184,77.8641,342.1,1.0,1.0,2021-04-02,530,0,MODIS,84,6.03,318.1,26.0,1,0,2021,4,2,530,5,30,2,4,76528,39620,24.0,1,Medium
683242,15.2622,77.8865,326.3,1.0,1.0,2025-02-18,911,1,MODIS,50,61.03,311.8,6.8,1,0,2025,2,18,911,9,11,1,14,36148,10539,14.5,0,Low
354680,23.4064,92.3627,354.5,1.0,1.0,2021-03-15,714,1,MODIS,97,6.03,307.5,63.1,1,0,2021,3,15,714,7,14,2,2,57778,42248,47.0,1,Extreme
720388,27.3445,84.4423,317.7,2.5,1.5,2025-04-04,911,1,MODIS,28,61.03,304.8,20.5,1,0,2025,4,4,911,9,11,2,12,49232,12010,12.899999999999975,0,Medium
574294,31.1423,75.2915,326.2,1.8,1.3,2023-06-18,853,1,MODIS,66,61.03,301.2,21.7,1,0,2023,6,18,853,8,53,3,0,167610,3042,25.0,0,Medium
217321,26.2836,82.2321,343.0,1.3,1.1,2019-05-05,804,1,MODIS,86,6.03,315.5,39.5,1,0,2019,5,5,804,8,4,2,7,41741,6465,27.5,1,High
214948,27.3474,82.4656,324.5,4.3,1.9,2019-04-29,704,1,MODIS,50,6.03,306.5,52.1,1,0,2019,4,29,704,7,4,2,7,41741,15320,18.0,0,High
595473,28.1619,95.5529,316.3,1.1,1.1,2023-12-26,729,1,MODIS,58,61.03,296.2,12.6,1,0,2023,12,26,729,7,29,1,11,41370,1415,20.100000000000023,0,Medium
612553,25.2764,93.7986,310.2,1.1,1.1,2024-03-11,723,1,MODIS,54,61.03,296.9,9.5,1,0,2024,3,11,723,7,23,2,11,41370,18499,13.300000000000011,0,Low
581929,22.3503,79.8149,330.1,1.2,1.1,2023-11-05,812,1,MODIS,77,61.03,307.8,20.6,1,2,2023,11,5,812,8,12,4,5,47348,5930,22.30000000000001,0,Medium
203612,9.4053,76.489,332.0,1.0,1.0,2019-04-06,529,0,MODIS,71,6.03,302.3,20.4,1,0,2019,4,6,529,5,29,2,6,13460,1606,29.69999999999999,0,Medium
437026,25.3815,92.8024,303.0,1.0,1.0,2022-01-06,709,1,MODIS,51,6.03,290.1,4.9,1,0,2022,1,6,709,7,9,1,8,33148,1715,12.899999999999975,0,Low
588660,19.186,76.5658,304.6,1.3,1.1,2023-11-17,1655,0,MODIS,61,61.03,291.1,9.4,0,0,2023,11,17,1655,16,55,4,9,27481,2693,13.5,0,Low
267465,24.1926,92.2321,346.0,1.0,1.0,2020-03-28,714,1,MODIS,92,6.03,307.4,41.8,1,0,2020,3,28,714,7,14,2,2,57778,42248,38.60000000000002,1,High
660832,23.5536,87.2344,317.4,1.1,1.0,2024-11-19,812,1,MODIS,55,61.03,300.0,12.0,1,2,2024,11,19,812,8,12,4,12,49232,3375,17.399999999999977,0,Medium
314339,30.5794,74.1765,322.6,1.2,1.1,2020-11-11,830,1,MODIS,54,6.03,300.9,14.2,1,0,2020,11,11,830,8,30,4,0,167610,73042,21.700000000000045,0,Medium
497481,30.5131,74.7295,315.0,1.3,1.1,2022-10-28,809,1,MODIS,60,6.03,301.8,9.1,1,0,2022,10,28,809,8,9,4,0,167610,39610,13.199999999999989,0,Low
715383,14.2607,78.8038,319.8,2.5,1.5,2025-03-30,449,0,MODIS,57,61.03,303.3,29.0,1,0,2025,3,30,449,4,49,2,14,36148,12659,16.5,0,Medium
305802,29.8696,75.7456,331.3,1.7,1.3,2020-11-02,836,1,MODIS,74,6.03,302.4,44.4,1,0,2020,11,2,836,8,36,4,0,167610,73042,28.900000000000038,0,High
603315,16.3496,75.3395,300.2,1.4,1.2,2024-02-09,1629,0,MODIS,18,61.03,289.8,5.8,0,0,2024,2,9,1629,16,29,1,3,38436,8837,10.399999999999975,0,Low
724701,22.9338,78.2773,309.7,1.4,1.2,2025-04-09,1543,0,MODIS,49,61.03,294.0,13.5,0,0,2025,4,9,1543,15,43,2,4,76528,39620,15.699999999999989,0,Medium
401379,30.2702,76.6749,328.9,1.2,1.1,2021-04-30,552,0,MODIS,69,6.03,309.7,11.7,1,0,2021,4,30,552,5,52,2,0,167610,7906,19.19999999999999,0,Medium
49896,25.9426,78.0338,305.0,1.3,1.1,2017-04-28,1646,0,MODIS,52,6.2,294.7,7.2,0,0,2017,4,28,1646,16,46,2,4,76528,39620,10.300000000000011,0,Low
673428,19.56,76.2577,309.5,1.0,1.0,2025-01-17,440,0,MODIS,58,61.03,295.7,5.5,1,0,2025,1,17,440,4,40,1,9,27481,3684,13.800000000000011,0,Low
94122,15.7235,78.833,327.2,1.4,1.2,2018-02-23,826,1,MODIS,62,6.03,307.6,19.7,1,0,2018,2,23,826,8,26,1,14,36148,10539,19.59999999999997,0,Medium
265627,17.7206,82.414,316.0,2.5,1.5,2020-03-26,725,1,MODIS,35,6.03,301.2,22.9,1,0,2020,3,26,725,7,25,2,13,47964,18871,14.800000000000011,0,Medium
473177,23.738,77.8339,306.4,1.0,1.0,2022-04-15,1655,0,MODIS,53,6.03,293.7,5.8,0,0,2022,4,15,1655,16,55,2,4,76528,39620,12.699999999999989,0,Low
80103,25.2283,92.3901,304.9,1.0,1.0,2017-12-17,714,1,MODIS,58,6.2,294.2,4.9,1,0,2017,12,17,714,7,14,1,8,33148,557,10.699999999999989,0,Low
673794,25.8406,85.37,309.4,1.0,1.0,2025-01-18,832,1,MODIS,64,61.03,295.0,7.1,1,0,2025,1,18,832,8,32,1,12,49232,3185,14.399999999999975,0,Low
192721,14.2873,79.0607,312.4,1.1,1.1,2019-03-20,1714,0,MODIS,80,6.03,298.7,9.7,0,0,2019,3,20,1714,17,14,2,14,36148,12659,13.699999999999989,0,Low
141899,30.5917,75.0271,337.8,1.1,1.0,2018-05-10,543,0,MODIS,78,6.03,313.5,17.1,1,0,2018,5,10,543,5,43,2,0,167610,31628,24.30000000000001,0,Medium
18996,21.7711,83.9428,321.6,1.1,1.0,2017-03-16,739,1,MODIS,0,6.2,309.7,8.3,1,0,2017,3,16,739,7,39,2,1,73921,19544,11.900000000000034,0,Low
82226,17.4933,73.3327,312.7,4.8,2.0,2017-12-29,916,1,MODIS,55,6.2,301.9,57.8,1,0,2017,12,29,916,9,16,1,3,38436,5945,10.800000000000011,0,High
128541,23.9996,92.3087,335.0,2.2,1.4,2018-04-04,739,1,MODIS,86,6.03,295.6,90.5,1,0,2018,4,4,739,7,39,2,2,57778,10542,39.39999999999998,1,Extreme
34658,24.8937,81.1186,330.7,1.7,1.3,2017-04-10,733,1,MODIS,66,6.2,315.1,29.0,1,0,2017,4,10,733,7,33,2,5,47348,16741,15.599999999999966,0,Medium
465273,22.2075,83.6032,327.2,1.0,1.0,2022-03-28,749,1,MODIS,56,6.03,311.6,9.5,1,0,2022,3,28,749,7,49,2,1,73921,19544,15.599999999999966,0,Low
317978,14.2387,77.4568,321.5,1.2,1.1,2020-11-22,807,1,MODIS,71,6.03,302.6,11.9,1,0,2020,11,22,807,8,7,4,14,36148,1186,18.899999999999977,0,Medium
141274,22.1651,78.3007,340.4,1.0,1.0,2018-05-09,810,1,MODIS,77,6.03,319.5,15.7,1,0,2018,5,9,810,8,10,2,4,76528,7507,20.899999999999977,0,Medium
25574,22.6113,77.5233,322.4,1.5,1.2,2017-03-29,2056,1,MODIS,100,6.2,293.2,35.4,0,0,2017,3,29,2056,20,56,2,4,76528,13167,29.19999999999999,1,High
338980,23.2839,87.2966,321.4,1.1,1.0,2021-02-28,447,0,MODIS,31,6.03,307.1,8.0,1,0,2021,2,28,447,4,47,1,12,49232,3888,14.299999999999956,0,Low
624880,22.148,79.3095,302.3,1.6,1.3,2024-04-04,1601,0,MODIS,46,61.03,289.8,9.0,0,0,2024,4,4,1601,16,1,2,5,47348,16741,12.5,0,Low
468331,24.021,83.3918,330.4,1.2,1.1,2022-03-30,737,1,MODIS,64,6.03,318.2,11.1,1,0,2022,3,30,737,7,37,2,12,49232,10270,12.199999999999989,0,Medium
40330,25.9731,91.786,323.7,4.6,2.0,2017-04-13,626,1,MODIS,79,6.2,295.3,139.3,1,0,2017,4,13,626,6,26,2,8,33148,7372,28.399999999999977,0,Extreme
142170,21.3041,75.5879,340.4,1.0,1.0,2018-05-10,545,0,MODIS,80,6.03,317.6,20.5,1,0,2018,5,10,545,5,45,2,9,27481,1637,22.799999999999955,0,Medium
65136,30.5289,74.5743,322.7,1.1,1.0,2017-10-27,824,1,MODIS,74,6.2,300.2,15.6,1,0,2017,10,27,824,8,24,4,0,167610,39610,22.5,0,Medium
467524,20.0203,78.1377,338.8,1.6,1.2,2022-03-29,831,1,MODIS,78,6.03,323.0,29.5,1,0,2022,3,29,831,8,31,2,9,27481,7575,15.800000000000011,0,Medium
598355,19.2734,77.0072,304.4,1.0,1.0,2024-01-11,1631,0,MODIS,60,61.03,291.3,6.7,0,0,2024,1,11,1631,16,31,1,9,27481,3684,13.099999999999966,0,Low
619473,21.9499,69.8983,328.5,2.2,1.5,2024-03-24,552,0,MODIS,71,61.03,312.8,32.3,1,0,2024,3,24,552,5,52,2,10,21095,5604,15.699999999999989,0,High
227741,20.9717,86.0082,325.9,1.0,1.0,2019-05-28,501,0,MODIS,52,6.03,307.3,9.5,1,0,2019,5,28,501,5,1,2,1,73921,4396,18.59999999999997,0,Low
183924,27.9236,81.1481,315.0,1.1,1.0,2019-02-25,746,1,MODIS,70,6.03,295.7,9.4,1,0,2019,2,25,746,7,46,1,7,41741,3088,19.30000000000001,0,Low
200616,25.1133,86.2957,325.8,1.0,1.0,2019-03-31,733,1,MODIS,61,6.03,309.3,7.5,1,0,2019,3,31,733,7,33,2,12,49232,10270,16.5,0,Low
299491,31.2861,74.7,314.2,1.3,1.1,2020-10-26,830,1,MODIS,58,6.03,301.2,8.1,1,0,2020,10,26,830,8,30,4,0,167610,39610,13.0,0,Low
110261,25.717,93.3171,309.9,1.3,1.1,2018-03-14,721,1,MODIS,55,6.03,296.0,6.3,1,0,2018,3,14,721,7,21,2,11,41370,18499,13.899999999999975,0,Low
643616,26.7153,93.5275,313.2,1.8,1.3,2024-05-14,413,0,MODIS,47,61.03,295.7,15.7,1,2,2024,5,14,413,4,13,2,11,41370,1053,17.5,0,Medium
611360,26.0998,95.0142,330.1,1.2,1.1,2024-03-09,739,1,MODIS,66,61.03,303.2,30.6,1,0,2024,3,9,739,7,39,2,11,41370,18499,26.900000000000038,0,High
585499,30.0521,74.7095,311.2,2.1,1.4,2023-11-12,811,1,MODIS,49,61.03,299.5,13.3,1,0,2023,11,12,811,8,11,4,0,167610,73042,11.699999999999989,0,Medium
483622,28.8053,79.8072,325.5,1.2,1.1,2022-04-29,748,1,MODIS,60,6.03,308.6,7.5,1,0,2022,4,29,748,7,48,2,7,41741,15320,16.899999999999977,0,Low
257861,23.2265,93.0329,318.7,1.0,1.0,2020-03-12,714,1,MODIS,63,6.03,301.6,9.9,1,0,2020,3,12,714,7,14,2,2,57778,42248,17.099999999999966,0,Low
252366,13.504,77.6694,317.2,1.0,1.0,2020-02-04,528,0,MODIS,42,6.03,304.2,6.5,1,0,2020,2,4,528,5,28,1,14,36148,10539,13.0,0,Low
665684,21.2536,82.2086,322.0,1.5,1.2,2024-12-10,900,1,MODIS,73,61.03,298.7,26.9,1,0,2024,12,10,900,9,0,1,1,73921,11178,23.30000000000001,0,Medium
66499,30.3808,76.3886,318.2,1.0,1.0,2017-10-29,811,1,MODIS,64,6.2,300.6,8.6,1,0,2017,10,29,811,8,11,4,0,167610,39610,17.599999999999966,0,Low
757176,18.5049,74.6245,309.1,1.0,1.0,2025-12-01,416,0,MODIS,60,61.03,295.4,6.1,1,0,2025,12,1,416,4,16,1,3,38436,5945,13.700000000000044,0,Low
759885,16.2185,75.5484,302.5,1.2,1.1,2025-12-10,1605,0,MODIS,33,61.03,289.2,6.9,0,0,2025,12,10,1605,16,5,1,3,38436,5945,13.300000000000011,0,Low
516570,21.9067,83.0662,313.5,1.5,1.2,2022-12-24,739,1,MODIS,59,6.03,302.9,8.7,1,0,2022,12,24,739,7,39,1,1,73921,11178,10.600000000000025,0,Low
365908,23.126,85.846,327.3,1.3,1.1,2021-03-25,751,1,MODIS,68,6.03,309.0,9.8,1,0,2021,3,25,751,7,51,2,12,49232,10270,18.30000000000001,0,Low
97566,21.3975,83.3487,324.8,1.4,1.2,2018-03-02,525,0,MODIS,71,6.03,309.9,14.4,1,0,2018,3,2,525,5,25,2,1,73921,19544,14.900000000000034,0,Medium
512150,22.8815,87.3415,314.2,1.0,1.0,2022-12-01,742,1,MODIS,59,6.03,302.7,5.7,1,0,2022,12,1,742,7,42,1,12,49232,8420,11.5,0,Low
506575,30.9816,75.0158,315.8,1.0,1.0,2022-11-11,816,1,MODIS,61,6.03,301.2,7.1,1,0,2022,11,11,816,8,16,4,0,167610,73042,14.600000000000025,0,Low
9552,18.2313,79.8498,322.0,1.0,1.0,2017-02-20,520,0,MODIS,55,6.2,310.4,6.4,1,0,2017,2,20,520,5,20,1,13,47964,5221,11.600000000000025,0,Low
155099,18.7494,77.8551,319.0,1.4,1.2,2018-10-30,515,0,MODIS,63,6.03,306.3,9.7,1,0,2018,10,30,515,5,15,4,9,27481,462,12.699999999999989,0,Low
629106,24.3465,92.5982,345.9,1.7,1.3,2024-04-12,801,1,MODIS,88,61.03,289.1,101.4,1,0,2024,4,12,801,8,1,2,2,57778,10542,56.79999999999996,1,Extreme
451619,13.2999,75.379,306.6,1.0,1.0,2022-03-13,2045,1,MODIS,69,6.03,291.5,7.3,0,0,2022,3,13,2045,20,45,2,14,36148,12659,15.100000000000025,0,Low
649035,29.5448,79.2522,338.1,2.6,1.5,2024-06-11,801,1,MODIS,87,61.03,307.1,118.9,1,0,2024,6,11,801,8,1,3,7,41741,971,31.0,1,Extreme
592024,18.2287,75.1786,310.6,2.1,1.4,2023-12-08,533,0,MODIS,54,61.03,293.4,15.8,1,0,2023,12,8,533,5,33,1,3,38436,5945,17.200000000000045,0,Medium
464519,22.7388,78.7107,333.1,1.1,1.1,2022-03-27,529,0,MODIS,75,6.03,316.3,17.4,1,0,2022,3,27,529,5,29,2,4,76528,13167,16.80000000000001,0,Medium
471244,13.3202,77.4065,323.0,1.1,1.0,2022-04-07,513,0,MODIS,50,6.03,306.4,7.0,1,0,2022,4,7,513,5,13,2,14,36148,3614,16.600000000000023,0,Low
704467,25.7068,92.6459,310.9,2.2,1.4,2025-03-19,834,1,MODIS,39,61.03,296.7,13.3,1,0,2025,3,19,834,8,34,2,8,33148,19990,14.199999999999989,0,Medium
654553,30.2322,75.1824,312.8,1.0,1.0,2024-11-03,904,1,MODIS,50,61.03,301.8,5.2,1,0,2024,11,3,904,9,4,4,0,167610,73042,11.0,0,Low
475841,24.0722,78.1926,333.9,1.4,1.2,2022-04-20,754,1,MODIS,53,6.03,319.5,9.5,1,0,2022,4,20,754,7,54,2,4,76528,39620,14.399999999999975,0,Low
188419,23.9279,93.1261,309.7,1.5,1.2,2019-03-14,650,1,MODIS,33,6.03,295.6,8.3,1,0,2019,3,14,650,6,50,2,2,57778,42248,14.099999999999966,0,Low
423054,30.7045,74.361,346.9,1.1,1.0,2021-11-09,812,1,MODIS,93,6.03,304.2,51.4,1,0,2021,11,9,812,8,12,4,0,167610,73042,42.69999999999999,1,High
531452,22.9219,77.7136,328.9,1.2,1.1,2023-02-21,830,1,MODIS,78,61.03,309.8,18.1,1,0,2023,2,21,830,8,30,1,4,76528,2331,19.09999999999997,0,Medium
13405,21.8764,84.6657,319.3,1.1,1.1,2017-03-01,513,0,MODIS,55,6.2,304.4,11.2,1,0,2017,3,1,513,5,13,2,1,73921,19544,14.900000000000034,0,Medium
474047,27.1366,82.8911,336.6,1.9,1.3,2022-04-17,724,1,MODIS,83,6.03,313.2,49.8,1,0,2022,4,17,724,7,24,2,7,41741,15320,23.400000000000038,1,High
345601,23.5607,92.7014,327.0,1.2,1.1,2021-03-06,720,1,MODIS,67,6.03,297.2,22.2,1,0,2021,3,6,720,7,20,2,2,57778,42248,29.80000000000001,0,Medium
510442,24.7319,84.0101,310.3,1.0,1.0,2022-11-22,752,1,MODIS,44,6.03,299.7,4.9,1,2,2022,11,22,752,7,52,4,12,49232,3375,10.600000000000025,0,Low
600802,23.7549,86.3988,320.5,1.3,1.1,2024-01-27,815,1,MODIS,48,61.03,303.3,15.7,1,2,2024,1,27,815,8,15,1,12,49232,3185,17.19999999999999,0,Medium
39169,25.352,90.2902,331.0,1.0,1.0,2017-04-12,721,1,MODIS,82,6.2,304.0,19.8,1,0,2017,4,12,721,7,21,2,8,33148,7372,27.0,0,Medium
417208,30.8708,74.799,324.8,1.7,1.3,2021-11-04,754,1,MODIS,79,6.03,302.1,31.8,1,0,2021,11,4,754,7,54,4,0,167610,73042,22.69999999999999,0,High
161751,29.6729,75.5538,320.0,1.0,1.0,2018-11-08,817,1,MODIS,70,6.03,299.3,11.7,1,2,2018,11,8,817,8,17,4,0,167610,73042,20.69999999999999,0,Medium
69713,29.9857,75.9066,313.6,1.4,1.2,2017-11-03,830,1,MODIS,44,6.2,297.1,9.0,1,0,2017,11,3,830,8,30,4,0,167610,73042,16.5,0,Low
732372,23.8451,81.6085,337.1,1.1,1.1,2025-04-24,905,1,MODIS,76,61.03,320.1,20.5,1,0,2025,4,24,905,9,5,2,5,47348,16741,17.0,0,Medium
692526,25.4721,91.1078,314.3,1.4,1.2,2025-03-08,755,1,MODIS,26,61.03,292.5,14.7,1,0,2025,3,8,755,7,55,2,8,33148,19990,21.80000000000001,0,Medium
532689,21.12,78.2402,327.2,1.3,1.2,2023-02-24,454,0,MODIS,74,61.03,311.8,19.8,1,0,2023,2,24,454,4,54,1,9,27481,5254,15.399999999999975,0,Medium
527865,22.0891,84.3363,328.7,1.1,1.1,2023-02-13,745,1,MODIS,80,61.03,308.2,19.7,1,0,2023,2,13,745,7,45,1,1,73921,9366,20.5,0,Medium
299033,25.8722,78.6783,323.8,1.9,1.3,2020-10-26,828,1,MODIS,71,6.03,303.2,28.3,1,0,2020,10,26,828,8,28,4,4,76528,1622,20.600000000000023,0,Medium
672949,22.0656,82.661,313.7,1.3,1.1,2025-01-13,830,1,MODIS,67,61.03,298.6,9.8,1,0,2025,1,13,830,8,30,1,1,73921,10736,15.099999999999966,0,Low
499750,29.666,75.3251,341.6,1.0,1.0,2022-11-02,825,1,MODIS,90,6.03,301.0,41.1,1,0,2022,11,2,825,8,25,4,0,167610,73042,40.60000000000002,1,High
81594,25.4569,91.3978,305.7,1.0,1.0,2017-12-26,708,1,MODIS,59,6.2,295.0,5.3,1,0,2017,12,26,708,7,8,1,8,33148,557,10.699999999999989,0,Low
130988,18.9306,83.4082,324.1,1.6,1.2,2018-04-13,732,1,MODIS,69,6.03,302.3,23.2,1,0,2018,4,13,732,7,32,2,1,73921,9197,21.80000000000001,0,Medium
352945,15.195,78.7244,321.6,1.8,1.3,2021-03-14,502,0,MODIS,51,6.03,308.6,17.1,1,0,2021,3,14,502,5,2,2,14,36148,12659,13.0,0,Medium
520849,21.9841,72.8865,316.1,1.1,1.0,2023-01-15,831,1,MODIS,48,61.03,302.1,7.9,1,0,2023,1,15,831,8,31,1,10,21095,2544,14.0,0,Low
164369,30.3316,75.4906,315.2,1.1,1.0,2018-11-10,805,1,MODIS,66,6.03,297.9,8.6,1,2,2018,11,10,805,8,5,4,0,167610,73042,17.30000000000001,0,Low
260197,9.1635,76.9541,338.4,1.4,1.2,2020-03-14,837,1,MODIS,84,6.03,308.6,39.7,1,0,2020,3,14,837,8,37,2,6,13460,3928,29.799999999999955,1,High
138518,22.082,80.2607,312.3,1.0,1.0,2018-04-30,2025,1,MODIS,85,6.03,297.4,7.8,0,0,2018,4,30,2025,20,25,2,5,47348,16741,14.900000000000034,0,Low
360125,19.3286,83.2278,328.1,1.0,1.0,2021-03-21,506,0,MODIS,75,6.03,307.8,12.8,1,0,2021,3,21,506,5,6,2,1,73921,19544,20.30000000000001,0,Medium
414635,29.9259,75.3247,319.9,1.1,1.1,2021-11-02,805,1,MODIS,69,6.03,300.5,12.8,1,0,2021,11,2,805,8,5,4,0,167610,73042,19.399999999999977,0,Medium
717498,25.0676,93.9908,320.9,1.1,1.1,2025-03-31,812,1,MODIS,70,61.03,301.8,11.2,1,0,2025,3,31,812,8,12,2,11,41370,18499,19.09999999999997,0,Medium
198975,21.244,84.5123,326.2,1.0,1.0,2019-03-29,745,1,MODIS,62,6.03,312.9,7.7,1,0,2019,3,29,745,7,45,2,1,73921,19544,13.300000000000011,0,Low
342214,21.3003,76.5312,341.3,1.2,1.1,2021-03-03,827,1,MODIS,85,6.03,320.8,31.9,1,0,2021,3,3,827,8,27,2,9,27481,7575,20.5,1,High
717596,25.3951,93.3337,362.2,1.1,1.0,2025-03-31,812,1,MODIS,100,61.03,306.8,90.4,1,0,2025,3,31,812,8,12,2,11,41370,18499,55.39999999999998,1,Extreme
369989,23.0818,85.0451,328.4,1.0,1.0,2021-03-27,739,1,MODIS,64,6.03,313.3,7.8,1,0,2021,3,27,739,7,39,2,12,49232,10270,15.099999999999966,0,Low
306392,31.0376,74.9761,313.1,2.6,1.6,2020-11-03,741,1,MODIS,66,6.03,299.9,20.1,1,0,2020,11,3,741,7,41,4,0,167610,73042,13.200000000000044,0,Medium
607341,22.4431,92.9105,313.2,1.0,1.0,2024-02-26,735,1,MODIS,61,61.03,298.3,7.1,1,0,2024,2,26,735,7,35,1,2,57778,3915,14.899999999999975,0,Low
768285,21.623,83.3525,317.0,1.8,1.3,2026-01-13,858,1,MODIS,73,61.03,298.1,27.1,1,0,2026,1,13,858,8,58,1,1,73921,10736,18.899999999999977,0,Medium
687896,29.0148,79.0147,308.8,1.0,1.0,2025-03-02,856,1,MODIS,57,61.03,297.3,4.7,1,0,2025,3,2,856,8,56,2,7,41741,3895,11.5,0,Low
758122,24.6771,80.6788,307.7,1.2,1.1,2025-12-04,936,1,MODIS,61,61.03,297.5,6.6,1,0,2025,12,4,936,9,36,1,5,47348,2981,10.199999999999989,0,Low
609542,24.9866,93.6819,317.3,1.6,1.2,2024-03-06,714,1,MODIS,73,61.03,294.0,25.6,1,0,2024,3,6,714,7,14,2,2,57778,42248,23.30000000000001,0,Medium
328330,19.1507,77.5077,310.3,2.5,1.5,2021-01-25,501,0,MODIS,50,6.03,296.5,16.1,1,0,2021,1,25,501,5,1,1,9,27481,3684,13.800000000000011,0,Medium
279651,22.2849,93.1198,327.0,1.1,1.0,2020-04-15,702,1,MODIS,73,6.03,306.3,18.2,1,0,2020,4,15,702,7,2,2,2,57778,10542,20.69999999999999,0,Medium
320920,20.8671,81.9721,338.0,1.0,1.0,2020-12-10,756,1,MODIS,88,6.03,304.7,29.9,1,0,2020,12,10,756,7,56,1,1,73921,11178,33.30000000000001,1,Medium
620379,18.3135,80.7874,327.6,1.0,1.0,2024-03-27,830,1,MODIS,58,61.03,311.5,8.7,1,0,2024,3,27,830,8,30,2,13,47964,18871,16.100000000000023,0,Low
625890,24.0627,91.8826,325.3,2.6,1.5,2024-04-06,711,1,MODIS,77,61.03,295.7,59.9,1,0,2024,4,6,711,7,11,2,2,57778,10542,29.600000000000023,0,High
356277,26.9334,83.4226,316.9,1.3,1.1,2021-03-16,758,1,MODIS,60,6.03,302.8,9.1,1,0,2021,3,16,758,7,58,2,7,41741,3895,14.099999999999966,0,Low
567107,16.3515,79.4763,322.9,1.0,1.0,2023-04-25,500,0,MODIS,33,61.03,300.9,5.5,1,0,2023,4,25,500,5,0,2,14,36148,3614,22.0,0,Low
681854,17.7557,80.2719,320.0,1.1,1.0,2025-02-15,852,1,MODIS,32,61.03,305.0,7.4,1,0,2025,2,15,852,8,52,1,13,47964,5221,15.0,0,Low
766872,18.7945,73.2613,319.4,1.2,1.1,2026-01-08,434,0,MODIS,67,61.03,300.7,16.5,1,0,2026,1,8,434,4,34,1,3,38436,8477,18.69999999999999,0,Medium
502989,30.6047,75.3446,317.7,1.6,1.2,2022-11-06,759,1,MODIS,23,6.03,285.2,21.2,1,0,2022,11,6,759,7,59,4,0,167610,73042,32.5,0,Medium
723472,22.2766,81.1309,305.6,1.2,1.1,2025-04-07,2136,1,MODIS,65,61.03,293.9,7.5,0,0,2025,4,7,2136,21,36,2,5,47348,16741,11.700000000000044,0,Low
346977,19.2196,79.1569,333.3,1.0,1.0,2021-03-07,802,1,MODIS,76,6.03,314.9,17.6,1,0,2021,3,7,802,8,2,2,9,27481,7575,18.400000000000038,0,Medium
735951,23.5481,76.7233,328.9,1.7,1.3,2025-04-29,453,0,MODIS,65,61.03,314.4,18.0,1,0,2025,4,29,453,4,53,2,4,76528,39620,14.5,0,Medium
164314,30.488,74.8366,325.2,1.2,1.1,2018-11-10,805,1,MODIS,47,6.03,298.4,18.6,1,0,2018,11,10,805,8,5,4,0,167610,73042,26.80000000000001,0,Medium
615918,24.147,93.1584,438.4,4.6,2.0,2024-03-15,651,1,MODIS,100,61.03,307.2,5073.8,1,0,2024,3,15,651,6,51,2,2,57778,42248,131.2,1,
433899,18.1108,74.3605,313.8,1.0,1.0,2021-12-12,539,0,MODIS,64,6.03,297.9,7.5,1,0,2021,12,12,539,5,39,1,3,38436,5945,15.900000000000034,0,Low
156524,30.2386,76.4095,321.9,1.0,1.0,2018-11-01,811,1,MODIS,58,6.03,302.9,9.8,1,0,2018,11,1,811,8,11,4,0,167610,73042,19.0,0,Low
545672,23.0356,92.8315,316.3,2.7,1.6,2023-03-13,752,1,MODIS,58,61.03,302.9,35.1,1,0,2023,3,13,752,7,52,2,2,57778,42248,13.400000000000034,0,High
441024,19.6113,73.9212,323.3,1.2,1.1,2022-02-12,549,0,MODIS,74,6.03,304.6,17.0,1,0,2022,2,12,549,5,49,1,3,38436,8837,18.69999999999999,0,Medium
219119,30.5403,75.304,338.5,1.6,1.2,2019-05-07,753,1,MODIS,81,6.03,321.0,32.3,1,0,2019,5,7,753,7,53,2,0,167610,31628,17.5,1,High
218377,25.048,83.5981,312.1,1.1,1.0,2019-05-06,1634,0,MODIS,82,6.03,297.7,9.5,0,2,2019,5,6,1634,16,34,2,12,49232,3184,14.400000000000034,0,Low
289880,30.6849,74.3497,329.7,2.5,1.5,2020-05-16,624,0,MODIS,71,6.03,310.4,29.3,1,0,2020,5,16,624,6,24,2,0,167610,31628,19.30000000000001,0,Medium
415829,30.4644,75.4594,310.0,1.2,1.1,2021-11-03,530,0,MODIS,54,6.03,298.4,5.4,1,0,2021,11,3,530,5,30,4,0,167610,73042,11.600000000000025,0,Low
531250,13.1669,75.4213,320.0,1.1,1.0,2023-02-21,827,1,MODIS,54,61.03,300.5,12.8,1,0,2023,2,21,827,8,27,1,14,36148,10539,19.5,0,Medium
166927,25.711,78.9057,315.2,1.1,1.0,2018-11-17,810,1,MODIS,55,6.03,301.7,7.7,1,0,2018,11,17,810,8,10,4,4,76528,9210,13.5,0,Low
371192,21.8124,77.2597,346.7,1.1,1.1,2021-03-28,821,1,MODIS,88,6.03,320.8,35.0,1,0,2021,3,28,821,8,21,2,4,76528,13167,25.899999999999977,1,High
466724,19.0927,76.6287,307.1,1.0,1.0,2022-03-28,1706,0,MODIS,69,6.03,294.0,6.2,0,0,2022,3,28,1706,17,6,2,9,27481,7575,13.100000000000025,0,Low
547955,21.3535,82.3162,320.2,1.0,1.0,2023-03-15,448,0,MODIS,45,61.03,304.7,6.5,1,0,2023,3,15,448,4,48,2,1,73921,19544,15.5,0,Low
631292,21.7002,81.3915,335.5,1.5,1.2,2024-04-17,809,1,MODIS,80,61.03,312.0,29.4,1,0,2024,4,17,809,8,9,2,5,47348,16741,23.5,0,Medium
568044,26.563,88.9405,312.7,1.0,1.0,2023-05-05,730,1,MODIS,30,61.03,296.7,4.2,1,0,2023,5,5,730,7,30,2,8,33148,335,16.0,0,Low
210808,22.3105,79.797,333.1,4.5,1.9,2019-04-23,608,0,MODIS,57,6.03,304.8,137.9,1,0,2019,4,23,608,6,8,2,5,47348,16741,28.30000000000001,0,Extreme
725139,24.777,77.5726,326.2,1.0,1.0,2025-04-11,429,0,MODIS,63,61.03,311.5,9.1,1,0,2025,4,11,429,4,29,2,4,76528,39620,14.699999999999989,0,Low
695835,24.0647,92.3655,326.0,1.1,1.0,2025-03-11,814,1,MODIS,80,61.03,299.5,19.1,1,0,2025,3,11,814,8,14,2,2,57778,42248,26.5,0,Medium
417264,30.9879,75.1752,331.5,1.6,1.2,2021-11-04,754,1,MODIS,85,6.03,301.5,48.5,1,0,2021,11,4,754,7,54,4,0,167610,73042,30.0,1,High
408427,22.2151,86.7463,314.7,1.1,1.1,2021-10-12,744,1,MODIS,0,6.03,296.7,8.1,1,0,2021,10,12,744,7,44,4,12,49232,1643,18.0,0,Low
103176,25.4797,90.4049,445.9,1.0,1.0,2018-03-07,715,1,MODIS,100,6.03,323.5,669.8,1,0,2018,3,7,715,7,15,2,8,33148,19990,122.39999999999998,1,Extreme
727283,23.2102,77.6154,330.9,1.9,1.4,2025-04-16,848,1,MODIS,19,61.03,313.3,31.2,1,0,2025,4,16,848,8,48,2,4,76528,39620,17.599999999999966,0,High
636352,29.8447,79.5995,321.8,1.0,1.0,2024-04-27,829,1,MODIS,66,61.03,302.0,10.9,1,0,2024,4,27,829,8,29,2,7,41741,15320,19.80000000000001,0,Medium
645145,31.5099,75.7183,332.9,1.1,1.1,2024-05-18,516,0,MODIS,48,61.03,315.8,12.8,1,0,2024,5,18,516,5,16,2,0,167610,31628,17.099999999999966,0,Medium
711777,24.0411,82.3814,328.7,1.0,1.0,2025-03-27,852,1,MODIS,69,61.03,313.2,10.9,1,0,2025,3,27,852,8,52,2,5,47348,12422,15.5,0,Medium
709412,24.1284,93.7426,316.2,1.1,1.1,2025-03-26,813,1,MODIS,48,61.03,304.7,6.0,1,0,2025,3,26,813,8,13,2,2,57778,42248,11.5,0,Low
230929,30.8138,75.1646,315.1,2.0,1.4,2019-08-04,747,1,MODIS,38,6.03,295.5,17.0,1,2,2019,8,4,747,7,47,3,0,167610,497,19.600000000000023,0,Medium
334960,25.2454,92.4042,305.9,1.8,1.3,2021-02-16,733,1,MODIS,32,6.03,295.4,8.3,1,0,2021,2,16,733,7,33,1,8,33148,2829,10.5,0,Low
388646,23.1292,82.4656,326.6,1.0,1.0,2021-04-07,1644,0,MODIS,100,6.03,300.1,22.2,0,0,2021,4,7,1644,16,44,2,5,47348,16741,26.5,1,Medium
527464,16.663,73.7211,331.0,1.0,1.0,2023-02-12,840,1,MODIS,73,61.03,313.2,14.8,1,0,2023,2,12,840,8,40,1,3,38436,8837,17.80000000000001,0,Medium
400397,24.6279,80.0949,351.5,1.6,1.3,2021-04-28,739,1,MODIS,93,6.03,325.8,80.3,1,0,2021,4,28,739,7,39,2,5,47348,16741,25.69999999999999,1,Extreme
529178,23.3822,87.2141,315.4,1.1,1.1,2023-02-15,732,1,MODIS,60,61.03,302.9,6.9,1,0,2023,2,15,732,7,32,1,12,49232,3888,12.5,0,Low
59630,28.3874,80.2998,324.3,1.0,1.0,2017-10-08,752,1,MODIS,76,6.2,303.7,15.5,1,0,2017,10,8,752,7,52,4,7,41741,2163,20.600000000000023,0,Medium
515851,12.981,74.8437,317.8,1.2,1.1,2022-12-21,845,1,MODIS,67,6.03,304.4,7.7,1,2,2022,12,21,845,8,45,1,6,13460,374,13.400000000000034,0,Low
60658,30.4146,77.1664,316.6,1.1,1.0,2017-10-15,759,1,MODIS,66,6.2,305.6,6.2,1,0,2017,10,15,759,7,59,4,0,167610,39610,11.0,0,Low
344488,21.4377,77.7459,336.9,1.0,1.0,2021-03-05,815,1,MODIS,80,6.03,316.8,19.6,1,0,2021,3,5,815,8,15,2,9,27481,7575,20.09999999999997,0,Medium
415883,30.6773,75.1359,313.0,1.2,1.1,2021-11-03,530,0,MODIS,64,6.03,298.9,8.1,1,0,2021,11,3,530,5,30,4,0,167610,73042,14.100000000000025,0,Low
91518,17.106,76.3027,336.2,1.0,1.0,2018-02-16,821,1,MODIS,78,6.03,309.6,20.5,1,0,2018,2,16,821,8,21,1,3,38436,8837,26.59999999999997,0,Medium
152229,30.7441,74.9169,314.4,1.0,1.0,2018-10-23,818,1,MODIS,58,6.03,301.2,6.6,1,0,2018,10,23,818,8,18,4,0,167610,39610,13.199999999999989,0,Low
488897,30.6331,75.127,341.9,1.1,1.0,2022-05-09,824,1,MODIS,84,6.03,313.2,26.7,1,0,2022,5,9,824,8,24,2,0,167610,31628,28.69999999999999,1,Medium
529355,13.3816,77.4369,324.5,1.4,1.2,2023-02-16,812,1,MODIS,60,61.03,309.7,15.8,1,0,2023,2,16,812,8,12,1,14,36148,10539,14.800000000000011,0,Medium
7088,17.9909,80.267,323.7,1.5,1.2,2017-02-13,820,1,MODIS,70,6.2,304.4,19.1,1,0,2017,2,13,820,8,20,1,13,47964,5221,19.30000000000001,0,Medium
450974,14.1202,78.0122,326.7,1.0,1.0,2022-03-13,519,0,MODIS,66,6.03,309.5,9.0,1,0,2022,3,13,519,5,19,2,14,36148,12659,17.19999999999999,0,Low
366844,12.8226,78.5937,326.4,1.0,1.0,2021-03-26,527,0,MODIS,68,6.03,307.9,14.0,1,0,2021,3,26,527,5,27,2,6,13460,3928,18.5,0,Medium
508828,30.4725,75.2178,319.0,1.2,1.1,2022-11-16,833,1,MODIS,71,6.03,297.4,13.0,1,0,2022,11,16,833,8,33,4,0,167610,73042,21.600000000000023,0,Medium
41442,23.6364,75.8921,337.7,1.0,1.0,2017-04-14,537,0,MODIS,76,6.2,323.0,13.1,1,0,2017,4,14,537,5,37,2,4,76528,39620,14.699999999999989,0,Medium
25446,19.1171,83.2507,329.3,4.5,2.0,2017-03-29,708,1,MODIS,82,6.2,301.0,159.9,1,0,2017,3,29,708,7,8,2,1,73921,19544,28.30000000000001,1,Extreme
727055,24.9677,77.6655,327.1,1.0,1.0,2025-04-16,431,0,MODIS,61,61.03,311.1,8.4,1,0,2025,4,16,431,4,31,2,4,76528,39620,16.0,0,Low
750034,30.5501,75.0729,316.2,1.5,1.2,2025-11-09,959,1,MODIS,72,61.03,299.7,17.7,1,0,2025,11,9,959,9,59,4,0,167610,73042,16.5,0,Medium
89076,9.6019,76.9257,304.9,1.4,1.2,2018-02-02,1731,0,MODIS,51,6.03,290.7,9.2,0,0,2018,2,2,1731,17,31,1,6,13460,3893,14.199999999999989,0,Low
144134,30.3039,78.6463,302.1,1.1,1.0,2018-05-17,1649,0,MODIS,47,6.03,291.9,4.8,0,0,2018,5,17,1649,16,49,2,0,167610,31628,10.200000000000044,0,Low
511537,25.8832,81.3661,310.9,1.1,1.0,2022-11-27,809,1,MODIS,47,6.03,300.2,4.9,1,0,2022,11,27,809,8,9,4,7,41741,5012,10.699999999999989,0,Low
224644,22.235,81.441,336.9,1.0,1.0,2019-05-17,519,0,MODIS,74,6.03,320.0,10.6,1,0,2019,5,17,519,5,19,2,5,47348,4086,16.899999999999977,0,Medium
422675,30.7124,75.5667,322.1,1.0,1.0,2021-11-09,812,1,MODIS,38,6.03,304.9,10.1,1,0,2021,11,9,812,8,12,4,0,167610,73042,17.200000000000045,0,Medium
58445,22.2087,84.8616,306.2,1.0,1.0,2017-08-19,2012,1,MODIS,44,6.2,292.4,4.5,0,0,2017,8,19,2012,20,12,3,1,73921,664,13.800000000000011,0,Low
399529,22.2925,79.7874,341.6,1.0,1.0,2021-04-27,524,0,MODIS,83,6.03,323.7,16.9,1,0,2021,4,27,524,5,24,2,5,47348,16741,17.900000000000034,0,Medium
156983,30.0642,75.9658,320.4,1.0,1.0,2018-11-01,811,1,MODIS,73,6.03,299.5,9.5,1,0,2018,11,1,811,8,11,4,0,167610,73042,20.899999999999977,0,Low
347600,21.2906,82.2779,328.7,1.1,1.1,2021-03-07,803,1,MODIS,66,6.03,314.9,15.1,1,0,2021,3,7,803,8,3,2,1,73921,19544,13.800000000000011,0,Medium
521149,22.1368,82.3933,311.9,1.5,1.2,2023-01-17,817,1,MODIS,60,61.03,297.9,8.5,1,0,2023,1,17,817,8,17,1,1,73921,10736,14.0,0,Low
10828,17.71,80.1943,328.6,1.0,1.0,2017-02-24,802,1,MODIS,66,6.2,310.8,10.3,1,0,2017,2,24,802,8,2,1,13,47964,5221,17.80000000000001,0,Medium
54493,30.9982,75.2026,331.3,2.0,1.4,2017-05-10,747,1,MODIS,77,6.2,302.2,34.4,1,0,2017,5,10,747,7,47,2,0,167610,31628,29.100000000000023,0,High
678379,12.4546,77.2726,323.9,1.5,1.2,2025-02-06,929,1,MODIS,60,61.03,310.8,15.2,1,0,2025,2,6,929,9,29,1,6,13460,3893,13.099999999999966,0,Medium
767421,13.5684,76.6609,304.4,1.3,1.1,2026-01-09,1603,0,MODIS,60,61.03,289.9,8.9,0,0,2026,1,9,1603,16,3,1,14,36148,3490,14.5,0,Low
455044,16.2099,78.7215,331.4,3.0,1.6,2022-03-16,549,0,MODIS,76,6.03,304.1,98.0,1,0,2022,3,16,549,5,49,2,14,36148,12659,27.299999999999955,0,Extreme
599589,19.107,76.4144,304.0,1.5,1.2,2024-01-18,1621,0,MODIS,58,61.03,289.8,12.0,0,0,2024,1,18,1621,16,21,1,9,27481,3684,14.199999999999989,0,Medium
616514,18.0787,73.8347,328.5,1.5,1.2,2024-03-16,524,0,MODIS,74,61.03,308.4,23.3,1,0,2024,3,16,524,5,24,2,3,38436,7918,20.100000000000023,0,Medium
737422,24.0062,76.1033,306.9,1.0,1.0,2025-05-02,1608,0,MODIS,38,61.03,296.6,4.4,0,0,2025,5,2,1608,16,8,2,4,76528,7507,10.299999999999956,0,Low
188153,18.6863,80.4504,323.0,1.0,1.0,2019-03-14,520,0,MODIS,46,6.03,306.9,5.6,1,0,2019,3,14,520,5,20,2,13,47964,18871,16.100000000000023,0,Low
116368,19.4308,78.9201,328.2,1.6,1.2,2018-03-23,545,0,MODIS,55,6.03,314.3,12.4,1,0,2018,3,23,545,5,45,2,9,27481,7575,13.899999999999975,0,Medium
697488,24.2289,92.432,308.6,1.2,1.1,2025-03-13,322,0,MODIS,55,61.03,296.8,5.9,1,0,2025,3,13,322,3,22,2,2,57778,42248,11.800000000000011,0,Low
49358,23.0838,74.487,341.2,1.1,1.0,2017-04-27,816,1,MODIS,82,6.2,326.7,16.3,1,0,2017,4,27,816,8,16,2,10,21095,4258,14.5,0,Medium
289955,29.4903,76.1227,337.7,1.2,1.1,2020-05-16,759,1,MODIS,76,6.03,317.6,22.1,1,0,2020,5,16,759,7,59,2,0,167610,31628,20.09999999999997,0,Medium
299967,30.0779,75.0006,315.8,3.5,1.8,2020-10-27,735,1,MODIS,62,6.03,300.8,46.0,1,0,2020,10,27,735,7,35,4,0,167610,39610,15.0,0,High
491223,20.7872,81.8811,338.5,1.1,1.0,2022-05-27,457,0,MODIS,82,6.03,309.3,23.6,1,0,2022,5,27,457,4,57,2,1,73921,4396,29.19999999999999,1,Medium
721715,21.9548,81.7613,331.1,1.0,1.0,2025-04-06,850,1,MODIS,71,61.03,317.8,10.3,1,0,2025,4,6,850,8,50,2,5,47348,16741,13.300000000000011,0,Medium
521294,21.0971,72.6473,315.1,1.6,1.3,2023-01-18,900,1,MODIS,0,61.03,303.7,9.4,1,2,2023,1,18,900,9,0,1,10,21095,2544,11.400000000000034,0,Low
727722,27.6133,77.4686,329.6,1.5,1.2,2025-04-17,928,1,MODIS,59,61.03,312.1,14.0,1,0,2025,4,17,928,9,28,2,7,41741,15320,17.5,0,Medium
2704,23.6626,86.9206,314.8,1.0,1.0,2017-01-20,732,1,MODIS,61,6.2,303.8,6.0,1,0,2017,1,20,732,7,32,1,12,49232,3185,11.0,0,Low
472423,22.6305,77.8249,332.9,1.0,1.0,2022-04-12,528,0,MODIS,72,6.03,311.8,15.4,1,0,2022,4,12,528,5,28,2,4,76528,39620,21.09999999999997,0,Medium
641810,29.7314,75.6795,340.3,1.0,1.0,2024-05-07,845,1,MODIS,80,61.03,319.6,17.2,1,0,2024,5,7,845,8,45,2,0,167610,31628,20.69999999999999,0,Medium
85842,31.6449,77.8526,306.1,1.0,1.0,2018-01-19,800,1,MODIS,50,6.03,285.9,8.2,1,0,2018,1,19,800,8,0,1,0,167610,2724,20.200000000000045,0,Low
10290,14.4573,79.0403,329.3,1.0,1.0,2017-02-22,813,1,MODIS,60,6.2,314.0,9.5,1,0,2017,2,22,813,8,13,1,14,36148,10539,15.300000000000011,0,Low
114716,26.0647,94.0622,310.7,1.9,1.3,2018-03-21,728,1,MODIS,46,6.03,297.9,12.7,1,0,2018,3,21,728,7,28,2,11,41370,18499,12.800000000000011,0,Medium
190824,18.1382,73.7729,342.8,1.4,1.2,2019-03-16,815,1,MODIS,85,6.03,315.8,40.6,1,0,2019,3,16,815,8,15,2,3,38436,7918,27.0,1,High
257145,23.8305,92.5277,309.2,2.1,1.4,2020-03-09,644,1,MODIS,30,6.03,290.1,16.7,1,0,2020,3,9,644,6,44,2,2,57778,42248,19.09999999999997,0,Medium
261880,25.1619,93.7601,313.4,2.2,1.5,2020-03-17,733,1,MODIS,54,6.03,297.2,27.5,1,0,2020,3,17,733,7,33,2,11,41370,18499,16.19999999999999,0,Medium
649266,33.0549,74.2573,349.9,1.2,1.1,2024-06-12,1642,0,MODIS,100,61.03,302.5,77.5,0,0,2024,6,12,1642,16,42,3,0,167610,3042,47.39999999999998,1,Extreme
30975,22.4906,77.5356,306.4,2.3,1.5,2017-04-04,1734,0,MODIS,50,6.2,292.9,20.1,0,0,2017,4,4,1734,17,34,2,4,76528,39620,13.5,0,Medium
113439,20.5206,77.2011,328.4,1.6,1.3,2018-03-20,514,0,MODIS,66,6.03,309.3,13.7,1,0,2018,3,20,514,5,14,2,9,27481,7575,19.09999999999997,0,Medium
40304,27.4599,93.0111,322.0,3.5,1.8,2017-04-13,626,1,MODIS,80,6.2,293.7,103.3,1,0,2017,4,13,626,6,26,2,11,41370,8105,28.30000000000001,0,Extreme
324277,30.1392,79.7945,309.5,1.0,1.0,2020-12-27,529,0,MODIS,63,6.03,288.3,9.5,1,0,2020,12,27,529,5,29,1,7,41741,2618,21.19999999999999,0,Low
292829,23.779,86.3991,307.9,1.1,1.0,2020-06-08,2012,1,MODIS,65,6.03,290.1,6.8,0,2,2020,6,8,2012,20,12,3,12,49232,1005,17.799999999999955,0,Low
137044,27.2039,93.7798,314.6,1.0,1.0,2018-04-26,703,1,MODIS,68,6.03,297.0,7.8,1,0,2018,4,26,703,7,3,2,11,41370,8105,17.600000000000023,0,Low
704356,25.6014,94.6527,311.3,3.0,1.7,2025-03-19,834,1,MODIS,54,61.03,298.1,25.0,1,0,2025,3,19,834,8,34,2,11,41370,18499,13.199999999999989,0,Medium
668683,23.0394,79.2835,324.8,1.2,1.1,2024-12-20,904,1,MODIS,79,61.03,301.6,22.2,1,0,2024,12,20,904,9,4,1,5,47348,2981,23.19999999999999,0,Medium
217021,22.1683,79.7333,333.3,2.4,1.5,2019-05-05,455,0,MODIS,73,6.03,311.2,42.7,1,0,2019,5,5,455,4,55,2,5,47348,4086,22.100000000000023,0,High
130434,24.0883,79.3502,334.2,1.0,1.0,2018-04-10,532,0,MODIS,73,6.03,311.7,14.1,1,0,2018,4,10,532,5,32,2,5,47348,16741,22.5,0,Medium
697284,23.6206,79.7461,330.6,1.0,1.0,2025-03-12,854,1,MODIS,74,61.03,315.4,12.1,1,0,2025,3,12,854,8,54,2,5,47348,12422,15.200000000000044,0,Medium
733729,24.093,80.4331,334.3,2.0,1.4,2025-04-25,354,0,MODIS,76,61.03,315.7,39.8,1,0,2025,4,25,354,3,54,2,5,47348,16741,18.600000000000023,0,High
435146,28.6136,77.941,305.8,1.0,1.0,2021-12-21,530,0,MODIS,62,6.03,288.8,6.8,1,0,2021,12,21,530,5,30,1,7,41741,2618,17.0,0,Low
230446,30.2268,78.7101,307.0,1.0,1.0,2019-06-28,1654,0,MODIS,70,6.03,295.9,4.2,0,0,2019,6,28,1654,16,54,3,7,41741,971,11.100000000000025,0,Low
21421,15.7687,77.7328,336.1,1.0,1.0,2017-03-22,533,0,MODIS,78,6.2,312.6,19.4,1,0,2017,3,22,533,5,33,2,14,36148,12659,23.5,0,Medium
429804,30.1755,75.5024,340.6,1.0,1.0,2021-11-16,818,1,MODIS,90,6.03,306.0,36.4,1,0,2021,11,16,818,8,18,4,0,167610,73042,34.60000000000002,1,High
614304,17.8583,73.305,329.0,1.4,1.2,2024-03-13,844,1,MODIS,61,61.03,313.8,17.2,1,0,2024,3,13,844,8,44,2,3,38436,7918,15.199999999999989,0,Medium
679605,15.1391,78.6392,328.8,1.4,1.2,2025-02-10,851,1,MODIS,77,61.03,306.9,30.0,1,0,2025,2,10,851,8,51,1,14,36148,10539,21.900000000000038,0,Medium
686153,10.8334,76.6718,315.8,2.7,1.6,2025-02-26,459,0,MODIS,48,61.03,298.2,30.4,1,0,2025,2,26,459,4,59,1,6,13460,3893,17.600000000000023,0,High
371388,20.4485,79.7626,342.8,1.5,1.2,2021-03-28,821,1,MODIS,84,6.03,316.3,46.9,1,0,2021,3,28,821,8,21,2,13,47964,18871,26.5,1,High
18736,21.3369,76.6348,329.8,1.5,1.2,2017-03-15,834,1,MODIS,63,6.2,316.8,18.2,1,0,2017,3,15,834,8,34,2,9,27481,7575,13.0,0,Medium
279022,19.674,80.059,333.7,1.1,1.0,2020-04-14,757,1,MODIS,56,6.03,312.9,15.6,1,0,2020,4,14,757,7,57,2,13,47964,11656,20.80000000000001,0,Medium
568440,29.7036,75.7377,329.5,2.2,1.5,2023-05-07,855,1,MODIS,69,61.03,313.4,28.8,1,0,2023,5,7,855,8,55,2,0,167610,31628,16.100000000000023,0,Medium
439642,17.8545,82.1299,313.3,1.1,1.1,2022-02-02,513,0,MODIS,59,6.03,301.1,8.9,1,0,2022,2,2,513,5,13,1,13,47964,5221,12.199999999999989,0,Low
763378,23.6846,86.3932,305.8,1.0,1.0,2025-12-21,1508,0,MODIS,66,61.03,289.4,9.2,0,2,2025,12,21,1508,15,8,1,12,49232,8420,16.400000000000034,0,Low
612639,27.3796,94.0419,323.6,1.1,1.0,2024-03-11,724,1,MODIS,78,61.03,299.1,17.9,1,0,2024,3,11,724,7,24,2,11,41370,18499,24.5,0,Medium
39563,19.2083,81.0821,308.1,1.2,1.1,2017-04-12,1644,0,MODIS,54,6.2,298.0,7.1,0,0,2017,4,12,1644,16,44,2,13,47964,11656,10.100000000000025,0,Low
741384,30.8555,74.5415,328.9,3.6,1.8,2025-05-16,840,1,MODIS,77,61.03,308.8,63.2,1,0,2025,5,16,840,8,40,2,0,167610,31628,20.09999999999997,0,Extreme
308671,18.6876,78.4396,318.2,1.0,1.0,2020-11-06,808,1,MODIS,64,6.03,303.3,7.2,1,0,2020,11,6,808,8,8,4,9,27481,2693,14.899999999999975,0,Low
460073,25.3891,93.2918,320.0,3.1,1.7,2022-03-21,744,1,MODIS,72,6.03,301.9,51.9,1,0,2022,3,21,744,7,44,2,11,41370,18499,18.100000000000023,0,High
29274,18.373,80.6464,330.7,1.6,1.2,2017-04-02,821,1,MODIS,72,6.2,308.2,20.2,1,0,2017,4,2,821,8,21,2,13,47964,11656,22.5,0,Medium
2520,13.9057,74.7549,318.3,1.5,1.2,2017-01-19,522,0,MODIS,69,6.2,298.4,23.9,1,0,2017,1,19,522,5,22,1,14,36148,3490,19.900000000000038,0,Medium
520245,21.1785,81.3879,319.1,1.0,1.0,2023-01-12,801,1,MODIS,0,61.03,306.4,8.7,1,2,2023,1,12,801,8,1,1,5,47348,1762,12.700000000000044,0,Low
309379,30.3015,75.6828,318.1,1.0,1.0,2020-11-06,811,1,MODIS,60,6.03,300.7,8.3,1,0,2020,11,6,811,8,11,4,0,167610,73042,17.400000000000034,0,Low
673667,22.0389,83.7491,305.3,2.5,1.5,2025-01-18,341,0,MODIS,61,61.03,294.0,18.8,1,2,2025,1,18,341,3,41,1,1,73921,10736,11.300000000000011,0,Medium
56355,16.8892,82.0458,326.0,1.7,1.3,2017-05-19,737,1,MODIS,52,6.2,301.0,18.2,1,0,2017,5,19,737,7,37,2,13,47964,4838,25.0,0,Medium
587560,30.6443,74.641,320.8,1.0,1.0,2023-11-15,837,1,MODIS,73,61.03,301.9,11.9,1,0,2023,11,15,837,8,37,4,0,167610,73042,18.900000000000038,0,Medium
304262,29.6569,76.1426,313.6,1.5,1.2,2020-11-01,753,1,MODIS,55,6.03,299.8,12.6,1,0,2020,11,1,753,7,53,4,0,167610,73042,13.800000000000011,0,Medium
213410,24.7153,84.1037,331.8,2.3,1.5,2019-04-27,715,1,MODIS,69,6.03,313.4,37.2,1,0,2019,4,27,715,7,15,2,12,49232,12010,18.400000000000038,0,High
263651,26.6392,93.4008,317.3,1.4,1.2,2020-03-19,721,1,MODIS,19,6.03,299.5,10.4,1,0,2020,3,19,721,7,21,2,11,41370,18499,17.80000000000001,0,Medium
374788,21.5097,78.1722,339.6,1.0,1.0,2021-03-30,809,1,MODIS,75,6.03,321.8,17.6,1,0,2021,3,30,809,8,9,2,9,27481,7575,17.80000000000001,0,Medium
126043,24.1556,80.1544,335.6,1.0,1.0,2018-03-31,804,1,MODIS,68,6.03,321.6,10.6,1,0,2018,3,31,804,8,4,2,5,47348,12422,14.0,0,Medium
578479,30.7683,75.4867,314.2,1.0,1.0,2023-10-27,833,1,MODIS,61,61.03,302.6,5.5,1,0,2023,10,27,833,8,33,4,0,167610,39610,11.599999999999966,0,Low
640587,24.6996,76.9138,333.9,1.3,1.1,2024-05-05,443,0,MODIS,66,61.03,313.6,12.7,1,0,2024,5,5,443,4,43,2,4,76528,7507,20.299999999999955,0,Medium
743056,11.2838,78.5169,318.2,1.2,1.1,2025-06-07,425,0,MODIS,57,61.03,298.6,8.5,1,2,2025,6,7,425,4,25,3,6,13460,305,19.59999999999997,0,Low
641030,30.0814,78.511,306.5,1.1,1.0,2024-05-05,2106,1,MODIS,68,61.03,294.5,7.2,0,0,2024,5,5,2106,21,6,2,0,167610,31628,12.0,0,Low
334709,14.8986,75.7909,328.2,1.0,1.0,2021-02-15,826,1,MODIS,71,6.03,312.0,8.8,1,0,2021,2,15,826,8,26,1,14,36148,10539,16.19999999999999,0,Low
619107,13.1436,77.9679,324.0,1.3,1.1,2024-03-22,434,0,MODIS,67,61.03,305.6,12.3,1,0,2024,3,22,434,4,34,2,14,36148,12659,18.399999999999977,0,Medium
52141,30.2984,75.578,332.4,1.1,1.0,2017-05-05,554,0,MODIS,61,6.2,315.7,9.6,1,0,2017,5,5,554,5,54,2,0,167610,31628,16.69999999999999,0,Low
30578,21.4583,79.4549,334.8,1.0,1.0,2017-04-04,809,1,MODIS,55,6.2,318.7,12.1,1,0,2017,4,4,809,8,9,2,5,47348,16741,16.100000000000023,0,Medium
551589,23.719,80.8801,325.5,1.0,1.0,2023-04-01,809,1,MODIS,57,61.03,309.2,10.5,1,0,2023,4,1,809,8,9,2,5,47348,16741,16.30000000000001,0,Medium
347339,18.9926,79.2434,326.6,1.0,1.0,2021-03-07,802,1,MODIS,60,6.03,313.3,9.0,1,0,2021,3,7,802,8,2,2,13,47964,18871,13.300000000000011,0,Low
39899,17.8607,81.9282,336.8,1.5,1.2,2017-04-13,456,0,MODIS,82,6.2,313.0,36.8,1,0,2017,4,13,456,4,56,2,13,47964,11656,23.80000000000001,1,High
260823,24.5634,93.6225,315.5,1.4,1.2,2020-03-16,650,1,MODIS,64,6.03,294.4,15.9,1,0,2020,3,16,650,6,50,2,2,57778,42248,21.100000000000023,0,Medium
457440,21.838,86.8513,321.0,1.9,1.3,2022-03-18,713,1,MODIS,67,6.03,308.0,14.2,1,0,2022,3,18,713,7,13,2,12,49232,10270,13.0,0,Medium
764190,25.0295,87.3728,300.9,1.0,1.0,2025-12-25,334,0,MODIS,25,61.03,286.5,3.8,1,2,2025,12,25,334,3,34,1,12,49232,8420,14.399999999999975,0,Low
267842,25.6542,91.5049,316.2,1.0,1.0,2020-03-28,715,1,MODIS,58,6.03,302.0,5.5,1,0,2020,3,28,715,7,15,2,8,33148,19990,14.199999999999989,0,Low
402224,30.3566,74.8361,329.7,1.1,1.0,2021-05-02,540,0,MODIS,66,6.03,307.8,11.1,1,0,2021,5,2,540,5,40,2,0,167610,31628,21.899999999999977,0,Medium
34418,19.6389,83.9699,326.0,1.4,1.2,2017-04-10,732,1,MODIS,55,6.2,307.9,16.8,1,0,2017,4,10,732,7,32,2,1,73921,9197,18.100000000000023,0,Medium
356212,20.7647,79.2653,334.4,1.1,1.1,2021-03-16,757,1,MODIS,77,6.03,311.5,18.4,1,0,2021,3,16,757,7,57,2,9,27481,7575,22.899999999999977,0,Medium
394400,27.9093,81.7505,328.4,1.1,1.0,2021-04-17,758,1,MODIS,70,6.03,311.4,10.0,1,0,2021,4,17,758,7,58,2,7,41741,15320,17.0,0,Low
555493,24.4186,94.2121,312.5,4.0,1.9,2023-04-10,756,1,MODIS,32,61.03,298.2,37.6,1,0,2023,4,10,756,7,56,2,2,57778,10542,14.300000000000011,0,High
680670,12.5291,76.9717,312.4,1.0,1.0,2025-02-13,434,0,MODIS,54,61.03,301.8,5.7,1,0,2025,2,13,434,4,34,1,6,13460,3893,10.599999999999966,0,Low
560987,24.1593,93.3024,318.0,1.1,1.1,2023-04-14,728,1,MODIS,39,61.03,303.4,8.8,1,0,2023,4,14,728,7,28,2,2,57778,10542,14.600000000000025,0,Low
702663,20.9765,85.1388,311.0,1.0,1.0,2025-03-17,2101,1,MODIS,82,61.03,296.8,9.0,0,2,2025,3,17,2101,21,1,2,1,73921,19544,14.199999999999989,0,Low
751544,26.4197,83.7715,310.0,1.1,1.0,2025-11-13,915,1,MODIS,52,61.03,298.2,6.2,1,0,2025,11,13,915,9,15,4,12,49232,3375,11.800000000000011,0,Low
71518,21.1077,72.6434,322.8,1.0,1.0,2017-11-07,1728,0,MODIS,92,6.2,298.0,0.0,0,2,2017,11,7,1728,17,28,4,10,21095,1837,24.80000000000001,0,
236089,30.3162,75.0416,326.9,1.1,1.1,2019-10-28,805,1,MODIS,78,6.03,301.7,21.8,1,0,2019,10,28,805,8,5,4,0,167610,39610,25.19999999999999,0,Medium
245916,22.2098,84.8484,314.7,1.0,1.0,2019-11-27,506,0,MODIS,70,6.03,301.5,8.1,1,2,2019,11,27,506,5,6,4,1,73921,2885,13.199999999999989,0,Low
498232,31.5601,75.4515,317.5,1.7,1.3,2022-10-30,756,1,MODIS,59,6.03,300.7,14.5,1,0,2022,10,30,756,7,56,4,0,167610,39610,16.80000000000001,0,Medium
5961,24.8993,75.6769,319.7,1.3,1.1,2017-02-08,804,1,MODIS,41,6.2,305.0,11.7,1,0,2017,2,8,804,8,4,1,4,76528,2331,14.699999999999989,0,Medium
473114,23.2325,77.7782,311.2,1.0,1.0,2022-04-15,1655,0,MODIS,80,6.03,293.6,8.5,0,0,2022,4,15,1655,16,55,2,4,76528,39620,17.599999999999966,0,Low
83720,21.9861,82.5399,315.1,1.9,1.3,2018-01-08,815,1,MODIS,67,6.03,302.9,16.1,1,0,2018,1,8,815,8,15,1,1,73921,10736,12.200000000000044,0,Medium
186778,23.6696,82.9129,322.0,1.1,1.0,2019-03-11,757,1,MODIS,50,6.03,307.6,8.2,1,0,2019,3,11,757,7,57,2,5,47348,12422,14.399999999999975,0,Low
599699,18.5102,74.3927,317.9,1.0,1.0,2024-01-20,512,0,MODIS,69,61.03,298.8,11.3,1,0,2024,1,20,512,5,12,1,3,38436,8477,19.09999999999997,0,Medium
596993,20.7808,81.9533,312.5,1.4,1.2,2024-01-03,804,1,MODIS,63,61.03,301.0,7.5,1,0,2024,1,3,804,8,4,1,1,73921,10736,11.5,0,Low
264105,24.2351,92.4452,323.3,1.0,1.0,2020-03-21,708,1,MODIS,70,6.03,276.3,16.3,1,0,2020,3,21,708,7,8,2,2,57778,42248,47.0,0,Medium
363666,22.6499,77.3477,327.5,1.0,1.0,2021-03-24,536,0,MODIS,66,6.03,311.2,8.2,1,0,2021,3,24,536,5,36,2,4,76528,13167,16.30000000000001,0,Low
403079,23.6839,86.0902,304.0,1.0,1.0,2021-05-04,1625,0,MODIS,58,6.03,292.8,4.2,0,2,2021,5,4,1625,16,25,2,12,49232,3184,11.199999999999989,0,Low
686509,21.1978,76.5206,325.6,1.7,1.3,2025-02-26,933,1,MODIS,68,61.03,308.0,19.6,1,0,2025,2,26,933,9,33,1,9,27481,5254,17.600000000000023,0,Medium
161117,27.1216,83.557,314.7,1.2,1.1,2018-11-07,734,1,MODIS,66,6.03,300.6,9.4,1,0,2018,11,7,734,7,34,4,7,41741,5012,14.099999999999966,0,Low
197653,10.348,77.4139,306.9,1.0,1.0,2019-03-27,1719,0,MODIS,35,6.03,293.8,6.4,0,0,2019,3,27,1719,17,19,2,6,13460,3928,13.099999999999966,0,Low
376078,24.0676,83.5898,327.3,1.9,1.3,2021-03-30,810,1,MODIS,59,6.03,312.6,19.3,1,0,2021,3,30,810,8,10,2,12,49232,10270,14.699999999999989,0,Medium
430517,29.6385,75.5211,311.7,1.1,1.1,2021-11-18,805,1,MODIS,45,6.03,300.4,5.3,1,0,2021,11,18,805,8,5,4,0,167610,73042,11.300000000000011,0,Low
576812,16.3808,74.7694,327.7,1.2,1.1,2023-10-18,520,0,MODIS,78,61.03,303.2,18.2,1,0,2023,10,18,520,5,20,4,3,38436,418,24.5,0,Medium
294949,30.9987,75.4647,314.4,1.4,1.2,2020-10-10,830,1,MODIS,51,6.03,303.5,7.6,1,0,2020,10,10,830,8,30,4,0,167610,39610,10.899999999999975,0,Low
141412,31.7337,74.6071,337.0,1.0,1.0,2018-05-09,812,1,MODIS,65,6.03,313.8,16.1,1,0,2018,5,9,812,8,12,2,0,167610,31628,23.19999999999999,0,Medium
40118,23.5955,92.2697,337.5,4.8,2.0,2017-04-13,625,1,MODIS,88,6.2,300.0,329.9,1,0,2017,4,13,625,6,25,2,2,57778,10542,37.5,1,Extreme
407661,28.7414,73.479,322.8,1.5,1.2,2021-09-10,609,0,MODIS,24,6.03,297.7,17.5,1,0,2021,9,10,609,6,9,4,0,167610,648,25.100000000000023,0,Medium
224546,30.8343,74.4345,327.2,2.3,1.5,2019-05-16,747,1,MODIS,72,6.03,300.7,26.4,1,0,2019,5,16,747,7,47,2,0,167610,31628,26.5,0,Medium
747606,31.0625,74.8027,310.5,1.1,1.0,2025-11-01,946,1,MODIS,55,61.03,299.7,4.7,1,0,2025,11,1,946,9,46,4,0,167610,73042,10.800000000000011,0,Low
84828,21.9866,82.8301,315.0,1.2,1.1,2018-01-14,739,1,MODIS,61,6.03,302.9,6.8,1,0,2018,1,14,739,7,39,1,1,73921,10736,12.100000000000025,0,Low
692876,23.9851,92.3568,336.3,1.3,1.1,2025-03-08,755,1,MODIS,88,61.03,299.4,45.7,1,0,2025,3,8,755,7,55,2,2,57778,42248,36.900000000000034,1,High
305982,30.1713,74.8162,318.8,1.5,1.2,2020-11-02,836,1,MODIS,67,6.03,301.9,16.7,1,0,2020,11,2,836,8,36,4,0,167610,73042,16.900000000000034,0,Medium
70428,30.0682,75.6989,312.6,1.0,1.0,2017-11-05,817,1,MODIS,34,6.2,297.8,5.6,1,0,2017,11,5,817,8,17,4,0,167610,73042,14.800000000000011,0,Low
52038,17.952,80.8096,310.4,1.1,1.1,2017-05-04,2032,1,MODIS,77,6.2,297.6,7.8,0,0,2017,5,4,2032,20,32,2,13,47964,4838,12.799999999999956,0,Low
190890,20.3502,76.1533,340.2,1.0,1.0,2019-03-16,815,1,MODIS,80,6.03,319.7,19.1,1,0,2019,3,16,815,8,15,2,9,27481,7575,20.5,0,Medium
178099,21.4159,72.1293,300.5,2.6,1.5,2019-01-26,1658,0,MODIS,28,6.03,287.1,20.7,0,0,2019,1,26,1658,16,58,1,10,21095,2544,13.399999999999975,0,Medium
122237,24.3498,78.432,336.1,1.7,1.3,2018-03-27,829,1,MODIS,73,6.03,318.8,34.0,1,0,2018,3,27,829,8,29,2,4,76528,13167,17.30000000000001,0,High
108375,19.9297,80.2246,322.1,2.6,1.5,2018-03-12,733,1,MODIS,61,6.03,302.2,40.1,1,0,2018,3,12,733,7,33,2,13,47964,18871,19.900000000000038,0,High
92192,22.0747,82.7547,317.8,1.5,1.2,2018-02-18,810,1,MODIS,54,6.03,303.8,9.2,1,0,2018,2,18,810,8,10,1,1,73921,9366,14.0,0,Low
316574,22.9237,72.3793,319.5,1.4,1.2,2020-11-16,537,0,MODIS,66,6.03,306.7,9.3,1,0,2020,11,16,537,5,37,4,10,21095,1837,12.800000000000011,0,Low
723864,24.2656,79.8503,331.8,2.5,1.5,2025-04-08,830,1,MODIS,70,61.03,317.9,35.8,1,0,2025,4,8,830,8,30,2,5,47348,16741,13.900000000000034,0,High
205271,25.2377,76.9746,333.3,1.0,1.0,2019-04-11,543,0,MODIS,66,6.03,319.0,8.9,1,0,2019,4,11,543,5,43,2,4,76528,39620,14.300000000000011,0,Low
506449,30.8118,75.053,315.0,1.0,1.0,2022-11-11,816,1,MODIS,48,6.03,301.7,5.5,1,0,2022,11,11,816,8,16,4,0,167610,73042,13.300000000000011,0,Low
351138,23.9079,92.9935,314.4,2.0,1.4,2021-03-12,643,1,MODIS,61,6.03,298.3,19.7,1,0,2021,3,12,643,6,43,2,2,57778,42248,16.099999999999966,0,Medium
284347,21.9328,79.1212,327.6,2.4,1.5,2020-04-27,556,0,MODIS,70,6.03,305.1,33.1,1,0,2020,4,27,556,5,56,2,5,47348,16741,22.5,0,High
219447,29.8428,75.9479,339.8,1.6,1.3,2019-05-08,524,0,MODIS,83,6.03,317.2,37.8,1,0,2019,5,8,524,5,24,2,0,167610,31628,22.600000000000023,1,High
183825,16.0396,78.4664,323.6,2.5,1.5,2019-02-25,743,1,MODIS,47,6.03,308.3,27.3,1,0,2019,2,25,743,7,43,1,14,36148,10539,15.300000000000011,0,Medium
260155,26.7616,94.9177,310.1,1.0,1.0,2020-03-14,703,1,MODIS,40,6.03,297.2,4.0,1,0,2020,3,14,703,7,3,2,11,41370,18499,12.900000000000034,0,Low
53796,30.7585,75.2692,335.5,1.3,1.1,2017-05-08,759,1,MODIS,73,6.2,317.0,16.3,1,0,2017,5,8,759,7,59,2,0,167610,31628,18.5,0,Medium
449740,24.9789,94.067,326.9,1.0,1.0,2022-03-11,708,1,MODIS,79,6.03,306.9,16.4,1,0,2022,3,11,708,7,8,2,11,41370,18499,20.0,0,Medium
535805,28.0688,81.3945,309.5,1.0,1.0,2023-03-01,501,0,MODIS,56,61.03,298.3,4.6,1,0,2023,3,1,501,5,1,2,7,41741,3895,11.199999999999989,0,Low
336942,23.5454,92.9597,358.7,2.0,1.4,2021-02-24,643,1,MODIS,99,6.03,296.4,225.7,1,0,2021,2,24,643,6,43,1,2,57778,3915,62.30000000000001,1,Extreme
161958,30.6052,75.995,316.2,1.0,1.0,2018-11-08,818,1,MODIS,67,6.03,299.8,8.0,1,0,2018,11,8,818,8,18,4,0,167610,73042,16.399999999999977,0,Low
110403,25.7766,90.9835,316.6,1.0,1.0,2018-03-14,721,1,MODIS,35,6.03,296.0,8.1,1,0,2018,3,14,721,7,21,2,8,33148,19990,20.600000000000023,0,Low
580577,23.7182,86.4422,307.2,1.0,1.0,2023-11-01,1554,0,MODIS,71,61.03,297.1,6.5,0,2,2023,11,1,1554,15,54,4,12,49232,3375,10.099999999999966,0,Low
613394,25.1369,92.9915,309.5,2.3,1.5,2024-03-12,804,1,MODIS,48,61.03,295.4,16.7,1,0,2024,3,12,804,8,4,2,8,33148,19990,14.100000000000025,0,Medium
489078,23.5247,77.4216,309.9,1.1,1.0,2022-05-10,1648,0,MODIS,67,6.03,299.3,5.7,0,0,2022,5,10,1648,16,48,2,4,76528,7507,10.599999999999966,0,Low
231798,29.6901,75.2697,316.3,1.0,1.0,2019-10-10,817,1,MODIS,58,6.03,299.7,7.5,1,0,2019,10,10,817,8,17,4,0,167610,39610,16.600000000000023,0,Low
535997,10.8106,76.4314,317.8,1.0,1.0,2023-03-01,506,0,MODIS,64,61.03,300.3,6.9,1,0,2023,3,1,506,5,6,2,6,13460,3928,17.5,0,Low
262572,25.4968,93.1881,319.1,2.3,1.5,2020-03-18,638,1,MODIS,77,6.03,299.0,41.3,1,0,2020,3,18,638,6,38,2,11,41370,18499,20.100000000000023,0,High
603573,28.7753,77.6027,306.5,1.4,1.2,2024-02-11,517,0,MODIS,64,61.03,292.1,9.7,1,0,2024,2,11,517,5,17,1,0,167610,2711,14.399999999999975,0,Low
313602,30.6055,74.4333,322.0,2.3,1.5,2020-11-10,747,1,MODIS,76,6.03,300.8,42.3,1,0,2020,11,10,747,7,47,4,0,167610,73042,21.19999999999999,0,High
299698,30.2126,76.0024,315.4,1.4,1.2,2020-10-26,830,1,MODIS,52,6.03,300.6,10.4,1,0,2020,10,26,830,8,30,4,0,167610,39610,14.799999999999956,0,Medium
579780,25.8905,76.7283,323.9,1.2,1.1,2023-11-01,843,1,MODIS,64,61.03,308.6,11.7,1,0,2023,11,1,843,8,43,4,4,76528,9210,15.299999999999956,0,Medium
699390,23.5806,87.33,325.8,1.0,1.0,2025-03-14,834,1,MODIS,69,61.03,311.0,10.0,1,2,2025,3,14,834,8,34,2,12,49232,10270,14.800000000000011,0,Low
333844,17.0874,78.5651,319.3,1.1,1.0,2021-02-13,532,0,MODIS,62,6.03,306.6,7.2,1,0,2021,2,13,532,5,32,1,9,27481,5254,12.699999999999989,0,Low
418444,31.7657,75.4035,312.1,1.7,1.3,2021-11-05,837,1,MODIS,64,6.03,298.7,9.5,1,0,2021,11,5,837,8,37,4,0,167610,73042,13.400000000000034,0,Low
635130,24.6968,77.4999,332.4,1.8,1.3,2024-04-25,432,0,MODIS,67,61.03,315.3,23.0,1,0,2024,4,25,432,4,32,2,4,76528,39620,17.099999999999966,0,Medium
452120,23.1538,92.4025,367.2,2.0,1.4,2022-03-14,738,1,MODIS,100,6.03,304.9,264.9,1,0,2022,3,14,738,7,38,2,2,57778,42248,62.30000000000001,1,Extreme
95782,21.3104,83.25,340.0,1.3,1.1,2018-02-27,803,1,MODIS,86,6.03,316.0,39.0,1,0,2018,2,27,803,8,3,1,1,73921,9366,24.0,1,High
160892,30.6906,76.0346,309.4,1.3,1.1,2018-11-07,600,0,MODIS,52,6.03,299.3,6.1,1,0,2018,11,7,600,6,0,4,0,167610,73042,10.099999999999966,0,Low
323858,17.9835,73.3378,318.9,1.0,1.0,2020-12-25,545,0,MODIS,68,6.03,301.2,10.1,1,0,2020,12,25,545,5,45,1,3,38436,5945,17.69999999999999,0,Medium
388917,18.0787,81.9952,327.0,1.0,1.0,2021-04-08,802,1,MODIS,43,6.03,308.5,8.4,1,0,2021,4,8,802,8,2,2,13,47964,11656,18.5,0,Low
367089,25.8089,93.8275,318.1,1.1,1.0,2021-03-26,656,1,MODIS,33,6.03,306.2,5.7,1,0,2021,3,26,656,6,56,2,11,41370,18499,11.900000000000034,0,Low
651560,23.7366,85.0117,317.9,1.0,1.0,2024-10-06,822,1,MODIS,55,61.03,302.2,8.4,1,2,2024,10,6,822,8,22,4,12,49232,1643,15.699999999999989,0,Low
386676,22.862,78.2042,334.9,1.9,1.4,2021-04-06,505,0,MODIS,42,6.03,312.4,37.6,1,0,2021,4,6,505,5,5,2,4,76528,39620,22.5,0,High
103836,16.2369,79.4443,329.3,1.3,1.1,2018-03-08,756,1,MODIS,71,6.03,313.7,16.8,1,0,2018,3,8,756,7,56,2,14,36148,12659,15.600000000000025,0,Medium
767170,27.8244,96.2972,307.9,1.5,1.2,2026-01-09,805,1,MODIS,66,61.03,289.9,13.4,1,0,2026,1,9,805,8,5,1,11,41370,4936,18.0,0,Medium
726045,23.1645,77.5042,305.9,1.0,1.0,2025-04-12,2135,1,MODIS,66,61.03,293.0,7.0,0,0,2025,4,12,2135,21,35,2,4,76528,39620,12.899999999999975,0,Low
643001,26.7082,80.2224,328.6,1.8,1.3,2024-05-12,852,1,MODIS,58,61.03,302.5,18.1,1,0,2024,5,12,852,8,52,2,7,41741,6465,26.100000000000023,0,Medium
297889,30.6154,76.2943,318.3,1.2,1.1,2020-10-23,759,1,MODIS,71,6.03,304.5,10.1,1,0,2020,10,23,759,7,59,4,0,167610,39610,13.800000000000011,0,Medium
387391,24.6681,79.3128,336.2,1.3,1.1,2021-04-06,816,1,MODIS,72,6.03,320.1,17.0,1,0,2021,4,6,816,8,16,2,5,47348,16741,16.099999999999966,0,Medium
459059,22.8363,76.8144,338.5,1.0,1.0,2022-03-20,523,0,MODIS,84,6.03,315.6,21.1,1,0,2022,3,20,523,5,23,2,4,76528,13167,22.899999999999977,1,Medium
565023,21.9039,77.233,328.2,4.1,1.9,2023-04-19,743,1,MODIS,51,61.03,308.8,60.7,1,0,2023,4,19,743,7,43,2,4,76528,39620,19.399999999999977,0,Extreme
273799,26.0888,93.3514,316.7,1.3,1.1,2020-04-04,721,1,MODIS,54,6.03,302.7,9.4,1,0,2020,4,4,721,7,21,2,11,41370,8105,14.0,0,Low
541794,15.6009,78.7492,306.0,1.0,1.0,2023-03-07,1645,0,MODIS,60,61.03,286.3,7.0,0,0,2023,3,7,1645,16,45,2,14,36148,12659,19.69999999999999,0,Low
558275,22.086,72.8201,326.6,2.1,1.4,2023-04-12,556,0,MODIS,62,61.03,309.3,24.1,1,0,2023,4,12,556,5,56,2,10,21095,4258,17.30000000000001,0,Medium
572580,13.307,79.944,323.5,1.0,1.0,2023-05-26,453,0,MODIS,61,61.03,304.4,9.7,1,0,2023,5,26,453,4,53,2,14,36148,1092,19.100000000000023,0,Low
222678,28.9787,79.7322,328.3,1.2,1.1,2019-05-12,811,1,MODIS,65,6.03,309.4,10.3,1,0,2019,5,12,811,8,11,2,7,41741,6465,18.900000000000038,0,Medium
476174,29.8631,79.6613,322.2,1.0,1.0,2022-04-20,755,1,MODIS,57,6.03,307.5,10.1,1,0,2022,4,20,755,7,55,2,7,41741,15320,14.699999999999989,0,Medium
81694,20.883,81.8026,322.1,1.0,1.0,2017-12-27,750,1,MODIS,75,6.2,303.5,11.8,1,0,2017,12,27,750,7,50,1,1,73921,11178,18.600000000000023,0,Medium
126169,22.4003,77.139,373.7,1.1,1.1,2018-03-31,804,1,MODIS,100,6.03,322.9,124.6,1,0,2018,3,31,804,8,4,2,4,76528,13167,50.80000000000001,1,Extreme
423454,30.0065,76.1617,316.6,1.0,1.0,2021-11-09,812,1,MODIS,39,6.03,302.0,6.2,1,0,2021,11,9,812,8,12,4,0,167610,73042,14.600000000000025,0,Low
68559,29.9447,74.5353,315.5,1.5,1.2,2017-10-31,759,1,MODIS,44,6.2,303.1,9.8,1,0,2017,10,31,759,7,59,4,0,167610,39610,12.399999999999975,0,Low
263397,25.3922,90.8032,313.5,1.0,1.0,2020-03-19,721,1,MODIS,51,6.03,295.8,8.4,1,0,2020,3,19,721,7,21,2,8,33148,19990,17.69999999999999,0,Low
271629,25.2109,92.8856,310.7,1.5,1.2,2020-04-01,650,1,MODIS,34,6.03,300.1,9.6,1,0,2020,4,1,650,6,50,2,8,33148,7372,10.599999999999966,0,Low
391802,31.3066,77.0579,310.4,1.0,1.0,2021-04-12,1705,0,MODIS,80,6.03,290.4,10.9,0,0,2021,4,12,1705,17,5,2,0,167610,7906,20.0,0,Medium
691198,14.6504,78.86,323.2,1.5,1.2,2025-03-07,852,1,MODIS,31,61.03,310.3,15.0,1,0,2025,3,7,852,8,52,2,14,36148,12659,12.899999999999975,0,Medium
512503,25.2739,92.768,306.4,1.3,1.1,2022-12-03,729,1,MODIS,55,6.03,294.2,7.7,1,0,2022,12,3,729,7,29,1,8,33148,557,12.199999999999989,0,Low
346012,22.0712,84.9477,310.6,1.1,1.0,2021-03-06,1644,0,MODIS,70,6.03,296.1,10.6,0,0,2021,3,6,1644,16,44,2,1,73921,19544,14.5,0,Medium
672289,15.1623,76.379,316.7,1.0,1.0,2025-01-09,907,1,MODIS,56,61.03,305.2,6.9,1,0,2025,1,9,907,9,7,1,14,36148,3490,11.5,0,Low
566079,23.8681,77.8451,331.7,1.7,1.3,2023-04-21,531,0,MODIS,72,61.03,314.4,24.9,1,0,2023,4,21,531,5,31,2,4,76528,39620,17.30000000000001,0,Medium
255169,21.9974,84.2916,314.6,1.1,1.0,2020-02-22,513,0,MODIS,63,6.03,301.8,6.5,1,0,2020,2,22,513,5,13,1,1,73921,9366,12.800000000000011,0,Low
277976,23.8238,75.7975,336.1,1.0,1.0,2020-04-13,544,0,MODIS,67,6.03,319.7,11.9,1,0,2020,4,13,544,5,44,2,4,76528,39620,16.400000000000034,0,Medium
32333,19.4759,84.0986,325.6,1.0,1.0,2017-04-08,744,1,MODIS,58,6.2,310.2,9.1,1,0,2017,4,8,744,7,44,2,1,73921,9197,15.400000000000034,0,Low
12515,24.2396,93.6363,318.2,1.1,1.1,2017-02-27,656,1,MODIS,68,6.2,303.6,12.4,1,0,2017,2,27,656,6,56,1,2,57778,3915,14.599999999999966,0,Medium
567618,23.7666,86.3934,313.2,1.2,1.1,2023-04-28,1618,0,MODIS,27,61.03,299.8,9.9,0,2,2023,4,28,1618,16,18,2,12,49232,12010,13.399999999999975,0,Low
705284,18.4426,80.5229,332.7,1.2,1.1,2025-03-20,911,1,MODIS,75,61.03,316.6,14.7,1,0,2025,3,20,911,9,11,2,13,47964,18871,16.099999999999966,0,Medium
43994,23.0041,77.8549,335.2,1.1,1.0,2017-04-16,525,0,MODIS,70,6.2,319.1,12.4,1,0,2017,4,16,525,5,25,2,4,76528,39620,16.099999999999966,0,Medium
40098,24.2683,93.951,319.6,3.6,1.8,2017-04-13,625,1,MODIS,72,6.2,298.9,75.5,1,0,2017,4,13,625,6,25,2,2,57778,10542,20.700000000000045,0,Extreme
461628,24.1071,93.1079,441.7,1.7,1.3,2022-03-23,731,1,MODIS,100,6.03,325.0,1342.5,1,0,2022,3,23,731,7,31,2,2,57778,42248,116.7,1,
486656,30.3724,74.8496,328.6,1.0,1.0,2022-05-03,544,0,MODIS,64,6.03,306.9,8.0,1,0,2022,5,3,544,5,44,2,0,167610,31628,21.700000000000045,0,Low
610862,26.3494,94.5413,314.1,1.0,1.0,2024-03-09,354,0,MODIS,19,61.03,287.5,10.7,1,0,2024,3,9,354,3,54,2,11,41370,18499,26.600000000000023,0,Medium
190059,23.1796,92.4113,354.2,2.9,1.6,2019-03-16,638,1,MODIS,97,6.03,297.5,319.7,1,0,2019,3,16,638,6,38,2,2,57778,42248,56.69999999999999,1,Extreme
122719,22.8341,80.1193,332.2,2.3,1.5,2018-03-28,733,1,MODIS,39,6.03,318.2,33.0,1,0,2018,3,28,733,7,33,2,5,47348,12422,14.0,0,High
349110,20.5608,82.3602,327.4,1.0,1.0,2021-03-09,750,1,MODIS,70,6.03,307.8,12.2,1,0,2021,3,9,750,7,50,2,1,73921,19544,19.59999999999997,0,Medium
172899,21.6725,83.014,325.2,1.3,1.1,2018-12-28,803,1,MODIS,81,6.03,298.3,24.8,1,0,2018,12,28,803,8,3,1,1,73921,11178,26.899999999999977,1,Medium
225517,31.3708,74.9591,332.6,1.0,1.0,2019-05-19,818,1,MODIS,73,6.03,312.6,11.7,1,0,2019,5,19,818,8,18,2,0,167610,31628,20.0,0,Medium
564771,24.354,78.0082,327.8,3.3,1.7,2023-04-19,547,0,MODIS,64,61.03,308.9,43.6,1,0,2023,4,19,547,5,47,2,4,76528,39620,18.900000000000038,0,High
372612,24.7717,93.2083,382.5,1.6,1.2,2021-03-29,726,1,MODIS,100,6.03,307.3,300.6,1,0,2021,3,29,726,7,26,2,2,57778,42248,75.19999999999999,1,Extreme
121095,23.3848,80.5393,329.4,1.3,1.1,2018-03-26,746,1,MODIS,65,6.03,317.7,11.0,1,0,2018,3,26,746,7,46,2,5,47348,12422,11.699999999999989,0,Medium
536147,24.6999,94.2297,315.7,1.8,1.3,2023-03-01,736,1,MODIS,59,61.03,299.7,21.0,1,0,2023,3,1,736,7,36,2,11,41370,18499,16.0,0,Medium
591796,25.5834,84.2732,317.4,1.1,1.0,2023-12-03,757,1,MODIS,68,61.03,301.4,9.6,1,0,2023,12,3,757,7,57,1,12,49232,8420,16.0,0,Low
261786,24.0796,93.1649,317.7,2.0,1.4,2020-03-17,733,1,MODIS,36,6.03,291.9,25.4,1,0,2020,3,17,733,7,33,2,2,57778,42248,25.80000000000001,0,Medium
18191,21.9888,76.9059,330.3,1.9,1.3,2017-03-14,751,1,MODIS,62,6.2,317.4,24.6,1,0,2017,3,14,751,7,51,2,4,76528,13167,12.900000000000034,0,Medium
108792,24.538,83.3055,323.8,1.0,1.0,2018-03-13,506,0,MODIS,60,6.03,311.3,8.2,1,0,2018,3,13,506,5,6,2,12,49232,10270,12.5,0,Low
594169,20.9533,81.9692,325.9,1.0,1.0,2023-12-20,813,1,MODIS,40,61.03,300.0,15.7,1,0,2023,12,20,813,8,13,1,1,73921,11178,25.899999999999977,0,Medium
622702,19.42,73.5767,325.7,1.6,1.2,2024-04-01,840,1,MODIS,49,61.03,302.9,14.0,1,0,2024,4,1,840,8,40,2,3,38436,3037,22.80000000000001,0,Medium
63254,31.8656,75.1411,312.1,1.1,1.0,2017-10-22,806,1,MODIS,55,6.2,300.7,5.6,1,0,2017,10,22,806,8,6,4,0,167610,39610,11.400000000000034,0,Low
592076,24.4591,86.752,304.2,1.1,1.1,2023-12-09,433,0,MODIS,51,61.03,294.0,4.1,1,0,2023,12,9,433,4,33,1,12,49232,8420,10.199999999999989,0,Low
89635,14.4263,78.1231,304.4,1.2,1.1,2018-02-04,1720,0,MODIS,60,6.03,292.9,7.7,0,0,2018,2,4,1720,17,20,1,14,36148,10539,11.5,0,Low
193079,25.2102,92.8496,313.9,1.2,1.1,2019-03-21,656,1,MODIS,67,6.03,296.6,12.5,1,0,2019,3,21,656,6,56,2,8,33148,19990,17.299999999999955,0,Medium
229896,30.7396,78.3461,330.2,1.6,1.3,2019-06-11,824,1,MODIS,46,6.03,310.1,32.8,1,0,2019,6,11,824,8,24,3,0,167610,3042,20.09999999999997,0,High
326506,21.0749,85.0423,318.4,1.0,1.0,2021-01-13,744,1,MODIS,70,6.03,305.6,8.6,1,2,2021,1,13,744,7,44,1,1,73921,10736,12.799999999999956,0,Low
660438,30.485,74.8756,317.9,1.1,1.1,2024-11-18,912,1,MODIS,36,61.03,301.1,10.5,1,0,2024,11,18,912,9,12,4,0,167610,73042,16.799999999999955,0,Medium
590756,25.7043,81.0675,323.5,1.0,1.0,2023-11-24,817,1,MODIS,77,61.03,300.6,15.8,1,0,2023,11,24,817,8,17,4,7,41741,5012,22.899999999999977,0,Medium
723777,22.886,78.1475,338.9,3.7,1.8,2025-04-08,830,1,MODIS,72,61.03,308.8,156.8,1,0,2025,4,8,830,8,30,2,4,76528,39620,30.09999999999997,0,Extreme
670741,27.292,82.4524,301.0,1.1,1.1,2025-01-02,430,0,MODIS,43,61.03,288.4,4.7,1,0,2025,1,2,430,4,30,1,7,41741,2018,12.600000000000025,0,Low
3496,27.8475,96.9898,301.7,1.5,1.2,2017-01-24,709,1,MODIS,40,6.2,291.7,9.6,1,0,2017,1,24,709,7,9,1,11,41370,4936,10.0,0,Low
751889,15.7894,78.471,315.5,1.4,1.2,2025-11-14,951,1,MODIS,59,61.03,303.1,9.9,1,0,2025,11,14,951,9,51,4,14,36148,1186,12.399999999999975,0,Low
619338,22.5993,75.5655,327.3,1.1,1.1,2024-03-23,512,0,MODIS,65,61.03,312.7,12.3,1,0,2024,3,23,512,5,12,2,4,76528,13167,14.600000000000025,0,Medium
60160,29.6551,76.8775,321.5,1.0,1.0,2017-10-13,811,1,MODIS,71,6.2,304.7,10.0,1,0,2017,10,13,811,8,11,4,0,167610,39610,16.80000000000001,0,Low
263968,11.0923,77.1033,329.2,1.3,1.1,2020-03-21,541,0,MODIS,75,6.03,307.1,13.1,1,0,2020,3,21,541,5,41,2,6,13460,3928,22.09999999999997,0,Medium
628506,22.8223,92.4742,328.7,3.2,1.7,2024-04-10,817,1,MODIS,80,61.03,305.0,85.9,1,0,2024,4,10,817,8,17,2,2,57778,10542,23.69999999999999,0,Extreme
643978,31.8645,76.3403,334.5,1.0,1.0,2024-05-14,837,1,MODIS,82,61.03,311.2,20.2,1,0,2024,5,14,837,8,37,2,0,167610,31628,23.30000000000001,1,Medium
245031,30.7812,74.4687,313.1,1.0,1.0,2019-11-20,811,1,MODIS,36,6.03,300.9,5.4,1,0,2019,11,20,811,8,11,4,0,167610,73042,12.200000000000044,0,Low
534018,12.2888,77.2316,325.7,1.3,1.1,2023-02-26,842,1,MODIS,55,61.03,313.8,11.2,1,0,2023,2,26,842,8,42,1,6,13460,3893,11.899999999999975,0,Medium
110649,25.5651,94.5626,324.9,1.6,1.2,2018-03-14,721,1,MODIS,81,6.03,298.5,32.9,1,0,2018,3,14,721,7,21,2,11,41370,18499,26.399999999999977,1,High
547246,23.8096,92.3245,340.8,2.0,1.4,2023-03-14,657,1,MODIS,77,61.03,295.7,101.6,1,0,2023,3,14,657,6,57,2,2,57778,42248,45.10000000000002,0,Extreme
417078,30.3237,75.1602,316.3,1.7,1.3,2021-11-04,753,1,MODIS,53,6.03,301.8,13.6,1,0,2021,11,4,753,7,53,4,0,167610,73042,14.5,0,Medium
621057,19.3108,83.2753,322.5,1.1,1.1,2024-03-29,421,0,MODIS,61,61.03,307.7,8.1,1,0,2024,3,29,421,4,21,2,1,73921,19544,14.800000000000011,0,Low
332528,14.3129,75.7037,318.4,1.9,1.3,2021-02-09,557,0,MODIS,59,6.03,304.7,16.5,1,0,2021,2,9,557,5,57,1,14,36148,10539,13.699999999999989,0,Medium
109356,19.1902,80.2733,324.8,1.2,1.1,2018-03-13,815,1,MODIS,45,6.03,309.7,10.5,1,0,2018,3,13,815,8,15,2,13,47964,18871,15.100000000000025,0,Medium
305071,22.4556,79.4453,318.5,1.0,1.0,2020-11-02,525,0,MODIS,65,6.03,303.3,8.0,1,0,2020,11,2,525,5,25,4,5,47348,5930,15.199999999999989,0,Low
724848,24.2031,92.2462,326.6,1.0,1.0,2025-04-10,810,1,MODIS,77,61.03,286.7,20.2,1,0,2025,4,10,810,8,10,2,2,57778,10542,39.900000000000034,0,Medium
192221,22.791,86.199,317.7,2.3,1.5,2019-03-19,708,1,MODIS,64,6.03,300.0,21.8,1,2,2019,3,19,708,7,8,2,12,49232,10270,17.69999999999999,0,Medium
218747,25.1399,83.397,334.8,1.0,1.0,2019-05-07,752,1,MODIS,69,6.03,320.2,10.2,1,0,2019,5,7,752,7,52,2,12,49232,3184,14.600000000000025,0,Medium
690735,25.6177,92.0531,305.7,4.0,1.9,2025-03-07,418,0,MODIS,54,61.03,292.7,33.2,1,0,2025,3,7,418,4,18,2,8,33148,19990,13.0,0,High
725698,20.2214,79.1019,333.0,1.7,1.3,2025-04-12,927,1,MODIS,70,61.03,314.9,17.0,1,0,2025,4,12,927,9,27,2,9,27481,3504,18.100000000000023,0,Medium
404489,21.1089,72.634,312.4,1.2,1.1,2021-05-09,2108,1,MODIS,83,6.03,298.1,9.6,0,2,2021,5,9,2108,21,8,2,10,21095,1118,14.299999999999956,0,Low
41791,25.34,93.2302,327.5,1.0,1.0,2017-04-14,708,1,MODIS,81,6.2,300.4,17.4,1,0,2017,4,14,708,7,8,2,11,41370,8105,27.100000000000023,0,Medium
36665,18.4069,79.9549,332.6,1.2,1.1,2017-04-11,814,1,MODIS,64,6.2,320.6,12.5,1,0,2017,4,11,814,8,14,2,13,47964,11656,12.0,0,Medium
658891,25.8355,78.5221,311.9,1.0,1.0,2024-11-15,850,1,MODIS,46,61.03,301.4,4.6,1,0,2024,11,15,850,8,50,4,4,76528,9210,10.5,0,Low
229087,20.1331,79.5482,333.2,1.0,1.0,2019-06-02,520,0,MODIS,63,6.03,310.4,10.8,1,0,2019,6,2,520,5,20,3,13,47964,892,22.80000000000001,0,Medium
260818,24.5061,93.3488,315.4,1.4,1.2,2020-03-16,650,1,MODIS,65,6.03,297.3,15.5,1,0,2020,3,16,650,6,50,2,2,57778,42248,18.09999999999997,0,Medium
307826,30.3225,75.1184,316.2,1.1,1.0,2020-11-04,824,1,MODIS,41,6.03,302.2,7.5,1,0,2020,11,4,824,8,24,4,0,167610,73042,14.0,0,Low
732165,22.6647,81.8074,332.5,1.1,1.1,2025-04-24,905,1,MODIS,64,61.03,318.8,14.0,1,0,2025,4,24,905,9,5,2,5,47348,16741,13.699999999999989,0,Medium
688972,19.2674,76.996,315.6,1.1,1.0,2025-03-05,439,0,MODIS,49,61.03,303.9,5.8,1,0,2025,3,5,439,4,39,2,9,27481,7575,11.700000000000044,0,Low
45887,22.6833,78.0997,335.8,2.0,1.4,2017-04-19,556,0,MODIS,75,6.2,317.1,29.3,1,0,2017,4,19,556,5,56,2,4,76528,39620,18.69999999999999,0,Medium
499767,29.8024,76.0643,311.9,1.1,1.0,2022-11-02,825,1,MODIS,48,6.03,299.5,4.6,1,0,2022,11,2,825,8,25,4,0,167610,73042,12.399999999999975,0,Low
379259,23.2678,78.6542,337.9,1.1,1.1,2021-04-01,757,1,MODIS,74,6.03,324.9,15.6,1,0,2021,4,1,757,7,57,2,4,76528,39620,13.0,0,Medium
351884,30.2445,78.7749,316.1,1.5,1.2,2021-03-13,553,0,MODIS,72,6.03,299.0,16.7,1,0,2021,3,13,553,5,53,2,7,41741,3895,17.100000000000023,0,Medium
16236,26.8296,94.9324,358.8,1.0,1.0,2017-03-06,703,1,MODIS,99,6.2,295.4,81.8,1,0,2017,3,6,703,7,3,2,11,41370,18499,63.400000000000034,1,Extreme
161957,30.9011,74.521,315.1,1.0,1.0,2018-11-08,818,1,MODIS,50,6.03,301.2,5.5,1,0,2018,11,8,818,8,18,4,0,167610,73042,13.900000000000034,0,Low
511565,29.1582,76.4759,312.3,1.1,1.0,2022-11-27,810,1,MODIS,50,6.03,300.6,6.0,1,0,2022,11,27,810,8,10,4,0,167610,73042,11.699999999999989,0,Low
115968,22.8535,80.2318,333.0,1.1,1.1,2018-03-22,810,1,MODIS,32,6.03,320.2,12.2,1,0,2018,3,22,810,8,10,2,5,47348,12422,12.800000000000011,0,Medium
604601,26.7136,80.0476,316.5,1.2,1.1,2024-02-15,814,1,MODIS,57,61.03,298.4,12.1,1,0,2024,2,15,814,8,14,1,7,41741,3088,18.100000000000023,0,Medium
574553,27.7702,78.5027,317.4,1.0,1.0,2023-07-04,511,0,MODIS,64,61.03,294.3,6.9,1,0,2023,7,4,511,5,11,3,7,41741,92,23.09999999999997,0,Low
424764,25.8104,78.7879,318.0,1.1,1.0,2021-11-11,758,1,MODIS,65,6.03,305.8,6.9,1,0,2021,11,11,758,7,58,4,4,76528,9210,12.199999999999989,0,Low
716601,24.5766,75.1837,338.9,1.1,1.0,2025-03-30,911,1,MODIS,81,61.03,318.0,23.8,1,0,2025,3,30,911,9,11,2,4,76528,13167,20.899999999999977,1,Medium
143470,23.9854,74.3574,315.1,1.1,1.0,2018-05-13,1712,0,MODIS,86,6.03,302.5,9.3,0,0,2018,5,13,1712,17,12,2,10,21095,1118,12.600000000000025,0,Low
114658,23.7317,91.9337,317.7,1.3,1.1,2018-03-21,727,1,MODIS,22,6.03,304.1,8.3,1,0,2018,3,21,727,7,27,2,2,57778,42248,13.599999999999966,0,Low
241390,30.2753,77.1996,315.1,1.1,1.0,2019-11-06,759,1,MODIS,66,6.03,302.8,6.7,1,0,2019,11,6,759,7,59,4,0,167610,73042,12.300000000000011,0,Low
99758,13.5331,78.9945,338.6,1.1,1.0,2018-03-04,820,1,MODIS,82,6.03,319.4,24.3,1,0,2018,3,4,820,8,20,2,14,36148,12659,19.200000000000045,1,Medium
189331,18.8544,83.1955,340.5,1.6,1.3,2019-03-15,732,1,MODIS,83,6.03,302.7,62.7,1,0,2019,3,15,732,7,32,2,1,73921,19544,37.80000000000001,1,Extreme
370034,23.8891,91.9348,346.6,2.1,1.4,2021-03-27,739,1,MODIS,93,6.03,304.1,126.1,1,0,2021,3,27,739,7,39,2,2,57778,42248,42.5,1,Extreme
655334,29.8576,75.197,313.7,1.3,1.1,2024-11-05,846,1,MODIS,52,61.03,301.5,9.1,1,0,2024,11,5,846,8,46,4,0,167610,73042,12.199999999999989,0,Low
251904,21.1056,72.634,305.5,1.3,1.1,2020-01-30,1740,0,MODIS,65,6.03,291.0,11.9,0,2,2020,1,30,1740,17,40,1,10,21095,2544,14.5,0,Medium
349867,22.8769,93.1203,397.2,1.3,1.1,2021-03-10,655,1,MODIS,100,6.03,305.7,326.7,1,0,2021,3,10,655,6,55,2,2,57778,42248,91.5,1,Extreme
162144,30.0422,74.511,321.5,1.0,1.0,2018-11-08,818,1,MODIS,49,6.03,302.0,10.6,1,0,2018,11,8,818,8,18,4,0,167610,73042,19.5,0,Medium
36916,18.5885,80.9041,331.8,1.3,1.1,2017-04-11,815,1,MODIS,65,6.2,315.3,15.2,1,0,2017,4,11,815,8,15,2,13,47964,11656,16.5,0,Medium
112284,25.7579,90.9729,316.5,1.2,1.1,2018-03-19,429,0,MODIS,63,6.03,303.8,7.4,1,0,2018,3,19,429,4,29,2,8,33148,19990,12.699999999999989,0,Low
720959,27.1321,82.6539,323.2,3.0,1.6,2025-04-05,812,1,MODIS,42,61.03,310.9,29.5,1,0,2025,4,5,812,8,12,2,7,41741,15320,12.300000000000011,0,Medium
600429,23.6743,77.3163,312.4,1.1,1.0,2024-01-25,830,1,MODIS,69,61.03,295.2,7.2,1,0,2024,1,25,830,8,30,1,4,76528,1502,17.19999999999999,0,Low
197193,25.8118,91.9471,314.7,1.1,1.1,2019-03-27,447,0,MODIS,66,6.03,300.3,7.0,1,0,2019,3,27,447,4,47,2,8,33148,19990,14.399999999999975,0,Low
11389,22.2728,92.9017,321.4,1.0,1.0,2017-02-25,708,1,MODIS,74,6.2,302.2,14.5,1,0,2017,2,25,708,7,8,1,2,57778,3915,19.19999999999999,0,Medium
649974,30.8372,77.3811,302.0,1.2,1.1,2024-06-18,2133,1,MODIS,46,61.03,290.9,6.0,0,0,2024,6,18,2133,21,33,3,0,167610,3042,11.100000000000025,0,Low
157659,30.9766,75.3253,319.7,1.0,1.0,2018-11-01,812,1,MODIS,57,6.03,299.4,9.8,1,0,2018,11,1,812,8,12,4,0,167610,73042,20.30000000000001,0,Low
183237,15.1694,76.6666,327.3,1.0,1.0,2019-02-24,533,0,MODIS,51,6.03,314.5,8.3,1,2,2019,2,24,533,5,33,1,14,36148,10539,12.800000000000011,0,Low
363375,28.6984,80.1469,318.8,1.1,1.0,2021-03-23,805,1,MODIS,59,6.03,304.5,8.4,1,0,2021,3,23,805,8,5,2,7,41741,3895,14.300000000000011,0,Low
488988,29.9533,75.5941,329.2,1.3,1.1,2022-05-10,550,0,MODIS,69,6.03,306.3,13.4,1,0,2022,5,10,550,5,50,2,0,167610,31628,22.899999999999977,0,Medium
735323,31.6264,75.5063,368.5,1.2,1.1,2025-04-27,926,1,MODIS,100,61.03,319.4,112.8,1,0,2025,4,27,926,9,26,2,0,167610,7906,49.10000000000002,1,Extreme
224152,28.8977,79.9205,333.3,1.0,1.0,2019-05-15,530,0,MODIS,67,6.03,314.0,9.8,1,0,2019,5,15,530,5,30,2,7,41741,6465,19.30000000000001,0,Low
91043,9.0336,76.943,315.6,1.0,1.0,2018-02-14,529,0,MODIS,59,6.03,300.2,7.4,1,0,2018,2,14,529,5,29,1,6,13460,3893,15.400000000000034,0,Low
31959,22.09,78.3551,332.2,1.0,1.0,2017-04-07,531,0,MODIS,65,6.2,316.9,14.0,1,0,2017,4,7,531,5,31,2,4,76528,39620,15.300000000000011,0,Medium
128534,23.84,91.7598,315.7,2.0,1.4,2018-04-04,739,1,MODIS,59,6.03,297.5,18.6,1,0,2018,4,4,739,7,39,2,2,57778,10542,18.19999999999999,0,Medium
167202,29.6803,75.5061,316.9,1.0,1.0,2018-11-17,811,1,MODIS,63,6.03,302.1,7.8,1,0,2018,11,17,811,8,11,4,0,167610,73042,14.799999999999956,0,Low
74978,30.4995,75.6838,311.8,1.0,1.0,2017-11-21,818,1,MODIS,63,6.2,298.7,6.3,1,0,2017,11,21,818,8,18,4,0,167610,73042,13.100000000000025,0,Low
377046,23.7494,86.0711,323.8,1.8,1.3,2021-03-31,714,1,MODIS,63,6.03,307.1,14.6,1,0,2021,3,31,714,7,14,2,12,49232,10270,16.69999999999999,0,Medium
521414,20.6836,86.3262,311.8,1.5,1.2,2023-01-19,804,1,MODIS,60,61.03,297.4,9.4,1,0,2023,1,19,804,8,4,1,1,73921,10736,14.400000000000034,0,Low
581,19.5914,75.0336,316.4,1.1,1.1,2017-01-05,814,1,MODIS,45,6.2,305.1,6.3,1,0,2017,1,5,814,8,14,1,3,38436,8477,11.299999999999956,0,Low
492070,29.3078,79.8472,321.7,1.0,1.0,2022-06-05,801,1,MODIS,27,6.03,307.0,7.2,1,0,2022,6,5,801,8,1,3,7,41741,971,14.699999999999989,0,Low
517266,17.4102,76.3957,314.4,1.0,1.0,2022-12-28,1658,0,MODIS,89,6.03,293.0,13.0,0,0,2022,12,28,1658,16,58,1,3,38436,5945,21.399999999999977,0,Medium
155660,30.013,75.7497,315.4,1.2,1.1,2018-10-30,824,1,MODIS,60,6.03,300.4,8.6,1,0,2018,10,30,824,8,24,4,0,167610,39610,15.0,0,Low
564464,19.0877,82.8118,327.4,3.0,1.7,2023-04-18,837,1,MODIS,69,61.03,301.2,65.1,1,0,2023,4,18,837,8,37,2,13,47964,11656,26.19999999999999,0,Extreme
176190,22.5699,76.056,307.1,2.1,1.4,2019-01-15,751,1,MODIS,43,6.03,293.3,11.6,1,0,2019,1,15,751,7,51,1,4,76528,1502,13.800000000000011,0,Medium
592477,31.2482,77.2785,300.4,1.1,1.0,2023-12-11,836,1,MODIS,26,61.03,288.2,4.5,1,0,2023,12,11,836,8,36,1,0,167610,3314,12.199999999999989,0,Low
225165,12.6484,80.1877,327.9,1.1,1.0,2019-05-19,510,0,MODIS,0,6.03,308.3,8.4,1,0,2019,5,19,510,5,10,2,6,13460,485,19.59999999999997,0,Low
239406,30.3288,74.7367,316.2,1.0,1.0,2019-11-04,811,1,MODIS,53,6.03,301.0,7.0,1,0,2019,11,4,811,8,11,4,0,167610,73042,15.199999999999989,0,Low
437930,24.3211,92.7099,305.6,1.6,1.2,2022-01-17,650,1,MODIS,62,6.03,293.5,11.0,1,0,2022,1,17,650,6,50,1,2,57778,527,12.100000000000025,0,Medium
376216,31.7377,76.0905,321.7,1.0,1.0,2021-03-30,812,1,MODIS,69,6.03,309.8,8.5,1,0,2021,3,30,812,8,12,2,0,167610,2014,11.899999999999975,0,Low
76071,30.0157,75.3669,322.7,1.1,1.1,2017-11-23,805,1,MODIS,76,6.2,300.2,17.8,1,0,2017,11,23,805,8,5,4,0,167610,73042,22.5,0,Medium
742473,25.3196,75.9949,326.1,3.0,1.7,2025-05-25,359,0,MODIS,61,61.03,302.3,40.3,1,0,2025,5,25,359,3,59,2,4,76528,7507,23.80000000000001,0,High
610998,23.2471,92.5039,324.3,1.0,1.0,2024-03-09,738,1,MODIS,78,61.03,299.9,18.1,1,0,2024,3,9,738,7,38,2,2,57778,42248,24.400000000000038,0,Medium
731640,30.6216,74.4596,332.4,1.0,1.0,2025-04-24,451,0,MODIS,78,61.03,318.4,12.6,1,0,2025,4,24,451,4,51,2,0,167610,7906,14.0,0,Medium
486282,31.3026,74.6345,333.7,1.0,1.0,2022-05-02,819,1,MODIS,74,6.03,312.7,10.6,1,0,2022,5,2,819,8,19,2,0,167610,31628,21.0,0,Medium
47665,22.0142,78.6117,330.8,1.0,1.0,2017-04-23,532,0,MODIS,42,6.2,316.7,6.3,1,0,2017,4,23,532,5,32,2,4,76528,39620,14.100000000000025,0,Low
472654,23.5551,77.2898,307.1,1.2,1.1,2022-04-13,1707,0,MODIS,70,6.03,293.5,8.6,0,0,2022,4,13,1707,17,7,2,4,76528,39620,13.600000000000025,0,Low
382209,31.8866,76.8544,317.9,1.0,1.0,2021-04-02,2047,1,MODIS,96,6.03,284.3,18.2,0,0,2021,4,2,2047,20,47,2,0,167610,7906,33.599999999999966,0,Medium
665685,21.1364,81.2414,310.3,1.3,1.1,2024-12-10,900,1,MODIS,48,61.03,298.1,6.5,1,0,2024,12,10,900,9,0,1,5,47348,2981,12.199999999999989,0,Low
262179,25.7571,90.1736,322.9,1.3,1.1,2020-03-17,733,1,MODIS,74,6.03,303.0,19.5,1,0,2020,3,17,733,7,33,2,8,33148,19990,19.899999999999977,0,Medium
4826,20.1856,83.064,322.0,1.1,1.0,2017-02-03,744,1,MODIS,68,6.2,309.7,9.3,1,0,2017,2,3,744,7,44,1,1,73921,9366,12.300000000000011,0,Low
603593,17.7922,75.5824,317.6,1.6,1.2,2024-02-11,520,0,MODIS,60,61.03,302.9,10.9,1,0,2024,2,11,520,5,20,1,3,38436,8837,14.700000000000044,0,Medium
363445,23.5144,91.6004,309.9,1.6,1.2,2021-03-23,1549,0,MODIS,78,6.03,294.0,15.8,0,0,2021,3,23,1549,15,49,2,2,57778,42248,15.899999999999975,0,Medium
226841,25.7588,78.7066,336.0,1.1,1.0,2019-05-24,525,0,MODIS,66,6.03,311.4,10.5,1,0,2019,5,24,525,5,25,2,4,76528,7507,24.600000000000023,0,Medium
15147,18.2872,80.2759,339.6,1.0,1.0,2017-03-03,808,1,MODIS,85,6.2,312.6,28.0,1,0,2017,3,3,808,8,8,2,13,47964,18871,27.0,1,Medium
473364,26.8956,82.9267,333.2,1.0,1.0,2022-04-16,502,0,MODIS,77,6.03,316.9,11.0,1,0,2022,4,16,502,5,2,2,7,41741,15320,16.30000000000001,0,Medium
467011,23.5084,84.3181,321.5,1.5,1.2,2022-03-29,516,0,MODIS,36,6.03,309.6,10.8,1,0,2022,3,29,516,5,16,2,12,49232,10270,11.899999999999975,0,Medium
633812,29.1087,79.8046,309.4,1.4,1.2,2024-04-21,2122,1,MODIS,77,61.03,297.0,12.1,0,0,2024,4,21,2122,21,22,2,7,41741,15320,12.399999999999975,0,Medium
578984,30.173,76.4252,314.5,1.2,1.1,2023-10-29,818,1,MODIS,54,61.03,301.7,6.5,1,0,2023,10,29,818,8,18,4,0,167610,39610,12.800000000000011,0,Low
614700,26.1924,93.3794,361.2,1.3,1.1,2024-03-14,748,1,MODIS,94,61.03,299.8,128.3,1,0,2024,3,14,748,7,48,2,11,41370,18499,61.39999999999998,1,Extreme
645935,23.7689,86.389,327.7,1.5,1.2,2024-05-21,826,1,MODIS,53,61.03,303.1,16.5,1,2,2024,5,21,826,8,26,2,12,49232,3184,24.59999999999997,0,Medium
698488,20.9767,85.1373,309.8,1.6,1.2,2025-03-13,1554,0,MODIS,68,61.03,297.9,12.9,0,2,2025,3,13,1554,15,54,2,1,73921,19544,11.900000000000034,0,Medium
243464,29.8293,75.9146,321.3,1.0,1.0,2019-11-11,817,1,MODIS,81,6.03,285.2,17.6,1,0,2019,11,11,817,8,17,4,0,167610,73042,36.10000000000002,0,Medium
650002,29.0919,79.4421,332.8,1.0,1.0,2024-06-19,832,1,MODIS,71,61.03,309.3,11.7,1,0,2024,6,19,832,8,32,3,7,41741,971,23.5,0,Medium
595367,16.696,76.4114,305.4,1.3,1.1,2023-12-25,1628,0,MODIS,64,61.03,289.6,11.1,0,0,2023,12,25,1628,16,28,1,3,38436,5945,15.799999999999956,0,Medium
36677,18.3214,80.0737,337.4,1.2,1.1,2017-04-11,814,1,MODIS,61,6.2,319.6,19.2,1,0,2017,4,11,814,8,14,2,13,47964,11656,17.799999999999955,0,Medium
261239,25.8953,92.1572,335.2,1.6,1.2,2020-03-16,650,1,MODIS,61,6.03,301.0,51.1,1,0,2020,3,16,650,6,50,2,8,33148,19990,34.19999999999999,0,High
645812,20.4241,75.961,331.3,1.0,1.0,2024-05-20,501,0,MODIS,58,61.03,311.7,8.7,1,0,2024,5,20,501,5,1,2,9,27481,1637,19.600000000000023,0,Low
20125,25.5387,90.8506,353.0,1.2,1.1,2017-03-18,727,1,MODIS,97,6.2,300.2,75.4,1,0,2017,3,18,727,7,27,2,8,33148,19990,52.80000000000001,1,Extreme
48435,20.6893,77.5082,337.8,1.3,1.1,2017-04-25,827,1,MODIS,76,6.2,321.8,13.3,1,0,2017,4,25,827,8,27,2,9,27481,3504,16.0,0,Medium
171735,17.1309,76.7817,324.6,1.2,1.1,2018-12-19,808,1,MODIS,74,6.03,304.7,13.3,1,0,2018,12,19,808,8,8,1,9,27481,2370,19.900000000000038,0,Medium
650212,31.5586,76.0141,308.3,1.0,1.0,2024-06-26,1617,0,MODIS,68,61.03,296.5,4.4,0,0,2024,6,26,1617,16,17,3,0,167610,3042,11.800000000000011,0,Low
251854,18.6258,74.8154,330.1,1.2,1.1,2020-01-30,814,1,MODIS,78,6.03,310.2,18.7,1,0,2020,1,30,814,8,14,1,3,38436,8477,19.900000000000038,0,Medium
136385,22.3823,79.8926,353.4,1.0,1.0,2018-04-25,758,1,MODIS,95,6.03,323.3,43.1,1,2,2018,4,25,758,7,58,2,5,47348,16741,30.09999999999997,1,High
523491,21.8979,83.4559,316.3,1.4,1.2,2023-01-30,740,1,MODIS,62,61.03,302.5,11.9,1,0,2023,1,30,740,7,40,1,1,73921,10736,13.800000000000011,0,Medium
143339,29.6434,75.3599,328.9,2.0,1.4,2018-05-13,614,0,MODIS,67,6.03,310.4,20.3,1,0,2018,5,13,614,6,14,2,0,167610,31628,18.5,0,Medium
744366,20.7986,85.2574,314.8,1.0,1.0,2025-09-18,2122,1,MODIS,88,61.03,294.0,10.6,0,2,2025,9,18,2122,21,22,4,1,73921,1202,20.80000000000001,0,Medium
761425,20.9701,85.1793,307.4,1.0,1.0,2025-12-14,2133,1,MODIS,71,61.03,290.9,9.2,0,2,2025,12,14,2133,21,33,1,1,73921,11178,16.5,0,Low
315471,30.0846,75.5847,316.0,1.0,1.0,2020-11-13,817,1,MODIS,66,6.03,298.8,7.9,1,0,2020,11,13,817,8,17,4,0,167610,73042,17.19999999999999,0,Low
295552,31.5967,75.5439,321.3,1.1,1.0,2020-10-14,806,1,MODIS,70,6.03,306.3,9.3,1,0,2020,10,14,806,8,6,4,0,167610,39610,15.0,0,Low
426762,30.9479,75.365,322.5,2.1,1.4,2021-11-12,843,1,MODIS,77,6.03,303.1,35.4,1,0,2021,11,12,843,8,43,4,0,167610,73042,19.399999999999977,0,High
495682,13.0285,76.8887,308.6,1.0,1.0,2022-10-24,830,1,MODIS,52,6.03,293.1,5.2,1,0,2022,10,24,830,8,30,4,14,36148,823,15.5,0,Low
278530,22.9542,75.877,319.7,2.7,1.6,2020-04-13,1640,0,MODIS,99,6.03,291.6,74.0,0,0,2020,4,13,1640,16,40,2,4,76528,39620,28.09999999999997,1,Extreme
354768,24.1826,94.1936,336.3,1.2,1.1,2021-03-15,714,1,MODIS,87,6.03,301.0,39.9,1,0,2021,3,15,714,7,14,2,2,57778,42248,35.30000000000001,1,High
295281,30.4611,80.1717,351.8,1.5,1.2,2020-10-13,547,0,MODIS,97,6.03,295.3,114.8,1,0,2020,10,13,547,5,47,4,7,41741,2163,56.5,1,Extreme
141708,31.699,74.5821,332.4,1.1,1.1,2018-05-10,542,0,MODIS,69,6.03,310.9,11.9,1,0,2018,5,10,542,5,42,2,0,167610,31628,21.5,0,Medium
295999,30.1925,76.4688,321.4,1.9,1.4,2020-10-17,836,1,MODIS,73,6.03,302.9,28.6,1,0,2020,10,17,836,8,36,4,0,167610,39610,18.5,0,Medium
40914,22.2949,79.6367,343.9,1.0,1.0,2017-04-13,803,1,MODIS,85,6.2,329.3,17.4,1,0,2017,4,13,803,8,3,2,5,47348,16741,14.599999999999966,0,Medium
76168,30.2506,75.1373,323.2,1.1,1.1,2017-11-23,805,1,MODIS,77,6.2,302.2,17.6,1,0,2017,11,23,805,8,5,4,0,167610,73042,21.0,0,Medium
362384,29.2009,80.1068,317.0,2.7,1.6,2021-03-22,722,1,MODIS,73,6.03,297.8,43.2,1,0,2021,3,22,722,7,22,2,7,41741,3895,19.19999999999999,0,High
178128,13.9759,77.4759,325.5,1.0,1.0,2019-01-27,813,1,MODIS,71,6.03,307.2,7.8,1,0,2019,1,27,813,8,13,1,14,36148,3490,18.30000000000001,0,Low
335630,28.208,80.5282,329.7,1.1,1.1,2021-02-19,805,1,MODIS,84,6.03,302.5,27.8,1,0,2021,2,19,805,8,5,1,7,41741,3088,27.19999999999999,1,Medium
346256,22.2075,85.9559,327.5,1.0,1.0,2021-03-07,453,0,MODIS,74,6.03,310.3,12.9,1,0,2021,3,7,453,4,53,2,12,49232,10270,17.19999999999999,0,Medium
555590,25.046,93.9938,320.6,3.9,1.8,2023-04-10,756,1,MODIS,72,61.03,301.8,71.3,1,0,2023,4,10,756,7,56,2,11,41370,8105,18.80000000000001,0,Extreme
491799,18.4667,78.9681,330.0,1.2,1.1,2022-06-03,503,0,MODIS,71,6.03,305.5,15.2,1,0,2022,6,3,503,5,3,3,9,27481,203,24.5,0,Medium
153858,29.7181,76.891,311.9,1.3,1.1,2018-10-27,753,1,MODIS,54,6.03,300.0,8.0,1,0,2018,10,27,753,7,53,4,0,167610,39610,11.899999999999975,0,Low
141669,31.8375,75.4031,333.9,1.1,1.0,2018-05-10,542,0,MODIS,75,6.03,316.8,11.9,1,0,2018,5,10,542,5,42,2,0,167610,31628,17.099999999999966,0,Medium
574926,18.5474,74.5202,305.5,1.1,1.0,2023-08-08,1701,0,MODIS,64,61.03,284.8,7.9,0,0,2023,8,8,1701,17,1,3,3,38436,39,20.69999999999999,0,Low
409259,31.475,74.8117,313.9,1.7,1.3,2021-10-19,753,1,MODIS,58,6.03,301.4,10.1,1,0,2021,10,19,753,7,53,4,0,167610,39610,12.5,0,Medium
651906,28.9128,79.7337,323.3,1.1,1.0,2024-10-14,849,1,MODIS,77,61.03,302.7,15.6,1,0,2024,10,14,849,8,49,4,7,41741,2163,20.600000000000023,0,Medium
251328,14.1695,75.7498,304.2,1.0,1.0,2020-01-25,1720,0,MODIS,59,6.03,292.1,6.2,0,0,2020,1,25,1720,17,20,1,14,36148,3490,12.099999999999966,0,Low
113159,30.1706,77.8356,318.9,1.8,1.3,2018-03-19,742,1,MODIS,68,6.03,306.5,18.4,1,0,2018,3,19,742,7,42,2,0,167610,2014,12.399999999999975,0,Medium
391185,22.9962,77.5471,305.2,1.0,1.0,2021-04-11,2043,1,MODIS,63,6.03,292.6,6.1,0,0,2021,4,11,2043,20,43,2,4,76528,39620,12.599999999999966,0,Low
1518,19.2182,73.4875,317.8,1.1,1.1,2017-01-13,557,0,MODIS,69,6.2,305.2,10.2,1,0,2017,1,13,557,5,57,1,3,38436,8477,12.600000000000025,0,Medium
263300,25.4439,94.4544,320.4,1.5,1.2,2020-03-19,721,1,MODIS,75,6.03,300.8,21.3,1,0,2020,3,19,721,7,21,2,11,41370,18499,19.59999999999997,0,Medium
200051,25.0361,94.6666,326.5,1.2,1.1,2019-03-30,650,1,MODIS,79,6.03,300.1,21.7,1,0,2019,3,30,650,6,50,2,11,41370,18499,26.399999999999977,0,Medium
628748,17.9794,73.2845,326.0,1.2,1.1,2024-04-11,457,0,MODIS,42,61.03,308.6,10.7,1,0,2024,4,11,457,4,57,2,3,38436,3037,17.399999999999977,0,Medium
631456,25.0676,85.354,328.3,1.0,1.0,2024-04-17,810,1,MODIS,61,61.03,314.6,8.0,1,0,2024,4,17,810,8,10,2,12,49232,12010,13.699999999999989,0,Low
497137,29.7759,76.1614,318.1,1.1,1.0,2022-10-28,808,1,MODIS,63,6.03,302.1,8.9,1,2,2022,10,28,808,8,8,4,0,167610,39610,16.0,0,Low
393115,25.3416,83.4739,368.8,1.5,1.2,2021-04-14,727,1,MODIS,100,6.03,319.1,169.5,1,0,2021,4,14,727,7,27,2,12,49232,12010,49.69999999999999,1,Extreme
645069,30.6572,74.3914,333.5,1.1,1.0,2024-05-18,516,0,MODIS,71,61.03,317.3,10.5,1,0,2024,5,18,516,5,16,2,0,167610,31628,16.19999999999999,0,Medium
173297,21.7527,82.6695,312.8,1.0,1.0,2018-12-30,751,1,MODIS,63,6.03,299.0,6.6,1,0,2018,12,30,751,7,51,1,1,73921,11178,13.800000000000011,0,Low
592589,22.6562,87.4956,309.0,1.5,1.2,2023-12-12,737,1,MODIS,63,61.03,298.0,9.6,1,0,2023,12,12,737,7,37,1,12,49232,8420,11.0,0,Low
528679,22.4852,75.9972,323.6,1.0,1.0,2023-02-14,828,1,MODIS,68,61.03,311.1,8.8,1,0,2023,2,14,828,8,28,1,4,76528,2331,12.5,0,Low
740698,30.649,75.4836,350.4,1.4,1.2,2025-05-14,900,1,MODIS,94,61.03,307.9,75.8,1,0,2025,5,14,900,9,0,2,0,167610,31628,42.5,1,Extreme
143544,18.5338,77.7358,340.3,1.1,1.1,2018-05-14,521,0,MODIS,80,6.03,313.7,17.8,1,0,2018,5,14,521,5,21,2,9,27481,1637,26.600000000000023,0,Medium
739309,31.8981,74.8631,331.6,1.1,1.1,2025-05-11,434,0,MODIS,78,61.03,306.5,18.7,1,0,2025,5,11,434,4,34,2,0,167610,31628,25.100000000000023,0,Medium
185002,23.6773,86.396,301.2,1.0,1.0,2019-03-03,1633,0,MODIS,38,6.03,289.0,5.2,0,2,2019,3,3,1633,16,33,2,12,49232,10270,12.199999999999989,0,Low
192749,19.2813,76.1741,308.9,1.0,1.0,2019-03-20,1715,0,MODIS,73,6.03,293.1,7.8,0,0,2019,3,20,1715,17,15,2,9,27481,7575,15.799999999999956,0,Low
4210,12.919,75.6339,317.5,1.6,1.2,2017-01-30,807,1,MODIS,21,6.2,299.2,16.7,1,0,2017,1,30,807,8,7,1,6,13460,1313,18.30000000000001,0,Medium
754321,23.3761,80.0881,310.9,1.0,1.0,2025-11-21,927,1,MODIS,33,61.03,299.4,4.7,1,0,2025,11,21,927,9,27,4,5,47348,5930,11.5,0,Low
18143,19.2933,83.6631,322.2,1.0,1.0,2017-03-14,750,1,MODIS,42,6.2,305.3,10.2,1,0,2017,3,14,750,7,50,2,1,73921,19544,16.899999999999977,0,Medium
331404,18.6686,76.1707,302.6,1.0,1.0,2021-02-05,1714,0,MODIS,50,6.03,288.4,6.0,0,2,2021,2,5,1714,17,14,1,9,27481,5254,14.200000000000044,0,Low
631047,23.8064,74.3669,353.3,1.3,1.1,2024-04-16,907,1,MODIS,95,61.03,318.4,63.0,1,0,2024,4,16,907,9,7,2,10,21095,4258,34.900000000000034,1,Extreme
150789,30.744,74.7338,312.6,1.1,1.0,2018-10-14,824,1,MODIS,49,6.03,300.6,5.2,1,0,2018,10,14,824,8,24,4,0,167610,39610,12.0,0,Low
101087,11.9105,79.5561,320.4,1.4,1.2,2018-03-06,504,0,MODIS,41,6.03,305.3,10.7,1,0,2018,3,6,504,5,4,2,6,13460,3928,15.099999999999966,0,Medium
760062,20.8511,81.9735,329.7,1.3,1.1,2025-12-11,909,1,MODIS,84,61.03,299.5,34.8,1,0,2025,12,11,909,9,9,1,1,73921,11178,30.19999999999999,1,High
572720,20.8054,81.8765,330.6,1.0,1.0,2023-05-27,1625,0,MODIS,100,61.03,293.6,27.6,0,0,2023,5,27,1625,16,25,2,1,73921,4396,37.0,1,Medium
731702,23.4248,74.3268,331.3,1.2,1.1,2025-04-24,452,0,MODIS,66,61.03,318.2,12.1,1,0,2025,4,24,452,4,52,2,10,21095,4258,13.100000000000025,0,Medium
21095,19.1181,79.9248,326.7,1.1,1.0,2017-03-21,757,1,MODIS,59,6.2,313.6,8.5,1,0,2017,3,21,757,7,57,2,13,47964,18871,13.099999999999966,0,Low
116667,25.5182,93.5757,327.9,1.1,1.1,2018-03-23,715,1,MODIS,82,6.03,298.2,23.8,1,0,2018,3,23,715,7,15,2,11,41370,18499,29.69999999999999,1,Medium
275895,26.2971,93.0985,327.7,1.1,1.1,2020-04-08,657,1,MODIS,79,6.03,305.2,17.2,1,0,2020,4,8,657,6,57,2,11,41370,8105,22.5,0,Medium
16562,22.0235,86.8945,327.7,1.2,1.1,2017-03-07,745,1,MODIS,56,6.2,306.7,14.7,1,0,2017,3,7,745,7,45,2,12,49232,10270,21.0,0,Medium
529337,12.8568,77.7524,324.6,1.3,1.2,2023-02-16,812,1,MODIS,70,61.03,311.1,15.0,1,0,2023,2,16,812,8,12,1,6,13460,3893,13.5,0,Medium
45303,11.0765,78.0879,329.7,1.1,1.0,2017-04-18,516,0,MODIS,0,6.2,308.1,13.3,1,0,2017,4,18,516,5,16,2,6,13460,1606,21.59999999999997,0,Medium
10781,13.3792,79.533,329.2,1.1,1.1,2017-02-24,801,1,MODIS,69,6.2,312.4,14.5,1,0,2017,2,24,801,8,1,1,14,36148,10539,16.80000000000001,0,Medium
263701,26.0054,93.9986,318.3,1.9,1.3,2020-03-20,454,0,MODIS,77,6.03,284.2,38.2,1,0,2020,3,20,454,4,54,2,11,41370,18499,34.10000000000002,0,High
399805,25.8875,78.6042,341.7,2.4,1.5,2021-04-27,835,1,MODIS,82,6.03,320.6,70.9,1,0,2021,4,27,835,8,35,2,4,76528,39620,21.09999999999997,1,Extreme
623561,20.7913,85.2582,322.9,1.0,1.0,2024-04-03,426,0,MODIS,68,61.03,306.5,10.4,1,2,2024,4,3,426,4,26,2,1,73921,9197,16.399999999999977,0,Medium
684261,12.2296,77.7062,332.5,1.6,1.2,2025-02-21,930,1,MODIS,80,61.03,307.2,33.0,1,0,2025,2,21,930,9,30,1,6,13460,3893,25.30000000000001,0,High
444581,31.898,75.535,300.6,1.0,1.0,2022-02-28,545,0,MODIS,40,6.03,288.8,3.0,1,0,2022,2,28,545,5,45,1,0,167610,2711,11.800000000000011,0,Low
332554,22.0754,86.8616,317.5,1.1,1.0,2021-02-09,726,1,MODIS,60,6.03,306.2,7.2,1,0,2021,2,9,726,7,26,1,12,49232,3888,11.300000000000011,0,Low
6636,24.2199,93.241,306.2,1.2,1.1,2017-02-11,656,1,MODIS,39,6.2,292.6,6.0,1,0,2017,2,11,656,6,56,1,2,57778,3915,13.599999999999966,0,Low
640284,30.3087,78.4963,304.1,1.7,1.3,2024-05-04,1638,0,MODIS,52,61.03,293.6,9.3,0,0,2024,5,4,1638,16,38,2,0,167610,31628,10.5,0,Low
85467,19.6651,74.986,305.8,1.4,1.2,2018-01-17,1734,0,MODIS,66,6.03,288.1,13.3,0,0,2018,1,17,1734,17,34,1,3,38436,8477,17.69999999999999,0,Medium
144449,30.9919,75.6079,336.3,1.2,1.1,2018-05-19,537,0,MODIS,74,6.03,315.0,19.5,1,0,2018,5,19,537,5,37,2,0,167610,31628,21.30000000000001,0,Medium
543821,18.7545,80.3597,333.5,1.1,1.0,2023-03-11,805,1,MODIS,81,61.03,310.2,20.2,1,0,2023,3,11,805,8,5,2,13,47964,18871,23.30000000000001,1,Medium
704910,23.8751,74.6237,325.3,1.0,1.0,2025-03-20,443,0,MODIS,72,61.03,309.9,10.5,1,0,2025,3,20,443,4,43,2,4,76528,13167,15.400000000000034,0,Medium
771340,24.1382,82.6346,302.4,1.3,1.1,2026-01-24,332,0,MODIS,49,61.03,291.2,5.1,1,2,2026,1,24,332,3,32,1,5,47348,1762,11.199999999999989,0,Low
291165,16.226,80.8476,333.4,1.2,1.1,2020-05-21,814,1,MODIS,65,6.03,306.9,15.9,1,0,2020,5,21,814,8,14,2,13,47964,4838,26.5,0,Medium
467095,23.1899,79.4188,328.1,1.0,1.0,2022-03-29,516,0,MODIS,47,6.03,315.3,8.4,1,0,2022,3,29,516,5,16,2,5,47348,12422,12.800000000000011,0,Low
192842,10.2537,77.5793,317.6,1.0,1.0,2019-03-21,529,0,MODIS,56,6.03,303.0,9.9,1,0,2019,3,21,529,5,29,2,6,13460,3928,14.600000000000025,0,Low
545403,20.6534,86.6488,333.7,1.0,1.0,2023-03-13,752,1,MODIS,80,61.03,310.3,20.3,1,0,2023,3,13,752,7,52,2,1,73921,19544,23.399999999999977,0,Medium
187149,25.2531,93.2355,367.8,1.0,1.0,2019-03-12,702,1,MODIS,100,6.03,298.7,107.0,1,0,2019,3,12,702,7,2,2,11,41370,18499,69.10000000000002,1,Extreme
228675,30.3086,78.2997,333.2,1.1,1.0,2019-05-31,530,0,MODIS,78,6.03,311.6,20.0,1,0,2019,5,31,530,5,30,2,0,167610,31628,21.59999999999997,0,Medium
417475,30.8128,75.7456,312.2,1.8,1.3,2021-11-05,836,1,MODIS,51,6.03,299.5,9.7,1,0,2021,11,5,836,8,36,4,0,167610,73042,12.699999999999989,0,Low
474543,19.7212,83.8362,343.3,1.4,1.2,2022-04-18,805,1,MODIS,88,6.03,311.4,50.9,1,0,2022,4,18,805,8,5,2,1,73921,9197,31.900000000000038,1,High
684349,25.9683,77.196,322.6,2.3,1.5,2025-02-21,934,1,MODIS,58,61.03,301.3,39.2,1,0,2025,2,21,934,9,34,1,4,76528,2331,21.30000000000001,0,High
323046,21.7209,84.0489,314.4,1.1,1.0,2020-12-21,738,1,MODIS,68,6.03,300.6,8.1,1,0,2020,12,21,738,7,38,1,1,73921,11178,13.799999999999956,0,Low
736621,21.1116,72.6452,316.9,1.2,1.1,2025-04-30,2150,1,MODIS,93,61.03,299.7,14.3,0,2,2025,4,30,2150,21,50,2,10,21095,4258,17.19999999999999,0,Medium
518016,21.6417,82.636,324.0,2.0,1.4,2023-01-01,824,1,MODIS,79,61.03,300.5,39.8,1,0,2023,1,1,824,8,24,1,1,73921,10736,23.5,0,High
329011,26.8719,95.5106,306.0,1.1,1.0,2021-01-28,702,1,MODIS,53,6.03,293.7,7.3,1,0,2021,1,28,702,7,2,1,11,41370,4936,12.300000000000011,0,Low
76776,20.9572,85.1688,309.8,1.9,1.4,2017-11-26,526,0,MODIS,50,6.2,298.8,12.0,1,2,2017,11,26,526,5,26,4,1,73921,2885,11.0,0,Medium
529146,22.5488,86.0295,320.3,1.3,1.1,2023-02-15,732,1,MODIS,69,61.03,306.4,14.5,1,0,2023,2,15,732,7,32,1,12,49232,3888,13.900000000000034,0,Medium
510456,25.4338,85.0963,312.4,1.1,1.0,2022-11-22,752,1,MODIS,55,6.03,300.4,5.0,1,0,2022,11,22,752,7,52,4,12,49232,3375,12.0,0,Low
398582,30.6686,74.4589,334.9,2.0,1.4,2021-04-26,617,0,MODIS,80,6.03,315.2,37.3,1,0,2021,4,26,617,6,17,2,0,167610,7906,19.69999999999999,0,High
463677,19.2897,80.1976,325.2,1.0,1.0,2022-03-26,801,1,MODIS,46,6.03,304.7,7.7,1,0,2022,3,26,801,8,1,2,13,47964,18871,20.5,0,Low
399572,22.5152,93.096,319.7,1.3,1.1,2021-04-27,655,1,MODIS,59,6.03,301.0,13.0,1,0,2021,4,27,655,6,55,2,2,57778,10542,18.69999999999999,0,Medium
500547,30.4974,74.7477,314.6,1.0,1.0,2022-11-02,825,1,MODIS,54,6.03,298.8,6.4,1,0,2022,11,2,825,8,25,4,0,167610,73042,15.800000000000011,0,Low
282282,24.7007,80.7324,329.7,1.1,1.0,2020-04-21,804,1,MODIS,49,6.03,309.3,8.1,1,0,2020,4,21,804,8,4,2,5,47348,16741,20.399999999999977,0,Low
146788,32.5794,76.0285,323.4,1.0,1.0,2018-05-26,542,0,MODIS,51,6.03,305.8,11.5,1,0,2018,5,26,542,5,42,2,0,167610,31628,17.599999999999966,0,Medium
146988,30.5026,78.6998,316.0,4.0,1.9,2018-05-26,717,1,MODIS,49,6.03,300.8,64.4,1,0,2018,5,26,717,7,17,2,0,167610,31628,15.199999999999989,0,Extreme
163322,21.1079,72.6361,315.1,1.3,1.1,2018-11-08,1741,0,MODIS,91,6.03,297.2,19.6,0,2,2018,11,8,1741,17,41,4,10,21095,1837,17.900000000000034,0,Medium
147099,30.1105,78.7376,305.7,1.2,1.1,2018-05-26,1643,0,MODIS,65,6.03,293.0,8.5,0,0,2018,5,26,1643,16,43,2,7,41741,6465,12.699999999999989,0,Low
649348,30.7477,78.2533,302.4,2.4,1.5,2024-06-13,1544,0,MODIS,46,61.03,290.6,14.4,0,0,2024,6,13,1544,15,44,3,0,167610,3042,11.799999999999956,0,Medium
12551,23.8954,92.848,313.3,1.3,1.1,2017-02-27,656,1,MODIS,66,6.2,299.5,11.2,1,0,2017,2,27,656,6,56,1,2,57778,3915,13.800000000000011,0,Medium
374981,22.62,77.6993,356.9,1.0,1.0,2021-03-30,809,1,MODIS,94,6.03,319.0,49.8,1,0,2021,3,30,809,8,9,2,4,76528,13167,37.89999999999998,1,High
734270,25.6409,79.4424,329.1,1.1,1.1,2025-04-26,433,0,MODIS,63,61.03,317.0,11.2,1,0,2025,4,26,433,4,33,2,5,47348,16741,12.100000000000025,0,Medium
514167,30.4093,75.9475,303.9,1.1,1.1,2022-12-15,518,0,MODIS,57,6.03,290.2,6.0,1,0,2022,12,15,518,5,18,1,0,167610,3314,13.699999999999989,0,Low
63003,30.6955,75.9269,325.6,1.1,1.0,2017-10-22,805,1,MODIS,79,6.2,300.9,18.8,1,0,2017,10,22,805,8,5,4,0,167610,39610,24.700000000000045,0,Medium
714524,24.7398,86.0391,325.0,1.0,1.0,2025-03-29,832,1,MODIS,19,61.03,314.0,5.5,1,0,2025,3,29,832,8,32,2,12,49232,10270,11.0,0,Low
488522,27.684,80.1566,326.2,1.5,1.2,2022-05-08,740,1,MODIS,60,6.03,306.5,14.0,1,0,2022,5,8,740,7,40,2,7,41741,6465,19.69999999999999,0,Medium
1084,20.9569,85.1701,319.1,1.1,1.1,2017-01-09,750,1,MODIS,62,6.2,304.5,9.6,1,2,2017,1,9,750,7,50,1,1,73921,10736,14.600000000000025,0,Low
222031,28.8449,79.6622,338.1,1.9,1.3,2019-05-11,554,0,MODIS,85,6.03,310.7,56.5,1,0,2019,5,11,554,5,54,2,7,41741,6465,27.400000000000038,1,High
478439,26.9666,83.1472,342.6,1.5,1.2,2022-04-24,730,1,MODIS,87,6.03,316.4,47.1,1,0,2022,4,24,730,7,30,2,7,41741,15320,26.200000000000045,1,High
529462,15.2485,78.7055,328.4,1.1,1.1,2023-02-16,812,1,MODIS,56,61.03,310.8,15.4,1,0,2023,2,16,812,8,12,1,14,36148,10539,17.599999999999966,0,Medium
230744,22.7927,86.2152,309.3,1.4,1.2,2019-07-20,1614,0,MODIS,69,6.03,294.0,8.2,0,2,2019,7,20,1614,16,14,3,12,49232,603,15.300000000000011,0,Low
417559,30.092,75.5824,345.2,1.7,1.3,2021-11-05,836,1,MODIS,86,6.03,300.1,91.0,1,0,2021,11,5,836,8,36,4,0,167610,73042,45.099999999999966,1,Extreme
226518,30.0973,74.2297,331.8,1.4,1.2,2019-05-22,536,0,MODIS,50,6.03,308.1,19.1,1,0,2019,5,22,536,5,36,2,0,167610,31628,23.69999999999999,0,Medium
148910,23.682,86.0934,305.2,1.0,1.0,2018-06-29,1629,0,MODIS,60,6.03,292.3,3.8,0,2,2018,6,29,1629,16,29,3,12,49232,1005,12.899999999999975,0,Low
763628,18.2962,75.4415,300.9,1.1,1.0,2025-12-22,1546,0,MODIS,35,61.03,289.3,6.0,0,0,2025,12,22,1546,15,46,1,3,38436,5945,11.599999999999966,0,Low
53896,31.8517,74.7997,334.1,1.3,1.1,2017-05-08,800,1,MODIS,72,6.2,316.0,14.5,1,0,2017,5,8,800,8,0,2,0,167610,31628,18.100000000000023,0,Medium
395208,22.2722,93.0861,320.8,1.0,1.0,2021-04-19,434,0,MODIS,54,6.03,299.3,10.5,1,0,2021,4,19,434,4,34,2,2,57778,10542,21.5,0,Medium
53849,32.1028,75.2914,334.6,1.2,1.1,2017-05-08,800,1,MODIS,77,6.2,317.4,12.9,1,0,2017,5,8,800,8,0,2,0,167610,31628,17.200000000000045,0,Medium
674826,17.4078,75.7357,330.5,1.1,1.0,2025-01-23,1614,0,MODIS,100,61.03,291.3,31.6,0,0,2025,1,23,1614,16,14,1,3,38436,8477,39.19999999999999,1,High
334920,23.6328,92.621,307.9,1.8,1.3,2021-02-16,732,1,MODIS,44,6.03,296.1,10.9,1,0,2021,2,16,732,7,32,1,2,57778,3915,11.799999999999956,0,Medium
426024,30.1349,74.5315,310.9,1.6,1.3,2021-11-12,524,0,MODIS,53,6.03,299.5,9.1,1,0,2021,11,12,524,5,24,4,0,167610,73042,11.399999999999975,0,Low
146190,29.8919,79.2766,302.1,1.0,1.0,2018-05-24,1655,0,MODIS,42,6.03,291.2,4.1,0,0,2018,5,24,1655,16,55,2,7,41741,6465,10.900000000000034,0,Low
689027,14.0191,78.4116,322.6,1.5,1.2,2025-03-05,441,0,MODIS,52,61.03,302.7,17.5,1,0,2025,3,5,441,4,41,2,14,36148,12659,19.900000000000038,0,Medium
280185,18.9147,83.3749,320.7,1.1,1.0,2020-04-16,744,1,MODIS,52,6.03,303.4,8.2,1,0,2020,4,16,744,7,44,2,1,73921,9197,17.30000000000001,0,Low
683608,24.2493,92.8086,312.2,1.2,1.1,2025-02-19,815,1,MODIS,64,61.03,297.3,9.6,1,0,2025,2,19,815,8,15,1,2,57778,3915,14.899999999999975,0,Low
263906,29.7006,78.0275,307.6,1.0,1.0,2020-03-21,536,0,MODIS,54,6.03,293.4,3.9,1,0,2020,3,21,536,5,36,2,0,167610,2014,14.200000000000044,0,Low
405122,30.9654,74.6972,333.7,1.1,1.0,2021-05-15,824,1,MODIS,78,6.03,314.1,11.4,1,0,2021,5,15,824,8,24,2,0,167610,31628,19.59999999999997,0,Medium
728499,23.4978,77.168,333.7,1.1,1.0,2025-04-19,906,1,MODIS,65,61.03,318.8,8.9,1,0,2025,4,19,906,9,6,2,4,76528,39620,14.899999999999975,0,Low
713918,23.5887,91.7797,319.9,1.6,1.2,2025-03-29,832,1,MODIS,59,61.03,305.7,12.9,1,0,2025,3,29,832,8,32,2,2,57778,42248,14.199999999999989,0,Medium
756315,16.5457,76.4902,312.7,1.3,1.1,2025-11-27,959,1,MODIS,46,61.03,298.9,8.9,1,0,2025,11,27,959,9,59,4,3,38436,2420,13.800000000000011,0,Low
67106,30.1045,76.1272,318.6,1.0,1.0,2017-10-29,811,1,MODIS,69,6.2,300.1,9.1,1,0,2017,10,29,811,8,11,4,0,167610,39610,18.5,0,Low
474350,26.8452,82.8906,333.7,1.3,1.1,2022-04-18,450,0,MODIS,79,6.03,312.3,21.9,1,0,2022,4,18,450,4,50,2,7,41741,15320,21.399999999999977,0,Medium
847,20.7637,81.1936,315.2,1.0,1.0,2017-01-07,802,1,MODIS,61,6.2,303.8,6.7,1,0,2017,1,7,802,8,2,1,13,47964,1969,11.399999999999975,0,Low
217570,29.7163,75.9948,350.6,1.1,1.0,2019-05-05,805,1,MODIS,93,6.03,317.0,45.1,1,0,2019,5,5,805,8,5,2,0,167610,31628,33.60000000000002,1,High
690287,25.3538,94.0,313.5,1.3,1.1,2025-03-06,815,1,MODIS,67,61.03,297.8,10.8,1,0,2025,3,6,815,8,15,2,11,41370,18499,15.699999999999989,0,Medium
425584,30.8177,74.6208,321.0,1.4,1.2,2021-11-11,800,1,MODIS,55,6.03,300.1,17.2,1,0,2021,11,11,800,8,0,4,0,167610,73042,20.899999999999977,0,Medium
702995,25.7732,92.1992,314.3,1.3,1.1,2025-03-18,755,1,MODIS,8,61.03,300.0,7.0,1,0,2025,3,18,755,7,55,2,8,33148,19990,14.300000000000011,0,Low
54348,30.9364,76.1573,336.3,2.0,1.4,2017-05-10,612,0,MODIS,85,6.2,304.3,64.8,1,0,2017,5,10,612,6,12,2,0,167610,31628,32.0,1,Extreme
203593,19.3088,81.2153,357.8,1.1,1.1,2019-04-06,526,0,MODIS,98,6.03,308.8,80.8,1,0,2019,4,6,526,5,26,2,13,47964,11656,49.0,1,Extreme
84583,22.8437,79.3467,309.5,1.0,1.0,2018-01-13,525,0,MODIS,58,6.03,296.6,5.2,1,0,2018,1,13,525,5,25,1,5,47348,1762,12.899999999999975,0,Low
761814,22.7528,86.9478,317.7,1.0,1.0,2025-12-16,904,1,MODIS,75,61.03,298.0,12.3,1,0,2025,12,16,904,9,4,1,12,49232,8420,19.69999999999999,0,Medium
760279,25.3474,80.6948,307.8,1.3,1.1,2025-12-11,910,1,MODIS,57,61.03,296.8,7.0,1,0,2025,12,11,910,9,10,1,5,47348,2981,11.0,0,Low
61448,29.8716,75.3418,314.6,1.2,1.1,2017-10-19,600,0,MODIS,48,6.2,304.4,7.3,1,0,2017,10,19,600,6,0,4,0,167610,39610,10.200000000000044,0,Low
259838,24.8132,93.2321,333.7,1.0,1.0,2020-03-14,702,1,MODIS,86,6.03,298.7,27.9,1,0,2020,3,14,702,7,2,2,2,57778,42248,35.0,1,Medium
554419,24.1175,91.9292,315.0,1.1,1.1,2023-04-09,714,1,MODIS,53,61.03,302.7,5.7,1,0,2023,4,9,714,7,14,2,2,57778,10542,12.300000000000011,0,Low
76316,23.6782,86.0963,312.2,2.3,1.5,2017-11-24,708,1,MODIS,49,6.2,298.9,22.5,1,2,2017,11,24,708,7,8,4,12,49232,3375,13.300000000000011,0,Medium
347995,24.3296,81.2851,342.7,1.1,1.0,2021-03-07,804,1,MODIS,88,6.03,313.3,34.9,1,0,2021,3,7,804,8,4,2,5,47348,12422,29.399999999999977,1,High
441598,21.3789,76.9647,319.0,3.4,1.7,2022-02-14,852,1,MODIS,46,6.03,301.7,46.2,1,0,2022,2,14,852,8,52,1,9,27481,5254,17.30000000000001,0,High
67072,30.242,75.7406,323.4,1.0,1.0,2017-10-29,811,1,MODIS,58,6.2,300.8,12.5,1,0,2017,10,29,811,8,11,4,0,167610,39610,22.59999999999997,0,Medium
76847,19.0922,73.0755,323.6,1.0,1.0,2017-11-26,833,1,MODIS,73,6.2,302.9,13.5,1,0,2017,11,26,833,8,33,4,3,38436,2420,20.700000000000045,0,Medium
499152,30.0805,75.7315,338.5,1.5,1.2,2022-10-31,838,1,MODIS,88,6.03,302.7,56.8,1,0,2022,10,31,838,8,38,4,0,167610,39610,35.80000000000001,1,High
537952,13.8307,76.6031,323.3,1.7,1.3,2023-03-04,530,0,MODIS,72,61.03,308.7,20.8,1,0,2023,3,4,530,5,30,2,14,36148,12659,14.600000000000025,0,Medium
223731,28.3628,80.2534,325.5,3.5,1.8,2019-05-13,716,1,MODIS,71,6.03,306.3,55.6,1,0,2019,5,13,716,7,16,2,7,41741,6465,19.19999999999999,0,High
245290,23.5602,87.2356,311.2,1.1,1.0,2019-11-22,448,0,MODIS,47,6.03,298.2,6.5,1,2,2019,11,22,448,4,48,4,12,49232,3375,13.0,0,Low
269906,25.9777,93.4753,329.4,1.0,1.0,2020-03-30,703,1,MODIS,79,6.03,308.3,16.0,1,0,2020,3,30,703,7,3,2,11,41370,18499,21.09999999999997,0,Medium
36540,25.7393,90.9178,319.8,3.2,1.7,2017-04-11,638,1,MODIS,54,6.2,299.0,53.0,1,0,2017,4,11,638,6,38,2,8,33148,7372,20.80000000000001,0,High
428770,31.1217,75.3665,320.1,1.4,1.2,2021-11-14,830,1,MODIS,75,6.03,302.3,16.5,1,0,2021,11,14,830,8,30,4,0,167610,73042,17.80000000000001,0,Medium
183766,11.7197,76.5412,307.0,1.5,1.2,2019-02-24,2052,1,MODIS,12,6.03,292.1,11.4,0,0,2019,2,24,2052,20,52,1,6,13460,3893,14.899999999999975,0,Medium
402605,27.3787,70.4276,336.6,1.6,1.2,2021-05-03,624,0,MODIS,73,6.03,313.9,26.5,1,0,2021,5,3,624,6,24,2,10,21095,1118,22.700000000000045,0,Medium
124167,22.0808,78.4671,333.5,1.1,1.0,2018-03-29,816,1,MODIS,51,6.03,320.9,10.1,1,0,2018,3,29,816,8,16,2,4,76528,13167,12.600000000000025,0,Medium
67581,30.0433,75.9317,316.4,3.7,1.8,2017-10-30,854,1,MODIS,36,6.2,298.1,43.6,1,0,2017,10,30,854,8,54,4,0,167610,39610,18.299999999999955,0,High
328034,19.0674,82.1094,316.9,1.0,1.0,2021-01-23,513,0,MODIS,68,6.03,304.7,5.9,1,0,2021,1,23,513,5,13,1,13,47964,1969,12.199999999999989,0,Low
493142,23.6809,86.3961,319.2,1.0,1.0,2022-07-07,448,0,MODIS,0,6.03,294.8,10.3,1,2,2022,7,7,448,4,48,3,12,49232,603,24.399999999999977,0,Medium
503693,30.2425,74.7535,318.3,1.5,1.2,2022-11-07,842,1,MODIS,69,6.03,297.5,17.7,1,0,2022,11,7,842,8,42,4,0,167610,73042,20.80000000000001,0,Medium
657475,18.3771,77.8269,315.3,2.2,1.4,2024-11-11,925,1,MODIS,49,61.03,300.9,17.5,1,0,2024,11,11,925,9,25,4,9,27481,2693,14.400000000000034,0,Medium
768563,23.1581,82.333,308.1,1.3,1.1,2026-01-14,937,1,MODIS,56,61.03,296.4,7.6,1,2,2026,1,14,937,9,37,1,5,47348,1762,11.700000000000044,0,Low
209873,24.6666,77.0934,328.9,4.2,1.9,2019-04-21,620,0,MODIS,60,6.03,310.0,79.4,1,0,2019,4,21,620,6,20,2,4,76528,39620,18.899999999999977,0,Extreme
136235,24.4051,83.2808,335.2,1.2,1.1,2018-04-25,758,1,MODIS,70,6.03,320.6,11.5,1,0,2018,4,25,758,7,58,2,12,49232,12010,14.599999999999966,0,Medium
195228,18.9723,83.2084,376.6,1.5,1.2,2019-03-25,809,1,MODIS,100,6.03,309.1,226.8,1,0,2019,3,25,809,8,9,2,1,73921,19544,67.5,1,Extreme
219727,24.5135,78.6448,343.5,1.0,1.0,2019-05-08,525,0,MODIS,85,6.03,318.0,26.0,1,0,2019,5,8,525,5,25,2,4,76528,7507,25.5,1,Medium
571677,19.3849,80.9662,328.2,1.2,1.1,2023-05-18,824,1,MODIS,64,61.03,306.1,15.8,1,0,2023,5,18,824,8,24,2,13,47964,4838,22.09999999999997,0,Medium
334798,21.206,76.6745,301.3,1.0,1.0,2021-02-15,2037,1,MODIS,36,6.03,291.3,3.9,0,0,2021,2,15,2037,20,37,1,9,27481,5254,10.0,0,Low
511851,25.382,83.4559,314.8,1.0,1.0,2022-11-29,756,1,MODIS,65,6.03,299.0,8.0,1,0,2022,11,29,756,7,56,4,12,49232,3375,15.800000000000011,0,Low
573956,29.7695,79.2688,331.2,1.0,1.0,2023-06-10,811,1,MODIS,79,61.03,311.6,13.1,1,0,2023,6,10,811,8,11,3,7,41741,971,19.59999999999997,0,Medium
588304,32.2127,75.3411,310.1,1.2,1.1,2023-11-17,822,1,MODIS,58,61.03,298.0,6.6,1,0,2023,11,17,822,8,22,4,0,167610,73042,12.100000000000025,0,Low
71796,25.4529,79.7047,337.1,1.1,1.1,2017-11-09,751,1,MODIS,86,6.2,307.7,31.3,1,0,2017,11,9,751,7,51,4,5,47348,5930,29.400000000000038,1,High
441552,26.1985,91.9732,311.1,1.0,1.0,2022-02-14,715,1,MODIS,59,6.03,300.3,5.9,1,0,2022,2,14,715,7,15,1,8,33148,2829,10.800000000000011,0,Low
455528,25.5573,91.0018,321.3,1.1,1.1,2022-03-16,726,1,MODIS,70,6.03,303.7,13.5,1,0,2022,3,16,726,7,26,2,8,33148,19990,17.600000000000023,0,Medium
328787,31.0679,77.8587,315.7,1.0,1.0,2021-01-27,759,1,MODIS,49,6.03,295.5,12.7,1,0,2021,1,27,759,7,59,1,0,167610,2724,20.19999999999999,0,Medium
182383,15.98,75.4103,304.8,1.3,1.1,2019-02-21,1733,0,MODIS,61,6.03,293.4,7.6,0,0,2019,2,21,1733,17,33,1,3,38436,8837,11.400000000000034,0,Low
528913,18.5499,75.1244,324.5,1.0,1.0,2023-02-15,518,0,MODIS,71,61.03,311.1,10.4,1,0,2023,2,15,518,5,18,1,3,38436,8837,13.399999999999975,0,Medium
164382,30.8496,75.2007,318.9,1.1,1.0,2018-11-10,805,1,MODIS,22,6.03,301.6,10.3,1,0,2018,11,10,805,8,5,4,0,167610,73042,17.299999999999955,0,Medium
665203,27.7371,79.1748,306.4,1.1,1.0,2024-12-07,841,1,MODIS,50,61.03,295.2,4.9,1,0,2024,12,7,841,8,41,1,7,41741,2618,11.199999999999989,0,Low
77446,30.1873,77.1344,305.2,1.2,1.1,2017-11-29,554,0,MODIS,56,6.2,294.1,6.0,1,0,2017,11,29,554,5,54,4,0,167610,73042,11.099999999999966,0,Low
406378,21.8464,82.0228,330.2,1.0,1.0,2021-06-04,757,1,MODIS,59,6.03,302.5,8.0,1,0,2021,6,4,757,7,57,3,5,47348,385,27.69999999999999,0,Low
678658,21.6704,83.0822,316.8,1.2,1.1,2025-02-07,833,1,MODIS,60,61.03,301.7,7.5,1,0,2025,2,7,833,8,33,1,1,73921,9366,15.100000000000025,0,Low
636255,21.708,85.6528,337.0,1.4,1.2,2024-04-27,826,1,MODIS,61,61.03,311.8,28.8,1,0,2024,4,27,826,8,26,2,1,73921,9197,25.19999999999999,0,Medium
207803,13.3791,79.4165,349.9,1.4,1.2,2019-04-15,826,1,MODIS,92,6.03,322.1,61.0,1,0,2019,4,15,826,8,26,2,14,36148,3614,27.799999999999955,1,Extreme
314211,30.5575,74.568,313.7,1.2,1.1,2020-11-11,830,1,MODIS,36,6.03,298.6,8.0,1,0,2020,11,11,830,8,30,4,0,167610,73042,15.099999999999966,0,Low
768870,27.4832,93.7753,306.0,1.0,1.0,2026-01-15,838,1,MODIS,55,61.03,291.2,6.0,1,0,2026,1,15,838,8,38,1,11,41370,4936,14.800000000000011,0,Low
538864,21.9666,83.1684,337.2,1.0,1.0,2023-03-04,804,1,MODIS,82,61.03,317.7,22.4,1,0,2023,3,4,804,8,4,2,1,73921,19544,19.5,1,Medium
639426,25.3371,77.7178,339.8,1.1,1.0,2024-05-03,501,0,MODIS,80,61.03,317.5,25.6,1,0,2024,5,3,501,5,1,2,4,76528,7507,22.30000000000001,0,Medium
628517,23.6432,83.8927,324.8,1.0,1.0,2024-04-10,817,1,MODIS,58,61.03,306.2,7.9,1,0,2024,4,10,817,8,17,2,12,49232,12010,18.600000000000023,0,Low
670987,21.7068,82.9975,322.2,1.3,1.1,2025-01-03,828,1,MODIS,75,61.03,304.4,18.7,1,0,2025,1,3,828,8,28,1,1,73921,10736,17.80000000000001,0,Medium
315207,30.091,75.0353,315.9,1.0,1.0,2020-11-13,817,1,MODIS,65,6.03,299.0,9.0,1,0,2020,11,13,817,8,17,4,0,167610,73042,16.899999999999977,0,Low
164155,30.1743,75.6634,326.2,1.1,1.0,2018-11-10,805,1,MODIS,80,6.03,298.4,21.0,1,0,2018,11,10,805,8,5,4,0,167610,73042,27.80000000000001,0,Medium
392308,21.4499,82.0411,336.8,2.2,1.4,2021-04-13,821,1,MODIS,80,6.03,318.2,46.1,1,0,2021,4,13,821,8,21,2,1,73921,9197,18.600000000000023,0,High
310223,30.3968,74.7194,344.6,1.0,1.0,2020-11-06,811,1,MODIS,92,6.03,302.6,45.3,1,0,2020,11,6,811,8,11,4,0,167610,73042,42.0,1,High
471914,22.8604,78.1873,335.1,1.6,1.2,2022-04-10,541,0,MODIS,34,6.03,315.6,26.0,1,0,2022,4,10,541,5,41,2,4,76528,39620,19.5,0,Medium
373907,22.7925,85.3907,335.7,1.0,1.0,2021-03-30,459,0,MODIS,81,6.03,310.6,24.2,1,0,2021,3,30,459,4,59,2,12,49232,10270,25.09999999999997,1,Medium
601923,21.8162,82.6168,318.2,1.1,1.1,2024-02-03,809,1,MODIS,58,61.03,305.1,8.5,1,0,2024,2,3,809,8,9,1,1,73921,9366,13.099999999999966,0,Low
253887,9.3239,77.599,327.8,1.1,1.0,2020-02-15,812,1,MODIS,62,6.03,309.8,10.8,1,0,2020,2,15,812,8,12,1,6,13460,3893,18.0,0,Medium
505640,30.2698,75.6752,315.5,1.0,1.0,2022-11-11,816,1,MODIS,52,6.03,302.5,6.0,1,0,2022,11,11,816,8,16,4,0,167610,73042,13.0,0,Low
106054,19.2047,83.2572,331.6,1.1,1.0,2018-03-10,744,1,MODIS,75,6.03,312.1,19.1,1,0,2018,3,10,744,7,44,2,1,73921,19544,19.5,0,Medium
187459,25.8072,90.4959,316.3,1.3,1.1,2019-03-12,703,1,MODIS,63,6.03,304.0,9.5,1,0,2019,3,12,703,7,3,2,8,33148,19990,12.300000000000011,0,Low
659979,22.7507,78.005,315.8,1.3,1.1,2024-11-18,910,1,MODIS,62,61.03,302.1,9.1,1,0,2024,11,18,910,9,10,4,4,76528,9210,13.699999999999989,0,Low
137268,19.676,83.8838,322.9,1.0,1.0,2018-04-27,745,1,MODIS,58,6.03,307.4,8.0,1,0,2018,4,27,745,7,45,2,1,73921,9197,15.5,0,Low
700312,13.9827,78.3091,350.9,1.0,1.0,2025-03-15,911,1,MODIS,94,61.03,315.3,45.9,1,0,2025,3,15,911,9,11,2,14,36148,12659,35.599999999999966,1,High
728491,23.5783,77.5048,337.3,1.0,1.0,2025-04-19,906,1,MODIS,74,61.03,322.7,13.3,1,0,2025,4,19,906,9,6,2,4,76528,39620,14.600000000000025,0,Medium
16226,26.6821,90.9988,323.3,1.2,1.1,2017-03-06,703,1,MODIS,41,6.2,303.3,15.2,1,0,2017,3,6,703,7,3,2,8,33148,19990,20.0,0,Medium
242190,29.7861,75.9918,325.0,1.2,1.1,2019-11-06,759,1,MODIS,66,6.03,304.5,16.6,1,0,2019,11,6,759,7,59,4,0,167610,73042,20.5,0,Medium
301751,22.215,79.5694,319.9,1.0,1.0,2020-10-30,803,1,MODIS,70,6.03,304.8,7.9,1,0,2020,10,30,803,8,3,4,5,47348,737,15.099999999999966,0,Low
541745,29.5938,79.2048,310.9,1.9,1.4,2023-03-07,835,1,MODIS,51,61.03,298.5,13.7,1,0,2023,3,7,835,8,35,2,7,41741,3895,12.399999999999975,0,Medium
688656,22.6926,83.9878,322.3,1.1,1.0,2025-03-04,834,1,MODIS,63,61.03,309.4,8.6,1,0,2025,3,4,834,8,34,2,1,73921,19544,12.900000000000034,0,Low
451772,22.7787,92.5301,396.2,2.0,1.4,2022-03-14,737,1,MODIS,100,6.03,310.3,609.4,1,0,2022,3,14,737,7,37,2,2,57778,42248,85.89999999999998,1,Extreme
678221,17.5899,75.9265,316.9,1.2,1.1,2025-02-06,449,0,MODIS,59,61.03,303.8,8.3,1,0,2025,2,6,449,4,49,1,3,38436,8837,13.099999999999966,0,Low
672097,21.7574,84.057,309.2,1.1,1.0,2025-01-08,829,1,MODIS,54,61.03,298.7,5.4,1,0,2025,1,8,829,8,29,1,1,73921,10736,10.5,0,Low
66166,29.4874,75.5054,318.2,1.0,1.0,2017-10-29,811,1,MODIS,64,6.2,300.6,9.5,1,0,2017,10,29,811,8,11,4,0,167610,39610,17.599999999999966,0,Low
748856,31.5755,74.6479,317.8,1.0,1.0,2025-11-06,942,1,MODIS,74,61.03,300.0,10.6,1,0,2025,11,6,942,9,42,4,0,167610,73042,17.80000000000001,0,Medium
678571,20.9688,86.0145,312.1,1.2,1.1,2025-02-07,350,0,MODIS,64,61.03,299.8,7.4,1,2,2025,2,7,350,3,50,1,1,73921,9366,12.300000000000011,0,Low
508032,25.9643,78.0838,313.9,1.9,1.3,2022-11-15,749,1,MODIS,56,6.03,302.3,12.7,1,0,2022,11,15,749,7,49,4,4,76528,9210,11.599999999999966,0,Medium
257963,23.4717,92.4726,323.7,1.0,1.0,2020-03-12,714,1,MODIS,76,6.03,300.0,15.5,1,0,2020,3,12,714,7,14,2,2,57778,42248,23.69999999999999,0,Medium
660365,30.3323,74.5533,322.4,1.1,1.0,2024-11-18,912,1,MODIS,76,61.03,300.2,15.3,1,0,2024,11,18,912,9,12,4,0,167610,73042,22.19999999999999,0,Medium
619398,22.0443,83.7369,323.3,1.0,1.0,2024-03-23,1606,0,MODIS,100,61.03,296.7,20.0,0,2,2024,3,23,1606,16,6,2,1,73921,19544,26.600000000000023,0,Medium
557391,24.2796,93.5773,316.1,1.4,1.2,2023-04-11,700,1,MODIS,38,61.03,302.3,12.5,1,0,2023,4,11,700,7,0,2,2,57778,10542,13.800000000000011,0,Medium
620497,19.7329,80.0271,333.3,1.0,1.0,2024-03-27,831,1,MODIS,75,61.03,309.1,18.4,1,0,2024,3,27,831,8,31,2,13,47964,18871,24.19999999999999,0,Medium
352121,22.9428,92.5936,333.8,1.4,1.2,2021-03-13,726,1,MODIS,84,6.03,304.6,40.0,1,0,2021,3,13,726,7,26,2,2,57778,42248,29.19999999999999,1,High
495854,30.5446,76.3414,321.5,1.5,1.2,2022-10-24,835,1,MODIS,76,6.03,303.7,20.4,1,0,2022,10,24,835,8,35,4,0,167610,39610,17.80000000000001,0,Medium
375182,20.1529,79.1833,336.3,1.0,1.0,2021-03-30,809,1,MODIS,73,6.03,319.5,15.5,1,0,2021,3,30,809,8,9,2,9,27481,7575,16.80000000000001,0,Medium
521962,18.0419,82.5018,317.0,2.5,1.5,2023-01-22,832,1,MODIS,67,61.03,296.1,37.7,1,0,2023,1,22,832,8,32,1,13,47964,1969,20.899999999999977,0,High
571454,30.8239,74.3169,334.7,1.1,1.1,2023-05-16,841,1,MODIS,56,61.03,311.9,20.2,1,0,2023,5,16,841,8,41,2,0,167610,31628,22.80000000000001,0,Medium
209896,19.6925,83.8471,330.0,1.0,1.0,2019-04-21,750,1,MODIS,76,6.03,305.2,15.9,1,0,2019,4,21,750,7,50,2,1,73921,9197,24.80000000000001,0,Medium
7741,24.3942,77.1191,322.2,1.1,1.0,2017-02-16,543,0,MODIS,62,6.2,302.1,14.0,1,0,2017,2,16,543,5,43,1,4,76528,2331,20.09999999999997,0,Medium
179262,25.8384,74.7587,329.2,1.1,1.0,2019-02-04,555,0,MODIS,79,6.03,296.0,26.0,1,2,2019,2,4,555,5,55,1,4,76528,2331,33.19999999999999,0,Medium
689590,20.0195,79.5995,326.5,1.2,1.1,2025-03-05,913,1,MODIS,64,61.03,314.9,11.1,1,0,2025,3,5,913,9,13,2,13,47964,18871,11.600000000000025,0,Medium
13753,17.9753,80.2453,331.2,1.5,1.2,2017-03-01,820,1,MODIS,67,6.2,308.5,19.3,1,0,2017,3,1,820,8,20,2,13,47964,18871,22.69999999999999,0,Medium
712031,27.6682,82.3229,322.6,1.0,1.0,2025-03-27,853,1,MODIS,63,61.03,309.3,7.2,1,0,2025,3,27,853,8,53,2,7,41741,3895,13.300000000000011,0,Low
375136,20.5979,78.6177,335.3,1.0,1.0,2021-03-30,809,1,MODIS,70,6.03,323.4,9.1,1,0,2021,3,30,809,8,9,2,9,27481,7575,11.900000000000034,0,Low
33741,22.4108,75.2375,340.1,1.1,1.0,2017-04-09,828,1,MODIS,77,6.2,324.8,13.3,1,0,2017,4,9,828,8,28,2,4,76528,39620,15.300000000000011,0,Medium
552397,21.2931,79.2116,331.9,1.7,1.3,2023-04-04,837,1,MODIS,51,61.03,311.9,25.5,1,0,2023,4,4,837,8,37,2,5,47348,16741,20.0,0,Medium
431682,29.6148,74.3776,323.2,1.0,1.0,2021-11-23,824,1,MODIS,74,6.03,302.8,13.8,1,0,2021,11,23,824,8,24,4,0,167610,73042,20.399999999999977,0,Medium
597911,33.4102,75.0896,307.9,1.5,1.2,2024-01-08,818,1,MODIS,66,61.03,283.3,19.3,1,0,2024,1,8,818,8,18,1,0,167610,2724,24.59999999999997,0,Medium
396464,19.3467,82.9956,321.1,1.7,1.3,2021-04-21,731,1,MODIS,53,6.03,298.3,14.8,1,0,2021,4,21,731,7,31,2,1,73921,9197,22.80000000000001,0,Medium
292041,31.0081,75.6277,339.0,2.3,1.5,2020-05-25,618,0,MODIS,80,6.03,315.8,65.7,1,0,2020,5,25,618,6,18,2,0,167610,31628,23.19999999999999,0,Extreme
594927,17.7045,75.4527,301.1,1.0,1.0,2023-12-23,1645,0,MODIS,37,61.03,288.6,5.6,0,0,2023,12,23,1645,16,45,1,3,38436,5945,12.5,0,Low
85189,26.7643,95.4363,303.5,2.4,1.5,2018-01-16,727,1,MODIS,50,6.03,287.1,18.1,1,0,2018,1,16,727,7,27,1,11,41370,4936,16.399999999999977,0,Medium
71835,25.7314,76.6287,317.8,1.6,1.3,2017-11-09,752,1,MODIS,59,6.2,305.3,11.7,1,0,2017,11,9,752,7,52,4,4,76528,9210,12.5,0,Medium
552166,22.881,77.6181,325.2,1.2,1.1,2023-04-04,522,0,MODIS,56,61.03,308.9,10.5,1,0,2023,4,4,522,5,22,2,4,76528,39620,16.30000000000001,0,Medium
70665,27.7107,77.4081,320.5,1.1,1.0,2017-11-05,817,1,MODIS,59,6.2,301.4,10.3,1,0,2017,11,5,817,8,17,4,0,167610,73042,19.100000000000023,0,Medium
574325,31.2238,75.3192,328.0,1.0,1.0,2023-06-20,528,0,MODIS,67,61.03,304.9,11.4,1,0,2023,6,20,528,5,28,3,0,167610,3042,23.100000000000023,0,Medium
580076,29.7711,76.0597,317.2,1.2,1.1,2023-11-01,844,1,MODIS,57,61.03,300.5,9.5,1,0,2023,11,1,844,8,44,4,0,167610,73042,16.69999999999999,0,Low
359249,15.5181,79.2166,328.7,1.5,1.2,2021-03-19,826,1,MODIS,62,6.03,305.8,20.9,1,0,2021,3,19,826,8,26,2,14,36148,12659,22.899999999999977,0,Medium
326751,21.7458,82.3299,316.1,1.7,1.3,2021-01-15,732,1,MODIS,65,6.03,304.2,13.6,1,0,2021,1,15,732,7,32,1,1,73921,10736,11.900000000000034,0,Medium
662327,24.8451,77.0478,314.0,1.3,1.1,2024-11-23,913,1,MODIS,60,61.03,303.0,9.1,1,0,2024,11,23,913,9,13,4,4,76528,9210,11.0,0,Low
256880,24.1785,92.3438,314.7,1.0,1.0,2020-03-05,708,1,MODIS,67,6.03,297.3,8.3,1,0,2020,3,5,708,7,8,2,2,57778,42248,17.399999999999977,0,Low
53705,31.0248,74.9704,342.5,1.3,1.1,2017-05-08,759,1,MODIS,85,6.2,318.6,32.4,1,0,2017,5,8,759,7,59,2,0,167610,31628,23.899999999999977,1,High
642426,25.9114,79.119,332.8,1.1,1.0,2024-05-09,828,1,MODIS,62,61.03,315.4,9.6,1,2,2024,5,9,828,8,28,2,7,41741,6465,17.400000000000034,0,Low
379214,22.1845,85.3718,327.1,1.4,1.2,2021-04-01,757,1,MODIS,36,6.03,313.7,14.8,1,0,2021,4,1,757,7,57,2,12,49232,12010,13.400000000000034,0,Medium
434708,20.8673,78.145,315.1,1.0,1.0,2021-12-18,816,1,MODIS,61,6.03,302.0,6.5,1,0,2021,12,18,816,8,16,1,9,27481,2370,13.100000000000025,0,Low
80032,20.9621,85.1713,300.8,1.2,1.1,2017-12-16,2019,1,MODIS,30,6.2,290.1,5.9,0,2,2017,12,16,2019,20,19,1,1,73921,11178,10.699999999999989,0,Low
292111,27.9127,81.6844,338.0,1.0,1.0,2020-05-25,752,1,MODIS,69,6.03,315.4,16.2,1,0,2020,5,25,752,7,52,2,7,41741,6465,22.600000000000023,0,Medium
113883,19.1494,80.4758,326.1,1.6,1.2,2018-03-20,821,1,MODIS,62,6.03,306.6,16.8,1,0,2018,3,20,821,8,21,2,13,47964,18871,19.5,0,Medium
539218,23.346,87.2452,320.7,1.0,1.0,2023-03-05,430,0,MODIS,66,61.03,307.1,7.9,1,0,2023,3,5,430,4,30,2,12,49232,10270,13.599999999999966,0,Low
255679,26.196,94.3995,337.6,1.3,1.1,2020-02-25,715,1,MODIS,90,6.03,297.6,50.6,1,0,2020,2,25,715,7,15,1,11,41370,5791,40.0,1,High
759777,22.2152,84.8621,300.2,1.0,1.0,2025-12-09,2137,1,MODIS,20,61.03,285.3,6.2,0,2,2025,12,9,2137,21,37,1,1,73921,11178,14.899999999999975,0,Low
31543,21.5279,77.4928,336.7,1.4,1.2,2017-04-06,757,1,MODIS,69,6.2,318.7,20.2,1,0,2017,4,6,757,7,57,2,4,76528,39620,18.0,0,Medium
579233,25.4874,76.6536,323.0,2.0,1.4,2023-10-30,858,1,MODIS,32,61.03,304.3,19.6,1,0,2023,10,30,858,8,58,4,4,76528,1622,18.69999999999999,0,Medium
646790,31.5688,75.3981,336.2,1.6,1.2,2024-05-28,526,0,MODIS,81,61.03,322.2,25.3,1,0,2024,5,28,526,5,26,2,0,167610,31628,14.0,1,Medium
680802,13.2723,77.3153,324.0,1.0,1.0,2025-02-13,910,1,MODIS,64,61.03,310.7,9.0,1,0,2025,2,13,910,9,10,1,14,36148,10539,13.300000000000011,0,Low
18408,26.6751,84.1285,314.9,1.3,1.1,2017-03-15,524,0,MODIS,68,6.2,299.0,12.1,1,0,2017,3,15,524,5,24,2,12,49232,10270,15.899999999999975,0,Medium
603255,16.1301,78.6053,325.6,1.8,1.3,2024-02-09,858,1,MODIS,48,61.03,310.4,31.1,1,0,2024,2,9,858,8,58,1,14,36148,10539,15.200000000000044,0,High
411014,30.1389,76.3763,315.2,2.4,1.5,2021-10-27,842,1,MODIS,67,6.03,300.5,23.8,1,0,2021,10,27,842,8,42,4,0,167610,39610,14.699999999999989,0,Medium
415275,30.3962,74.6855,339.4,1.2,1.1,2021-11-02,806,1,MODIS,89,6.03,301.6,43.0,1,0,2021,11,2,806,8,6,4,0,167610,73042,37.79999999999996,1,High
534944,23.4742,87.5131,333.8,1.1,1.1,2023-02-27,749,1,MODIS,83,61.03,306.2,26.8,1,0,2023,2,27,749,7,49,1,12,49232,3888,27.600000000000023,1,Medium
706553,22.2215,79.8788,326.7,2.6,1.6,2025-03-23,931,1,MODIS,68,61.03,312.2,43.0,1,0,2025,3,23,931,9,31,2,5,47348,12422,14.5,0,High
183249,14.2622,78.8426,332.2,1.2,1.1,2019-02-24,534,0,MODIS,71,6.03,311.6,21.5,1,0,2019,2,24,534,5,34,1,14,36148,10539,20.59999999999997,0,Medium
237179,30.5274,74.7946,322.9,1.7,1.3,2019-10-30,753,1,MODIS,75,6.03,302.0,30.6,1,0,2019,10,30,753,7,53,4,0,167610,39610,20.899999999999977,0,High
48797,20.9659,85.1867,311.3,1.7,1.3,2017-04-26,1657,0,MODIS,76,6.2,299.1,14.1,0,2,2017,4,26,1657,16,57,2,1,73921,9197,12.199999999999989,0,Medium
608761,11.4824,79.0165,337.2,1.5,1.2,2024-03-03,823,1,MODIS,84,61.03,308.1,41.9,1,0,2024,3,3,823,8,23,2,6,13460,3928,29.09999999999997,1,High
602332,20.645,76.6883,316.6,1.3,1.1,2024-02-06,513,0,MODIS,37,61.03,303.3,8.1,1,0,2024,2,6,513,5,13,1,9,27481,5254,13.300000000000011,0,Low
464707,25.7612,92.7423,327.8,1.0,1.0,2022-03-27,707,1,MODIS,78,6.03,299.7,18.9,1,0,2022,3,27,707,7,7,2,8,33148,19990,28.100000000000023,0,Medium
716583,24.7359,78.067,333.8,1.0,1.0,2025-03-30,911,1,MODIS,75,61.03,317.7,13.8,1,0,2025,3,30,911,9,11,2,4,76528,13167,16.100000000000023,0,Medium
14194,26.7017,90.1078,310.9,1.1,1.1,2017-03-02,727,1,MODIS,48,6.2,297.6,5.3,1,0,2017,3,2,727,7,27,2,8,33148,19990,13.299999999999956,0,Low
163099,30.7012,74.6037,315.6,1.0,1.0,2018-11-08,818,1,MODIS,63,6.03,300.0,7.5,1,0,2018,11,8,818,8,18,4,0,167610,73042,15.600000000000025,0,Low
355936,19.1306,80.4072,321.7,1.1,1.0,2021-03-16,756,1,MODIS,42,6.03,308.3,5.8,1,0,2021,3,16,756,7,56,2,13,47964,18871,13.399999999999975,0,Low
156110,31.211,75.411,320.4,1.1,1.1,2018-10-30,824,1,MODIS,73,6.03,301.1,12.6,1,0,2018,10,30,824,8,24,4,0,167610,39610,19.299999999999955,0,Medium
362217,25.7481,91.0384,333.3,1.0,1.0,2021-03-22,721,1,MODIS,83,6.03,304.6,25.6,1,0,2021,3,22,721,7,21,2,8,33148,19990,28.69999999999999,1,Medium
579937,30.922,74.4303,318.7,1.1,1.0,2023-11-01,844,1,MODIS,61,61.03,300.2,9.6,1,0,2023,11,1,844,8,44,4,0,167610,73042,18.5,0,Low
439013,22.9737,78.813,309.4,1.3,1.2,2022-01-29,536,0,MODIS,35,6.03,297.1,8.0,1,0,2022,1,29,536,5,36,1,5,47348,1762,12.299999999999956,0,Low
154610,29.8916,75.4378,313.6,1.6,1.3,2018-10-28,836,1,MODIS,47,6.03,300.6,11.6,1,0,2018,10,28,836,8,36,4,0,167610,39610,13.0,0,Medium
229543,31.1591,77.0459,301.6,1.1,1.0,2019-06-07,2053,1,MODIS,43,6.03,291.6,4.8,0,0,2019,6,7,2053,20,53,3,0,167610,3042,10.0,0,Low
389596,22.5654,78.958,335.1,1.1,1.1,2021-04-09,536,0,MODIS,82,6.03,309.4,22.0,1,0,2021,4,9,536,5,36,2,5,47348,16741,25.700000000000045,1,Medium
155214,31.1078,75.3134,326.7,1.1,1.1,2018-10-30,824,1,MODIS,80,6.03,301.5,21.2,1,0,2018,10,30,824,8,24,4,0,167610,39610,25.19999999999999,0,Medium
647714,21.1756,73.5509,330.4,1.7,1.3,2024-05-31,841,1,MODIS,69,61.03,307.9,24.4,1,0,2024,5,31,841,8,41,2,10,21095,1118,22.5,0,Medium
606508,18.7692,83.8395,319.3,1.2,1.1,2024-02-22,806,1,MODIS,64,61.03,294.9,10.5,1,0,2024,2,22,806,8,6,1,1,73921,9366,24.400000000000038,0,Medium
159140,27.0723,82.8808,316.8,1.0,1.0,2018-11-05,746,1,MODIS,64,6.03,303.8,6.2,1,0,2018,11,5,746,7,46,4,7,41741,5012,13.0,0,Low
747126,10.9705,77.8352,315.6,1.4,1.2,2025-11-01,419,0,MODIS,67,61.03,302.2,8.0,1,0,2025,11,1,419,4,19,4,6,13460,296,13.400000000000034,0,Low
301135,30.8056,74.7201,313.2,1.0,1.0,2020-10-28,818,1,MODIS,20,6.03,302.4,4.3,1,0,2020,10,28,818,8,18,4,0,167610,39610,10.800000000000011,0,Low
600548,21.1901,81.4144,305.6,1.8,1.3,2024-01-26,420,0,MODIS,50,61.03,295.1,8.5,1,2,2024,1,26,420,4,20,1,5,47348,1762,10.5,0,Low
288508,32.0843,75.3539,321.5,1.9,1.4,2020-05-10,523,0,MODIS,68,6.03,299.4,23.8,1,0,2020,5,10,523,5,23,2,0,167610,31628,22.100000000000023,0,Medium
332670,26.5863,94.6999,333.3,2.1,1.4,2021-02-09,727,1,MODIS,88,6.03,296.8,91.5,1,0,2021,2,9,727,7,27,1,11,41370,5791,36.5,1,Extreme
101208,23.9598,92.4238,312.8,3.6,1.8,2018-03-06,632,1,MODIS,63,6.03,295.2,47.1,1,0,2018,3,6,632,6,32,2,2,57778,42248,17.600000000000023,0,High
188195,18.1326,80.2032,328.2,1.0,1.0,2019-03-14,520,0,MODIS,71,6.03,309.1,12.0,1,0,2019,3,14,520,5,20,2,13,47964,18871,19.09999999999997,0,Medium
367457,23.7051,91.5785,326.0,1.5,1.2,2021-03-26,656,1,MODIS,77,6.03,302.8,28.9,1,0,2021,3,26,656,6,56,2,2,57778,42248,23.19999999999999,0,Medium
10588,25.6345,92.0377,310.6,1.1,1.1,2017-02-23,721,1,MODIS,49,6.2,298.3,4.0,1,0,2017,2,23,721,7,21,1,8,33148,2829,12.300000000000011,0,Low
187968,25.8489,90.9441,314.6,2.4,1.5,2019-03-13,746,1,MODIS,54,6.03,299.2,20.9,1,0,2019,3,13,746,7,46,2,8,33148,19990,15.400000000000034,0,Medium
292216,16.7154,81.6494,320.9,1.3,1.1,2020-05-26,527,0,MODIS,57,6.03,298.3,11.9,1,0,2020,5,26,527,5,27,2,13,47964,4838,22.59999999999997,0,Medium
335040,18.2222,83.7386,316.4,1.0,1.0,2021-02-17,507,0,MODIS,61,6.03,302.9,5.3,1,0,2021,2,17,507,5,7,1,1,73921,9366,13.5,0,Low
740986,31.0242,74.8156,331.6,1.5,1.2,2025-05-15,939,1,MODIS,58,61.03,313.5,13.7,1,0,2025,5,15,939,9,39,2,0,167610,31628,18.100000000000023,0,Medium
159382,30.8048,75.683,326.7,1.9,1.3,2018-11-05,747,1,MODIS,83,6.03,297.6,49.4,1,0,2018,11,5,747,7,47,4,0,167610,73042,29.09999999999997,1,High
409228,31.5002,75.5127,315.4,1.5,1.2,2021-10-19,753,1,MODIS,67,6.03,301.5,11.0,1,0,2021,10,19,753,7,53,4,0,167610,39610,13.899999999999975,0,Medium
400315,24.4796,85.0689,354.2,1.0,1.0,2021-04-28,739,1,MODIS,95,6.03,326.4,43.5,1,0,2021,4,28,739,7,39,2,12,49232,12010,27.80000000000001,1,High
78294,25.7727,80.8824,308.0,1.1,1.1,2017-12-04,746,1,MODIS,53,6.2,296.1,4.9,1,0,2017,12,4,746,7,46,1,7,41741,2618,11.899999999999975,0,Low
57997,20.3615,85.3075,322.5,3.0,1.7,2017-06-17,707,1,MODIS,0,6.2,295.0,51.4,1,0,2017,6,17,707,7,7,3,1,73921,1828,27.5,0,High
607690,26.7513,94.6972,315.0,1.1,1.0,2024-02-28,720,1,MODIS,70,61.03,297.4,9.3,1,0,2024,2,28,720,7,20,1,11,41370,5791,17.600000000000023,0,Low
746393,30.3819,75.2654,311.0,1.2,1.1,2025-10-27,949,1,MODIS,55,61.03,300.1,6.0,1,0,2025,10,27,949,9,49,4,0,167610,39610,10.899999999999975,0,Low
581841,30.9792,74.5863,309.6,2.6,1.6,2023-11-04,911,1,MODIS,28,61.03,294.5,15.2,1,0,2023,11,4,911,9,11,4,0,167610,73042,15.100000000000025,0,Medium
738841,26.4417,78.2425,326.7,2.2,1.4,2025-05-09,455,0,MODIS,72,61.03,299.8,24.1,1,0,2025,5,9,455,4,55,2,4,76528,7507,26.899999999999977,0,Medium
755082,27.2913,83.6733,316.7,1.0,1.0,2025-11-23,907,1,MODIS,75,61.03,296.7,10.9,1,0,2025,11,23,907,9,7,4,7,41741,5012,20.0,0,Medium
337844,21.5721,83.4673,321.5,1.1,1.0,2021-02-26,500,0,MODIS,65,6.03,307.8,8.7,1,0,2021,2,26,500,5,0,1,1,73921,9366,13.699999999999989,0,Low
53682,22.3979,80.1335,341.6,1.0,1.0,2017-05-08,757,1,MODIS,82,6.2,321.7,16.3,1,0,2017,5,8,757,7,57,2,5,47348,4086,19.900000000000038,0,Medium
337800,24.2053,92.7966,309.8,2.1,1.4,2021-02-26,459,0,MODIS,59,6.03,294.1,20.9,1,0,2021,2,26,459,4,59,1,2,57778,3915,15.699999999999989,0,Medium
529294,23.6856,86.3984,309.9,1.6,1.2,2023-02-16,420,0,MODIS,44,61.03,297.5,9.1,1,2,2023,2,16,420,4,20,1,12,49232,3888,12.399999999999975,0,Low
39521,19.4774,80.0616,307.3,1.3,1.1,2017-04-12,1644,0,MODIS,68,6.2,296.8,7.9,0,0,2017,4,12,1644,16,44,2,13,47964,11656,10.5,0,Low
203687,10.3725,77.3224,341.3,1.2,1.1,2019-04-06,831,1,MODIS,84,6.03,314.1,35.9,1,0,2019,4,6,831,8,31,2,6,13460,1606,27.19999999999999,1,High
601084,28.1641,80.5381,316.5,1.6,1.2,2024-01-29,800,1,MODIS,77,61.03,292.5,27.2,1,0,2024,1,29,800,8,0,1,7,41741,2018,24.0,0,Medium
28679,28.218,80.3707,329.9,1.3,1.1,2017-04-01,741,1,MODIS,76,6.2,310.3,23.1,1,0,2017,4,1,741,7,41,2,7,41741,15320,19.59999999999997,0,Medium
511383,17.9251,78.3141,316.5,1.2,1.1,2022-11-27,807,1,MODIS,58,6.03,304.1,7.3,1,0,2022,11,27,807,8,7,4,9,27481,2693,12.399999999999975,0,Low
523596,19.364,82.6475,327.0,1.0,1.0,2023-01-31,451,0,MODIS,82,61.03,300.7,19.1,1,0,2023,1,31,451,4,51,1,13,47964,1969,26.30000000000001,0,Medium
183310,12.5326,78.8197,323.1,1.3,1.1,2019-02-24,534,0,MODIS,60,6.03,306.6,14.9,1,0,2019,2,24,534,5,34,1,6,13460,3893,16.5,0,Medium
646431,23.6843,86.3951,308.3,1.7,1.3,2024-05-24,2058,1,MODIS,71,61.03,294.1,11.8,0,2,2024,5,24,2058,20,58,2,12,49232,3184,14.199999999999989,0,Medium
345015,25.4304,77.8584,321.2,1.3,1.1,2021-03-06,548,0,MODIS,62,6.03,310.2,9.9,1,0,2021,3,6,548,5,48,2,4,76528,13167,11.0,0,Low
252219,23.7973,86.3509,300.1,1.0,1.0,2020-02-02,1633,0,MODIS,11,6.03,288.3,5.7,0,2,2020,2,2,1633,16,33,1,12,49232,3888,11.800000000000011,0,Low
97766,15.4136,74.8724,323.8,1.3,1.1,2018-03-02,527,0,MODIS,49,6.03,310.7,8.1,1,0,2018,3,2,527,5,27,2,3,38436,7918,13.100000000000025,0,Low
650315,31.0636,75.307,319.2,1.1,1.1,2024-07-09,901,1,MODIS,38,61.03,299.5,6.8,1,0,2024,7,9,901,9,1,3,0,167610,474,19.69999999999999,0,Low
532120,13.1155,77.717,325.6,1.3,1.1,2023-02-23,814,1,MODIS,68,61.03,309.9,16.0,1,0,2023,2,23,814,8,14,1,14,36148,10539,15.700000000000044,0,Medium
123337,29.5089,79.0397,305.7,1.0,1.0,2018-03-28,1700,0,MODIS,65,6.03,294.1,6.4,0,0,2018,3,28,1700,17,0,2,7,41741,3895,11.599999999999966,0,Low
88108,18.6749,78.6503,317.8,1.3,1.1,2018-01-31,514,0,MODIS,61,6.03,305.7,8.9,1,0,2018,1,31,514,5,14,1,9,27481,3684,12.100000000000025,0,Low
126673,14.7985,75.8383,332.8,1.0,1.0,2018-04-01,540,0,MODIS,74,6.03,314.2,13.7,1,0,2018,4,1,540,5,40,2,14,36148,3614,18.600000000000023,0,Medium
490367,25.6298,78.4482,336.6,1.8,1.3,2022-05-19,545,0,MODIS,73,6.03,317.7,33.8,1,0,2022,5,19,545,5,45,2,4,76528,7507,18.900000000000038,0,High
78761,16.4416,80.7148,327.5,1.0,1.0,2017-12-09,801,1,MODIS,79,6.2,305.3,15.7,1,0,2017,12,9,801,8,1,1,13,47964,2559,22.19999999999999,0,Medium
277672,22.8166,75.3614,338.4,1.2,1.1,2020-04-12,810,1,MODIS,74,6.03,318.4,18.0,1,0,2020,4,12,810,8,10,2,4,76528,39620,20.0,0,Medium
390316,27.1067,82.9159,370.3,1.0,1.0,2021-04-10,752,1,MODIS,100,6.03,321.0,100.5,1,0,2021,4,10,752,7,52,2,7,41741,15320,49.30000000000001,1,Extreme
715229,22.5407,73.9767,328.8,1.0,1.0,2025-03-30,447,0,MODIS,75,61.03,310.3,13.7,1,0,2025,3,30,447,4,47,2,10,21095,5604,18.5,0,Medium
686575,21.6307,78.9249,302.1,1.2,1.1,2025-02-26,2141,1,MODIS,47,61.03,289.3,7.9,0,0,2025,2,26,2141,21,41,1,5,47348,2034,12.800000000000011,0,Low
53149,31.6526,74.6369,332.8,1.1,1.1,2017-05-07,541,0,MODIS,69,6.2,314.6,10.9,1,0,2017,5,7,541,5,41,2,0,167610,31628,18.19999999999999,0,Medium
769068,21.758,83.1616,317.5,1.1,1.0,2026-01-16,915,1,MODIS,61,61.03,303.8,9.6,1,0,2026,1,16,915,9,15,1,1,73921,10736,13.699999999999989,0,Low
694370,25.0052,93.1735,322.0,2.3,1.5,2025-03-10,736,1,MODIS,78,61.03,295.4,51.7,1,0,2025,3,10,736,7,36,2,2,57778,42248,26.600000000000023,0,High
185446,17.2439,81.1755,323.5,1.0,1.0,2019-03-07,515,0,MODIS,71,6.03,301.9,13.1,1,0,2019,3,7,515,5,15,2,13,47964,18871,21.600000000000023,0,Medium
360357,25.588,93.0549,328.5,2.3,1.5,2021-03-21,638,1,MODIS,82,6.03,302.6,62.9,1,0,2021,3,21,638,6,38,2,8,33148,19990,25.899999999999977,1,Extreme
707530,22.6825,76.593,323.9,1.2,1.1,2025-03-25,445,0,MODIS,64,61.03,313.0,7.7,1,0,2025,3,25,445,4,45,2,4,76528,13167,10.899999999999975,0,Low
752220,21.9226,83.3525,311.8,1.2,1.1,2025-11-15,337,0,MODIS,71,61.03,298.6,10.2,1,2,2025,11,15,337,3,37,4,1,73921,2885,13.199999999999989,0,Medium
46793,22.293,79.9829,315.1,1.1,1.1,2017-04-20,2019,1,MODIS,75,6.2,298.7,12.1,0,0,2017,4,20,2019,20,19,2,5,47348,16741,16.400000000000034,0,Medium
706733,28.3057,74.9518,376.0,1.4,1.2,2025-03-23,933,1,MODIS,100,61.03,317.7,199.1,1,2,2025,3,23,933,9,33,2,0,167610,2014,58.30000000000001,1,Extreme
464606,21.7011,76.5803,334.6,1.0,1.0,2022-03-27,529,0,MODIS,71,6.03,320.4,11.6,1,0,2022,3,27,529,5,29,2,4,76528,13167,14.200000000000044,0,Medium
167052,30.4643,75.2571,326.7,1.0,1.0,2018-11-17,811,1,MODIS,80,6.03,294.0,19.4,1,0,2018,11,17,811,8,11,4,0,167610,73042,32.69999999999999,0,Medium
353640,19.152,79.086,304.7,2.7,1.6,2021-03-14,1732,0,MODIS,56,6.03,294.5,21.8,0,0,2021,3,14,1732,17,32,2,9,27481,7575,10.199999999999989,0,Medium
125782,22.7395,81.1641,337.4,1.1,1.0,2018-03-31,804,1,MODIS,75,6.03,320.0,18.2,1,0,2018,3,31,804,8,4,2,5,47348,12422,17.399999999999977,0,Medium
157628,30.289,73.9909,323.5,1.1,1.0,2018-11-01,812,1,MODIS,75,6.03,300.3,17.0,1,0,2018,11,1,812,8,12,4,0,167610,73042,23.19999999999999,0,Medium
619953,22.3821,77.3466,311.0,1.0,1.0,2024-03-26,1629,0,MODIS,80,61.03,293.6,8.7,0,0,2024,3,26,1629,16,29,2,4,76528,13167,17.399999999999977,0,Low
354620,24.0778,92.3627,313.5,1.0,1.0,2021-03-15,714,1,MODIS,28,6.03,300.7,4.6,1,0,2021,3,15,714,7,14,2,2,57778,42248,12.800000000000011,0,Low
46802,19.5597,80.8775,311.7,1.0,1.0,2017-04-20,2019,1,MODIS,81,6.2,298.6,7.5,0,0,2017,4,20,2019,20,19,2,13,47964,11656,13.099999999999966,0,Low
205249,22.4284,77.5679,311.6,1.6,1.2,2019-04-10,2019,1,MODIS,83,6.03,295.8,17.6,0,0,2019,4,10,2019,20,19,2,4,76528,39620,15.800000000000011,0,Medium
145277,32.9365,74.9046,307.9,1.3,1.1,2018-05-21,2041,1,MODIS,73,6.03,295.5,11.3,0,0,2018,5,21,2041,20,41,2,0,167610,31628,12.399999999999975,0,Medium
750719,26.4045,71.4117,319.4,1.6,1.3,2025-11-11,937,1,MODIS,59,61.03,306.3,14.6,1,0,2025,11,11,937,9,37,4,10,21095,1837,13.099999999999966,0,Medium
750724,27.9452,79.8917,309.5,1.3,1.1,2025-11-11,937,1,MODIS,60,61.03,298.9,7.8,1,0,2025,11,11,937,9,37,4,7,41741,5012,10.600000000000025,0,Low
176859,14.2534,75.7816,301.9,1.1,1.0,2019-01-18,2033,1,MODIS,45,6.03,288.6,7.3,0,0,2019,1,18,2033,20,33,1,14,36148,3490,13.299999999999956,0,Low
300695,30.4466,76.3538,332.2,1.1,1.0,2020-10-28,818,1,MODIS,84,6.03,303.5,25.6,1,0,2020,10,28,818,8,18,4,0,167610,39610,28.69999999999999,1,Medium
568647,31.9557,75.4796,323.4,1.9,1.3,2023-05-08,759,1,MODIS,69,61.03,304.9,20.6,1,0,2023,5,8,759,7,59,2,0,167610,31628,18.5,0,Medium
5430,27.8198,96.2529,311.6,1.3,1.1,2017-02-06,638,1,MODIS,66,6.2,300.4,6.9,1,0,2017,2,6,638,6,38,1,11,41370,5791,11.200000000000044,0,Low
470604,22.5772,78.7461,331.6,1.0,1.0,2022-04-05,522,0,MODIS,63,6.03,319.1,8.9,1,0,2022,4,5,522,5,22,2,5,47348,16741,12.5,0,Low
449056,18.5138,80.5588,326.9,1.0,1.0,2022-03-10,801,1,MODIS,66,6.03,306.4,10.9,1,0,2022,3,10,801,8,1,2,13,47964,18871,20.5,0,Medium
15971,20.7899,85.2691,306.1,1.0,1.0,2017-03-05,2007,1,MODIS,67,6.2,294.7,5.6,0,2,2017,3,5,2007,20,7,2,1,73921,19544,11.400000000000034,0,Low
240195,29.8664,75.646,326.9,1.0,1.0,2019-11-04,811,1,MODIS,71,6.03,301.9,15.8,1,0,2019,11,4,811,8,11,4,0,167610,73042,25.0,0,Medium
617375,19.5264,73.115,303.6,2.8,1.6,2024-03-16,1616,0,MODIS,56,61.03,293.0,22.1,0,0,2024,3,16,1616,16,16,2,3,38436,7918,10.600000000000025,0,Medium
9543,23.1941,79.2354,333.4,1.1,1.0,2017-02-20,519,0,MODIS,84,6.2,306.5,25.8,1,0,2017,2,20,519,5,19,1,5,47348,2034,26.899999999999977,1,Medium
210999,26.9766,83.5238,327.9,1.0,1.0,2019-04-23,740,1,MODIS,37,6.03,305.2,11.0,1,0,2019,4,23,740,7,40,2,7,41741,15320,22.69999999999999,0,Medium
422142,31.5065,74.7066,336.8,1.0,1.0,2021-11-09,812,1,MODIS,88,6.03,302.9,31.8,1,2,2021,11,9,812,8,12,4,0,167610,73042,33.900000000000034,1,High
64378,30.7657,76.3065,310.8,1.7,1.3,2017-10-26,606,0,MODIS,60,6.2,299.2,9.3,1,0,2017,10,26,606,6,6,4,0,167610,39610,11.600000000000025,0,Low
206172,22.7908,78.0941,336.6,1.0,1.0,2019-04-13,532,0,MODIS,31,6.03,311.7,15.5,1,0,2019,4,13,532,5,32,2,4,76528,39620,24.900000000000038,0,Medium
374337,17.7016,81.6617,331.7,1.2,1.1,2021-03-30,808,1,MODIS,75,6.03,305.3,26.4,1,0,2021,3,30,808,8,8,2,13,47964,18871,26.399999999999977,0,Medium
132568,26.3288,83.4944,330.5,1.1,1.0,2018-04-18,753,1,MODIS,62,6.03,315.8,10.2,1,0,2018,4,18,753,7,53,2,12,49232,12010,14.699999999999989,0,Medium
671188,26.3915,95.0163,309.2,1.6,1.2,2025-01-04,730,1,MODIS,56,61.03,296.0,14.8,1,0,2025,1,4,730,7,30,1,11,41370,4936,13.199999999999989,0,Medium
358583,18.8758,80.1941,322.7,1.0,1.0,2021-03-19,519,0,MODIS,69,6.03,303.2,8.9,1,0,2021,3,19,519,5,19,2,13,47964,18871,19.5,0,Low
496496,27.8682,77.4555,320.4,1.1,1.0,2022-10-26,821,1,MODIS,61,6.03,303.6,12.0,1,0,2022,10,26,821,8,21,4,0,167610,39610,16.799999999999955,0,Medium
543944,19.6154,83.41,341.7,1.0,1.0,2023-03-11,805,1,MODIS,89,61.03,301.7,41.2,1,0,2023,3,11,805,8,5,2,1,73921,19544,40.0,1,High
295178,31.2041,74.8361,321.3,1.0,1.0,2020-10-12,818,1,MODIS,66,6.03,305.9,9.6,1,0,2020,10,12,818,8,18,4,0,167610,39610,15.400000000000034,0,Low
726565,24.4537,79.1769,333.5,1.0,1.0,2025-04-14,908,1,MODIS,72,61.03,316.0,12.4,1,0,2025,4,14,908,9,8,2,5,47348,16741,17.5,0,Medium
39806,24.2345,93.5078,317.0,1.8,1.3,2017-04-13,454,0,MODIS,68,6.2,298.4,24.8,1,0,2017,4,13,454,4,54,2,2,57778,10542,18.600000000000023,0,Medium
177183,28.8953,78.0635,321.5,1.1,1.0,2019-01-20,811,1,MODIS,80,6.03,286.4,20.6,1,0,2019,1,20,811,8,11,1,7,41741,2018,35.10000000000002,0,Medium
494658,24.4158,93.6736,307.8,1.1,1.0,2022-10-15,703,1,MODIS,36,6.03,295.7,5.1,1,0,2022,10,15,703,7,3,4,2,57778,20,12.100000000000025,0,Low
434391,23.5652,87.2364,312.6,1.2,1.1,2021-12-16,1609,0,MODIS,85,6.03,286.3,18.3,0,2,2021,12,16,1609,16,9,1,12,49232,8420,26.30000000000001,0,Medium
455827,23.4485,69.5892,338.9,1.6,1.3,2022-03-16,904,1,MODIS,80,6.03,322.5,36.6,1,0,2022,3,16,904,9,4,2,10,21095,5604,16.399999999999977,0,High
758780,28.3714,77.9816,310.2,1.4,1.2,2025-12-06,915,1,MODIS,69,61.03,294.9,13.4,1,0,2025,12,6,915,9,15,1,7,41741,2618,15.300000000000011,0,Medium
121689,21.667,78.6741,333.0,1.1,1.1,2018-03-27,520,0,MODIS,64,6.03,319.4,14.4,1,0,2018,3,27,520,5,20,2,5,47348,12422,13.600000000000025,0,Medium
500831,30.8475,74.4863,314.1,1.0,1.0,2022-11-02,825,1,MODIS,48,6.03,299.9,5.7,1,0,2022,11,2,825,8,25,4,0,167610,73042,14.200000000000044,0,Low
518470,15.8809,75.5564,306.4,1.1,1.1,2023-01-04,1651,0,MODIS,68,61.03,289.2,9.1,0,0,2023,1,4,1651,16,51,1,3,38436,8477,17.19999999999999,0,Low
221481,24.8952,81.2662,338.1,1.1,1.0,2019-05-10,513,0,MODIS,71,6.03,321.0,13.6,1,0,2019,5,10,513,5,13,2,5,47348,4086,17.100000000000023,0,Medium
346628,23.5418,92.6097,319.4,4.6,2.0,2021-03-07,625,1,MODIS,76,6.03,295.1,129.0,1,0,2021,3,7,625,6,25,2,2,57778,42248,24.299999999999955,0,Extreme
322652,31.1711,76.1542,307.5,1.4,1.2,2020-12-19,753,1,MODIS,66,6.03,291.2,11.0,1,0,2020,12,19,753,7,53,1,0,167610,3314,16.30000000000001,0,Medium
87570,25.2842,82.0941,324.2,1.0,1.0,2018-01-28,752,1,MODIS,0,6.03,299.8,17.7,1,0,2018,1,28,752,7,52,1,5,47348,1762,24.399999999999977,0,Medium
757698,25.7035,78.9004,311.3,2.2,1.4,2025-12-02,957,1,MODIS,19,61.03,296.9,16.2,1,0,2025,12,2,957,9,57,1,4,76528,1065,14.400000000000034,0,Medium
26596,23.9796,82.2566,333.7,1.0,1.0,2017-03-30,752,1,MODIS,69,6.2,318.4,12.9,1,0,2017,3,30,752,7,52,2,5,47348,12422,15.300000000000011,0,Medium
62963,29.7782,76.993,312.5,1.0,1.0,2017-10-22,805,1,MODIS,55,6.2,299.2,4.5,1,0,2017,10,22,805,8,5,4,0,167610,39610,13.300000000000011,0,Low
529956,21.925,83.3551,305.8,1.0,1.0,2023-02-16,2023,1,MODIS,66,61.03,293.8,7.5,0,2,2023,2,16,2023,20,23,1,1,73921,9366,12.0,0,Low
294522,31.8051,74.9838,321.8,1.1,1.1,2020-10-03,824,1,MODIS,70,6.03,307.5,10.3,1,0,2020,10,3,824,8,24,4,0,167610,39610,14.300000000000011,0,Medium
622512,18.4735,80.2641,328.4,1.1,1.0,2024-04-01,839,1,MODIS,59,61.03,309.6,8.9,1,0,2024,4,1,839,8,39,2,13,47964,11656,18.799999999999955,0,Low
701984,18.0908,81.5981,325.9,1.0,1.0,2025-03-17,852,1,MODIS,51,61.03,314.7,7.7,1,0,2025,3,17,852,8,52,2,13,47964,18871,11.199999999999989,0,Low
357538,23.1024,73.7055,330.0,1.3,1.1,2021-03-17,840,1,MODIS,69,6.03,315.4,14.2,1,0,2021,3,17,840,8,40,2,10,21095,5604,14.600000000000025,0,Medium
149200,23.7852,86.3953,310.9,1.4,1.2,2018-08-10,1948,1,MODIS,51,6.03,287.9,16.0,0,2,2018,8,10,1948,19,48,3,12,49232,611,23.0,0,Medium
524463,27.5296,93.7053,319.3,1.0,1.0,2023-02-03,715,1,MODIS,79,61.03,291.9,15.4,1,0,2023,2,3,715,7,15,1,11,41370,5791,27.400000000000038,0,Medium
313143,31.0073,75.1666,321.7,2.1,1.4,2020-11-09,842,1,MODIS,77,6.03,298.8,36.7,1,0,2020,11,9,842,8,42,4,0,167610,73042,22.899999999999977,0,High
299814,34.4353,74.8367,310.0,1.0,1.0,2020-10-27,559,0,MODIS,67,6.03,290.8,10.2,1,0,2020,10,27,559,5,59,4,0,167610,39610,19.19999999999999,0,Medium
74526,29.5907,74.3268,341.6,1.0,1.0,2017-11-21,817,1,MODIS,91,6.2,301.5,41.0,1,0,2017,11,21,817,8,17,4,0,167610,73042,40.10000000000002,1,High
439400,15.652,79.243,315.9,1.2,1.1,2022-01-31,526,0,MODIS,55,6.03,303.6,6.6,1,0,2022,1,31,526,5,26,1,14,36148,3490,12.299999999999956,0,Low
118047,18.9416,79.2888,327.0,1.2,1.1,2018-03-24,757,1,MODIS,44,6.03,313.8,9.4,1,0,2018,3,24,757,7,57,2,13,47964,18871,13.199999999999989,0,Low
3369,17.4548,77.6215,319.1,1.1,1.1,2017-01-24,539,0,MODIS,64,6.2,307.2,8.3,1,0,2017,1,24,539,5,39,1,9,27481,3684,11.900000000000034,0,Low
51025,23.4138,76.9954,333.6,1.2,1.1,2017-05-02,525,0,MODIS,65,6.2,316.5,12.3,1,0,2017,5,2,525,5,25,2,4,76528,7507,17.100000000000023,0,Medium
489627,33.154,74.3109,338.1,1.7,1.3,2022-05-14,842,1,MODIS,81,6.03,315.8,50.0,1,0,2022,5,14,842,8,42,2,0,167610,31628,22.30000000000001,1,High
578555,22.0475,83.7385,310.1,1.0,1.0,2023-10-27,2039,1,MODIS,79,61.03,292.7,10.9,0,0,2023,10,27,2039,20,39,4,1,73921,2278,17.400000000000034,0,Medium
459221,25.3137,92.9619,319.5,1.1,1.0,2022-03-20,701,1,MODIS,68,6.03,302.7,9.7,1,0,2022,3,20,701,7,1,2,8,33148,19990,16.80000000000001,0,Low
509502,30.4001,74.586,317.6,1.0,1.0,2022-11-18,820,1,MODIS,70,6.03,295.1,9.5,1,0,2022,11,18,820,8,20,4,0,167610,73042,22.5,0,Low
768479,19.0965,82.1673,314.6,1.1,1.1,2026-01-14,936,1,MODIS,66,61.03,301.1,8.2,1,2,2026,1,14,936,9,36,1,13,47964,1969,13.5,0,Low
685319,23.7332,85.0097,310.9,2.3,1.5,2025-02-24,336,0,MODIS,64,61.03,299.4,19.8,1,2,2025,2,24,336,3,36,1,12,49232,3888,11.5,0,Medium
162294,30.4682,76.3553,329.7,1.1,1.0,2018-11-08,818,1,MODIS,83,6.03,300.3,22.4,1,0,2018,11,8,818,8,18,4,0,167610,73042,29.399999999999977,1,Medium
635340,19.3656,83.1942,373.7,1.7,1.3,2024-04-25,842,1,MODIS,100,61.03,314.9,235.9,1,0,2024,4,25,842,8,42,2,1,73921,9197,58.80000000000001,1,Extreme
629918,23.5178,91.768,326.4,1.0,1.0,2024-04-14,745,1,MODIS,78,61.03,303.0,14.5,1,0,2024,4,14,745,7,45,2,2,57778,10542,23.399999999999977,0,Medium
121034,24.4755,79.6235,331.5,1.4,1.2,2018-03-26,746,1,MODIS,68,6.03,315.8,19.0,1,0,2018,3,26,746,7,46,2,5,47348,12422,15.699999999999989,0,Medium
115753,20.3552,80.1606,334.8,1.1,1.0,2018-03-22,809,1,MODIS,73,6.03,314.8,15.6,1,0,2018,3,22,809,8,9,2,13,47964,18871,20.0,0,Medium
262956,18.5824,80.5881,330.0,2.9,1.6,2020-03-19,551,0,MODIS,81,6.03,298.9,88.8,1,0,2020,3,19,551,5,51,2,13,47964,18871,31.100000000000023,1,Extreme
311469,25.6552,76.5915,322.1,1.3,1.1,2020-11-08,758,1,MODIS,33,6.03,307.7,12.9,1,0,2020,11,8,758,7,58,4,4,76528,9210,14.400000000000034,0,Medium
194882,22.5763,92.6116,328.9,3.8,1.8,2019-03-25,631,1,MODIS,79,6.03,303.6,140.8,1,0,2019,3,25,631,6,31,2,2,57778,42248,25.299999999999955,0,Extreme
257854,23.1691,92.7476,335.6,1.0,1.0,2020-03-12,714,1,MODIS,86,6.03,301.8,31.4,1,0,2020,3,12,714,7,14,2,2,57778,42248,33.80000000000001,1,High
595725,25.3373,83.3636,308.9,1.0,1.0,2023-12-27,810,1,MODIS,54,61.03,296.7,3.9,1,0,2023,12,27,810,8,10,1,12,49232,8420,12.199999999999989,0,Low
556149,23.0456,75.9529,333.5,1.0,1.0,2023-04-11,514,0,MODIS,71,61.03,316.8,11.1,1,0,2023,4,11,514,5,14,2,4,76528,39620,16.69999999999999,0,Medium
105230,24.1014,92.5037,326.0,1.1,1.0,2018-03-09,703,1,MODIS,79,6.03,301.8,20.9,1,0,2018,3,9,703,7,3,2,2,57778,42248,24.19999999999999,0,Medium
715990,18.867,80.106,347.7,1.1,1.0,2025-03-30,910,1,MODIS,92,61.03,311.3,43.0,1,0,2025,3,30,910,9,10,2,13,47964,18871,36.39999999999998,1,High
143248,23.7213,86.441,315.8,1.0,1.0,2018-05-12,1628,0,MODIS,91,6.03,296.6,10.5,0,2,2018,5,12,1628,16,28,2,12,49232,3184,19.19999999999999,0,Medium
352049,24.9637,94.0565,317.9,1.8,1.3,2021-03-13,726,1,MODIS,59,6.03,304.4,14.6,1,0,2021,3,13,726,7,26,2,11,41370,18499,13.5,0,Medium
402559,31.0456,75.1145,314.9,1.0,1.0,2021-05-02,2059,1,MODIS,90,6.03,291.3,14.0,0,0,2021,5,2,2059,20,59,2,0,167610,31628,23.59999999999997,0,Medium
82089,21.3464,75.6279,301.3,1.0,1.0,2017-12-28,2044,1,MODIS,40,6.2,286.3,6.2,0,0,2017,12,28,2044,20,44,1,9,27481,2370,15.0,0,Low
278125,22.4924,77.2233,338.0,1.1,1.1,2020-04-13,544,0,MODIS,72,6.03,319.7,19.8,1,0,2020,4,13,544,5,44,2,4,76528,39620,18.30000000000001,0,Medium
477919,29.788,75.5722,330.6,1.3,1.1,2022-04-24,551,0,MODIS,68,6.03,314.7,11.5,1,0,2022,4,24,551,5,51,2,0,167610,7906,15.900000000000034,0,Medium
455356,25.045,94.6162,324.8,1.8,1.3,2022-03-16,726,1,MODIS,63,6.03,295.8,40.9,1,0,2022,3,16,726,7,26,2,11,41370,18499,29.0,0,High
510607,21.7862,81.8742,309.6,1.0,1.0,2022-11-23,458,0,MODIS,42,6.03,298.5,4.6,1,0,2022,11,23,458,4,58,4,5,47348,5930,11.100000000000025,0,Low
354749,24.8939,93.3014,331.6,1.1,1.0,2021-03-15,714,1,MODIS,83,6.03,298.3,27.3,1,0,2021,3,15,714,7,14,2,2,57778,42248,33.30000000000001,1,Medium
622804,24.5035,79.4069,334.0,1.1,1.1,2024-04-01,841,1,MODIS,65,61.03,317.9,13.6,1,0,2024,4,1,841,8,41,2,5,47348,16741,16.100000000000023,0,Medium
95260,19.2462,74.031,323.9,1.0,1.0,2018-02-26,551,0,MODIS,53,6.03,311.3,8.6,1,0,2018,2,26,551,5,51,1,3,38436,8837,12.599999999999966,0,Low
429646,29.4642,76.7883,319.9,1.1,1.0,2021-11-16,818,1,MODIS,74,6.03,302.3,11.8,1,0,2021,11,16,818,8,18,4,0,167610,73042,17.599999999999966,0,Medium
645403,20.6933,81.5073,325.7,1.3,1.1,2024-05-19,421,0,MODIS,53,61.03,300.4,8.8,1,0,2024,5,19,421,4,21,2,13,47964,4838,25.30000000000001,0,Low
352718,25.7913,94.5039,328.7,2.0,1.4,2021-03-13,727,1,MODIS,82,6.03,298.9,63.0,1,0,2021,3,13,727,7,27,2,11,41370,18499,29.80000000000001,1,Extreme
457496,24.0361,93.9407,344.1,1.1,1.0,2022-03-18,713,1,MODIS,92,6.03,305.5,48.0,1,0,2022,3,18,713,7,13,2,2,57778,42248,38.60000000000002,1,High
122879,23.4697,80.6874,327.0,2.0,1.4,2018-03-28,734,1,MODIS,52,6.03,315.2,17.8,1,0,2018,3,28,734,7,34,2,5,47348,12422,11.800000000000011,0,Medium
27314,22.4713,81.26,331.6,1.1,1.0,2017-03-31,525,0,MODIS,57,6.2,316.5,13.3,1,0,2017,3,31,525,5,25,2,5,47348,12422,15.100000000000025,0,Medium
167387,30.4528,74.1008,334.2,1.1,1.0,2018-11-17,811,1,MODIS,87,6.03,292.5,30.9,1,0,2018,11,17,811,8,11,4,0,167610,73042,41.69999999999999,1,High
700478,19.3389,80.8614,342.0,1.3,1.1,2025-03-15,912,1,MODIS,88,61.03,308.2,50.0,1,0,2025,3,15,912,9,12,2,13,47964,18871,33.80000000000001,1,High
519543,15.1726,75.0311,305.6,1.0,1.0,2023-01-09,1700,0,MODIS,65,61.03,285.3,8.5,0,0,2023,1,9,1700,17,0,1,3,38436,8477,20.30000000000001,0,Low
684401,26.1576,93.9747,300.1,1.9,1.3,2025-02-22,354,0,MODIS,25,61.03,286.3,4.6,1,0,2025,2,22,354,3,54,1,11,41370,5791,13.800000000000011,0,Low
633794,27.1128,82.5971,301.6,1.0,1.0,2024-04-21,1603,0,MODIS,19,61.03,289.2,4.1,0,0,2024,4,21,1603,16,3,2,7,41741,15320,12.400000000000034,0,Low
110614,25.9241,92.1114,312.3,1.1,1.1,2018-03-14,721,1,MODIS,47,6.03,297.4,5.7,1,0,2018,3,14,721,7,21,2,8,33148,19990,14.900000000000034,0,Low
100793,10.4767,76.5745,317.0,4.0,1.9,2018-03-05,902,1,MODIS,61,6.03,302.9,51.9,1,0,2018,3,5,902,9,2,2,6,13460,3928,14.100000000000025,0,High
671910,13.4593,75.8856,318.8,1.2,1.1,2025-01-07,926,1,MODIS,60,61.03,300.7,15.1,1,0,2025,1,7,926,9,26,1,14,36148,3490,18.100000000000023,0,Medium
471898,22.8638,78.4303,339.5,1.6,1.3,2022-04-10,541,0,MODIS,83,6.03,315.8,45.5,1,0,2022,4,10,541,5,41,2,4,76528,39620,23.69999999999999,1,High
241220,29.5784,76.6035,320.3,1.2,1.1,2019-11-06,759,1,MODIS,37,6.03,302.4,10.4,1,0,2019,11,6,759,7,59,4,0,167610,73042,17.900000000000034,0,Medium
357398,25.135,93.7363,340.2,1.0,1.0,2021-03-17,702,1,MODIS,90,6.03,300.8,39.4,1,0,2021,3,17,702,7,2,2,11,41370,18499,39.39999999999998,1,High
452574,25.421,90.9513,380.7,1.7,1.3,2022-03-14,738,1,MODIS,100,6.03,305.9,319.0,1,0,2022,3,14,738,7,38,2,8,33148,19990,74.80000000000001,1,Extreme
738310,28.0254,77.5458,334.4,2.2,1.4,2025-05-06,843,1,MODIS,84,61.03,299.1,67.5,1,0,2025,5,6,843,8,43,2,0,167610,31628,35.299999999999955,1,Extreme
620082,21.9325,79.496,320.5,1.1,1.1,2024-03-27,437,0,MODIS,60,61.03,305.0,7.5,1,0,2024,3,27,437,4,37,2,5,47348,12422,15.5,0,Low
461308,28.168,80.3273,319.3,2.4,1.5,2022-03-22,828,1,MODIS,64,6.03,304.6,25.2,1,0,2022,3,22,828,8,28,2,7,41741,3895,14.699999999999989,0,Medium
377471,23.7053,84.2286,303.7,1.0,1.0,2021-03-31,1638,0,MODIS,56,6.03,292.1,4.7,0,0,2021,3,31,1638,16,38,2,12,49232,10270,11.599999999999966,0,Low
219706,24.3197,82.8263,333.3,1.2,1.1,2019-05-08,525,0,MODIS,65,6.03,318.5,11.0,1,0,2019,5,8,525,5,25,2,5,47348,4086,14.800000000000011,0,Medium
728837,23.5525,75.7917,309.3,1.8,1.3,2025-04-19,1546,0,MODIS,71,61.03,295.3,18.7,0,0,2025,4,19,1546,15,46,2,4,76528,39620,14.0,0,Medium
183999,18.0061,75.2154,301.0,1.2,1.1,2019-02-25,1709,0,MODIS,37,6.03,290.9,5.0,0,0,2019,2,25,1709,17,9,1,3,38436,8837,10.100000000000025,0,Low
240434,30.4863,75.788,327.6,1.0,1.0,2019-11-04,811,1,MODIS,79,6.03,301.8,16.2,1,0,2019,11,4,811,8,11,4,0,167610,73042,25.80000000000001,0,Medium
238601,30.1974,74.4066,312.4,4.8,2.0,2019-11-03,907,1,MODIS,43,6.03,290.4,54.5,1,0,2019,11,3,907,9,7,4,0,167610,73042,22.0,0,High
396635,23.6648,77.8893,332.0,2.1,1.4,2021-04-22,505,0,MODIS,64,6.03,312.4,32.1,1,0,2021,4,22,505,5,5,2,4,76528,39620,19.600000000000023,0,High
103688,12.8269,77.6734,325.7,1.9,1.3,2018-03-08,755,1,MODIS,68,6.03,308.8,25.6,1,2,2018,3,8,755,7,55,2,6,13460,3928,16.899999999999977,0,Medium
672604,19.1684,76.5662,314.4,1.7,1.3,2025-01-11,849,1,MODIS,63,61.03,297.7,13.7,1,0,2025,1,11,849,8,49,1,9,27481,3684,16.69999999999999,0,Medium
288183,30.8638,74.667,331.5,2.0,1.4,2020-05-09,618,0,MODIS,77,6.03,312.0,24.2,1,0,2020,5,9,618,6,18,2,0,167610,31628,19.5,0,Medium
73192,30.854,74.6466,314.7,1.9,1.3,2017-11-17,842,1,MODIS,54,6.2,292.0,21.3,1,0,2017,11,17,842,8,42,4,0,167610,73042,22.69999999999999,0,Medium
592618,20.9722,85.0175,303.3,1.3,1.1,2023-12-12,1552,0,MODIS,41,61.03,285.8,8.7,0,0,2023,12,12,1552,15,52,1,1,73921,11178,17.5,0,Low
559824,13.9507,79.1016,341.4,1.0,1.0,2023-04-13,501,0,MODIS,86,61.03,310.7,30.6,1,0,2023,4,13,501,5,1,2,14,36148,3614,30.69999999999999,1,High
71239,20.9642,85.178,312.9,1.1,1.1,2017-11-06,1645,0,MODIS,86,6.2,293.5,13.2,0,2,2017,11,6,1645,16,45,4,1,73921,2885,19.399999999999977,0,Medium
28300,23.9131,82.4124,334.8,1.2,1.1,2017-04-01,739,1,MODIS,73,6.2,315.6,21.4,1,0,2017,4,1,739,7,39,2,5,47348,16741,19.19999999999999,0,Medium
517185,23.801,86.3243,305.4,1.1,1.0,2022-12-27,1618,0,MODIS,19,6.03,291.8,7.2,0,2,2022,12,27,1618,16,18,1,12,49232,8420,13.599999999999966,0,Low
229919,20.293,82.251,311.9,1.3,1.1,2019-06-11,2031,1,MODIS,83,6.03,294.2,11.2,0,0,2019,6,11,2031,20,31,3,1,73921,1828,17.69999999999999,0,Medium
374076,15.5893,78.8207,328.2,1.0,1.0,2021-03-30,807,1,MODIS,47,6.03,308.2,8.4,1,0,2021,3,30,807,8,7,2,14,36148,12659,20.0,0,Low
109242,25.558,90.4893,309.7,3.5,1.8,2018-03-13,639,1,MODIS,48,6.03,290.3,32.7,1,0,2018,3,13,639,6,39,2,8,33148,19990,19.399999999999977,0,High
95455,15.9851,78.8096,334.3,2.4,1.5,2018-02-27,457,0,MODIS,82,6.03,306.8,84.2,1,0,2018,2,27,457,4,57,1,14,36148,10539,27.5,1,Extreme
744880,21.1945,81.4137,303.0,2.0,1.4,2025-10-12,1509,0,MODIS,53,61.03,292.5,9.0,0,2,2025,10,12,1509,15,9,4,5,47348,737,10.5,0,Low
207470,23.7418,77.6352,310.2,1.0,1.0,2019-04-14,1710,0,MODIS,77,6.03,295.8,8.1,0,0,2019,4,14,1710,17,10,2,4,76528,39620,14.399999999999975,0,Low
618858,31.0189,77.589,350.5,1.1,1.0,2024-03-20,841,1,MODIS,96,61.03,300.7,63.2,1,0,2024,3,20,841,8,41,2,0,167610,2014,49.80000000000001,1,Extreme
69350,25.594,76.5482,323.0,1.4,1.2,2017-11-03,828,1,MODIS,50,6.2,305.2,14.9,1,0,2017,11,3,828,8,28,4,4,76528,9210,17.80000000000001,0,Medium
14521,22.0339,86.1727,321.2,1.0,1.0,2017-03-03,501,0,MODIS,57,6.2,308.3,8.5,1,0,2017,3,3,501,5,1,2,12,49232,10270,12.899999999999975,0,Low
32999,22.676,77.1527,308.1,1.0,1.0,2017-04-08,1710,0,MODIS,73,6.2,291.5,8.2,0,0,2017,4,8,1710,17,10,2,4,76528,39620,16.600000000000023,0,Low
88083,21.8775,86.8086,321.3,1.5,1.2,2018-01-31,513,0,MODIS,76,6.03,302.3,22.4,1,0,2018,1,31,513,5,13,1,12,49232,3185,19.0,0,Medium
344592,18.7137,73.1284,331.4,1.5,1.2,2021-03-05,815,1,MODIS,58,6.03,314.7,23.5,1,0,2021,3,5,815,8,15,2,3,38436,7918,16.69999999999999,0,Medium
463744,19.3981,83.6775,329.8,1.2,1.1,2022-03-26,801,1,MODIS,73,6.03,303.2,18.4,1,0,2022,3,26,801,8,1,2,1,73921,19544,26.600000000000023,0,Medium
59425,17.9535,80.81,304.4,1.0,1.0,2017-10-04,2026,1,MODIS,60,6.2,291.2,4.4,0,0,2017,10,4,2026,20,26,4,13,47964,499,13.199999999999989,0,Low
682126,24.0393,79.9271,321.0,1.0,1.0,2025-02-15,854,1,MODIS,71,61.03,304.4,8.7,1,0,2025,2,15,854,8,54,1,5,47348,2034,16.600000000000023,0,Low
105552,25.5771,90.3128,348.2,1.4,1.2,2018-03-09,703,1,MODIS,94,6.03,301.7,81.8,1,0,2018,3,9,703,7,3,2,8,33148,19990,46.5,1,Extreme
768263,19.4292,74.7052,305.2,1.5,1.2,2026-01-13,433,0,MODIS,37,61.03,293.1,7.2,1,0,2026,1,13,433,4,33,1,3,38436,8477,12.099999999999966,0,Low
21967,20.4919,83.3187,328.4,1.0,1.0,2017-03-23,745,1,MODIS,55,6.2,313.5,8.2,1,0,2017,3,23,745,7,45,2,1,73921,19544,14.899999999999975,0,Low
567144,19.7023,73.1907,335.4,1.0,1.0,2023-04-25,838,1,MODIS,67,61.03,318.7,11.1,1,0,2023,4,25,838,8,38,2,3,38436,3037,16.69999999999999,0,Medium
227712,29.789,80.3833,305.8,1.0,1.0,2019-05-27,1654,0,MODIS,66,6.03,292.9,5.5,0,0,2019,5,27,1654,16,54,2,7,41741,6465,12.900000000000034,0,Low
493470,14.5639,79.5359,314.1,2.8,1.6,2022-07-31,539,0,MODIS,59,6.03,284.9,29.0,1,0,2022,7,31,539,5,39,3,14,36148,127,29.200000000000045,0,Medium
352948,13.8316,79.3115,331.6,1.5,1.2,2021-03-14,502,0,MODIS,77,6.03,305.9,40.0,1,0,2021,3,14,502,5,2,2,14,36148,12659,25.700000000000045,0,High
175467,22.1033,82.4753,306.7,1.1,1.0,2019-01-11,507,0,MODIS,50,6.03,296.1,4.3,1,0,2019,1,11,507,5,7,1,1,73921,10736,10.599999999999966,0,Low
361252,23.7296,92.0264,324.9,1.1,1.0,2021-03-22,720,1,MODIS,74,6.03,300.3,14.6,1,0,2021,3,22,720,7,20,2,2,57778,42248,24.59999999999997,0,Medium
31837,22.7938,78.3646,319.6,1.6,1.2,2017-04-06,1722,0,MODIS,99,6.2,294.6,30.4,0,0,2017,4,6,1722,17,22,2,4,76528,39620,25.0,1,High
150404,20.7925,85.2534,312.6,1.1,1.1,2018-10-08,1646,0,MODIS,85,6.03,296.3,11.3,0,2,2018,10,8,1646,16,46,4,1,73921,2278,16.30000000000001,0,Medium
154614,30.3183,76.0842,314.1,1.8,1.3,2018-10-28,836,1,MODIS,59,6.03,300.9,12.4,1,0,2018,10,28,836,8,36,4,0,167610,39610,13.200000000000044,0,Medium
734571,24.4924,85.7648,334.8,1.1,1.0,2025-04-26,845,1,MODIS,74,61.03,317.9,16.0,1,0,2025,4,26,845,8,45,2,12,49232,12010,16.900000000000034,0,Medium
483633,29.5808,79.5756,343.7,1.2,1.1,2022-04-29,748,1,MODIS,91,6.03,304.7,48.8,1,0,2022,4,29,748,7,48,2,7,41741,15320,39.0,1,High
464588,21.1733,82.99,325.7,2.2,1.4,2022-03-27,529,0,MODIS,67,6.03,311.8,23.8,1,0,2022,3,27,529,5,29,2,1,73921,19544,13.899999999999975,0,Medium
207878,25.0399,83.9195,308.3,1.8,1.3,2019-04-15,1615,0,MODIS,69,6.03,295.7,16.1,0,0,2019,4,15,1615,16,15,2,12,49232,12010,12.600000000000025,0,Medium
134892,19.2561,83.1602,328.5,1.5,1.2,2018-04-23,809,1,MODIS,68,6.03,304.1,25.4,1,0,2018,4,23,809,8,9,2,1,73921,9197,24.399999999999977,0,Medium
475395,20.9648,85.1767,314.8,1.0,1.0,2022-04-19,1629,0,MODIS,86,6.03,299.9,9.1,0,2,2022,4,19,1629,16,29,2,1,73921,9197,14.900000000000034,0,Low
542272,24.4062,92.7168,331.7,1.5,1.2,2023-03-08,737,1,MODIS,85,61.03,304.0,40.9,1,0,2023,3,8,737,7,37,2,2,57778,42248,27.69999999999999,1,High
241469,30.8532,76.2645,314.3,1.2,1.1,2019-11-06,759,1,MODIS,44,6.03,298.9,7.6,1,0,2019,11,6,759,7,59,4,0,167610,73042,15.400000000000034,0,Low
319377,16.3592,75.3435,306.4,1.1,1.0,2020-12-01,1726,0,MODIS,68,6.03,289.1,9.5,0,0,2020,12,1,1726,17,26,1,3,38436,5945,17.299999999999955,0,Low
725745,19.2886,80.5385,331.6,2.1,1.4,2025-04-12,927,1,MODIS,73,61.03,305.8,42.2,1,0,2025,4,12,927,9,27,2,13,47964,11656,25.80000000000001,0,High
497446,30.606,76.1471,320.7,1.1,1.0,2022-10-28,809,1,MODIS,75,6.03,303.6,12.2,1,0,2022,10,28,809,8,9,4,0,167610,39610,17.099999999999966,0,Medium
298728,25.7383,78.3671,321.6,1.6,1.2,2020-10-25,746,1,MODIS,59,6.03,306.9,14.6,1,0,2020,10,25,746,7,46,4,4,76528,1622,14.700000000000044,0,Medium
536203,25.3761,93.5628,336.1,1.7,1.3,2023-03-01,736,1,MODIS,77,61.03,289.7,70.2,1,0,2023,3,1,736,7,36,2,11,41370,18499,46.400000000000034,0,Extreme
233072,29.8077,76.9856,314.5,1.1,1.1,2019-10-21,759,1,MODIS,60,6.03,300.8,7.0,1,0,2019,10,21,759,7,59,4,0,167610,39610,13.699999999999989,0,Low
254280,16.1681,78.934,327.1,1.1,1.1,2020-02-17,802,1,MODIS,52,6.03,312.6,13.6,1,0,2020,2,17,802,8,2,1,14,36148,10539,14.5,0,Medium
371044,17.5238,80.8855,324.7,1.6,1.2,2021-03-28,820,1,MODIS,53,6.03,309.0,13.2,1,0,2021,3,28,820,8,20,2,13,47964,18871,15.699999999999989,0,Medium
578112,29.8639,75.7999,314.9,1.0,1.0,2023-10-27,832,1,MODIS,55,61.03,303.3,5.7,1,0,2023,10,27,832,8,32,4,0,167610,39610,11.599999999999966,0,Low
347283,19.6745,80.0599,324.3,1.0,1.0,2021-03-07,802,1,MODIS,50,6.03,310.2,8.2,1,0,2021,3,7,802,8,2,2,13,47964,18871,14.100000000000025,0,Low
504410,31.027,75.0991,319.3,1.1,1.0,2022-11-09,829,1,MODIS,46,6.03,293.7,12.7,1,0,2022,11,9,829,8,29,4,0,167610,73042,25.600000000000023,0,Medium
663442,26.2774,82.2794,312.5,1.0,1.0,2024-11-27,836,1,MODIS,64,61.03,298.0,6.8,1,0,2024,11,27,836,8,36,4,7,41741,5012,14.5,0,Low
50918,21.6792,77.4709,311.4,1.1,1.1,2017-05-01,1716,0,MODIS,80,6.2,297.0,9.2,0,0,2017,5,1,1716,17,16,2,4,76528,7507,14.399999999999975,0,Low
748054,34.683,74.6534,337.2,1.2,1.1,2025-11-03,925,1,MODIS,90,61.03,289.8,49.4,1,0,2025,11,3,925,9,25,4,0,167610,73042,47.39999999999998,1,High
577572,22.3611,77.465,318.8,1.1,1.0,2023-10-25,509,0,MODIS,59,61.03,306.1,9.0,1,0,2023,10,25,509,5,9,4,4,76528,1622,12.699999999999989,0,Low
773226,18.1119,75.2755,303.6,1.1,1.0,2026-01-31,1543,0,MODIS,56,61.03,290.9,6.7,0,0,2026,1,31,1543,15,43,1,3,38436,8477,12.700000000000044,0,Low
103719,18.2797,80.8074,328.0,1.0,1.0,2018-03-08,756,1,MODIS,71,6.03,311.2,11.9,1,0,2018,3,8,756,7,56,2,13,47964,18871,16.80000000000001,0,Medium
45440,14.4011,79.2776,338.1,1.2,1.1,2017-04-18,820,1,MODIS,76,6.2,311.5,22.0,1,0,2017,4,18,820,8,20,2,14,36148,3614,26.600000000000023,0,Medium
293184,23.6956,86.0821,306.9,1.0,1.0,2020-07-03,2006,1,MODIS,70,6.03,287.9,5.2,0,2,2020,7,3,2006,20,6,3,12,49232,603,19.0,0,Low
82028,10.8417,76.6347,319.3,1.1,1.1,2017-12-28,831,1,MODIS,65,6.2,305.4,12.2,1,0,2017,12,28,831,8,31,1,6,13460,374,13.900000000000034,0,Medium
414013,29.9671,75.4428,315.8,1.0,1.0,2021-11-01,543,0,MODIS,66,6.03,300.6,8.0,1,0,2021,11,1,543,5,43,4,0,167610,73042,15.199999999999989,0,Low
701922,19.1785,80.3221,320.4,1.1,1.1,2025-03-17,852,1,MODIS,57,61.03,304.3,7.5,1,0,2025,3,17,852,8,52,2,13,47964,18871,16.099999999999966,0,Low
476117,27.5946,80.0514,348.5,1.0,1.0,2022-04-20,755,1,MODIS,91,6.03,316.0,40.1,1,0,2022,4,20,755,7,55,2,7,41741,15320,32.5,1,High
266882,23.1572,91.7408,322.3,1.0,1.0,2020-03-28,714,1,MODIS,69,6.03,305.2,9.0,1,0,2020,3,28,714,7,14,2,2,57778,42248,17.100000000000023,0,Low
633517,28.6456,80.1666,331.7,1.5,1.2,2024-04-21,505,0,MODIS,82,61.03,307.9,36.9,1,0,2024,4,21,505,5,5,2,7,41741,15320,23.80000000000001,1,High
8602,25.7915,94.9317,329.2,2.9,1.6,2017-02-18,352,0,MODIS,86,6.2,293.8,123.2,1,0,2017,2,18,352,3,52,1,11,41370,5791,35.39999999999998,1,Extreme
146,21.4111,83.0533,312.7,1.0,1.0,2017-01-02,744,1,MODIS,58,6.2,300.5,5.3,1,0,2017,1,2,744,7,44,1,1,73921,10736,12.199999999999989,0,Low
486177,30.7066,74.9738,332.5,1.0,1.0,2022-05-02,819,1,MODIS,27,6.03,313.7,8.1,1,0,2022,5,2,819,8,19,2,0,167610,31628,18.80000000000001,0,Low
103024,25.7741,90.3967,331.5,1.0,1.0,2018-03-07,715,1,MODIS,83,6.03,307.8,23.6,1,0,2018,3,7,715,7,15,2,8,33148,19990,23.69999999999999,1,Medium
230834,22.5793,78.0767,315.9,1.5,1.2,2019-07-23,550,0,MODIS,0,6.03,291.7,11.6,1,0,2019,7,23,550,5,50,3,4,76528,108,24.19999999999999,0,Medium
243401,30.1827,74.6121,309.4,1.0,1.0,2019-11-11,817,1,MODIS,55,6.03,272.9,10.5,1,0,2019,11,11,817,8,17,4,0,167610,73042,36.5,0,Medium
32315,23.4517,74.3166,326.5,2.2,1.4,2017-04-08,614,0,MODIS,43,6.2,313.0,30.5,1,0,2017,4,8,614,6,14,2,10,21095,4258,13.5,0,High
678485,18.5631,73.7209,339.6,1.1,1.0,2025-02-06,931,1,MODIS,87,61.03,306.7,35.6,1,0,2025,2,6,931,9,31,1,3,38436,8837,32.900000000000034,1,High
708831,23.5446,78.1278,332.1,1.0,1.0,2025-03-25,912,1,MODIS,70,61.03,317.5,13.4,1,0,2025,3,25,912,9,12,2,4,76528,13167,14.600000000000025,0,Medium
10689,22.7198,86.2031,321.6,1.0,1.0,2017-02-24,454,0,MODIS,65,6.2,306.6,9.9,1,0,2017,2,24,454,4,54,1,12,49232,3888,15.0,0,Low
557549,26.0955,93.2921,327.8,1.4,1.2,2023-04-11,701,1,MODIS,79,61.03,303.7,28.6,1,0,2023,4,11,701,7,1,2,11,41370,8105,24.100000000000023,0,Medium
312243,30.4543,76.0667,316.0,1.2,1.1,2020-11-08,759,1,MODIS,64,6.03,304.5,7.0,1,0,2020,11,8,759,7,59,4,0,167610,73042,11.5,0,Low
74391,23.7834,86.3465,302.7,1.8,1.3,2017-11-20,1941,1,MODIS,51,6.2,291.9,13.3,0,0,2017,11,20,1941,19,41,4,12,49232,3375,10.800000000000011,0,Medium
124822,19.6016,83.4101,340.6,2.6,1.5,2018-03-30,720,1,MODIS,88,6.03,299.0,141.8,1,0,2018,3,30,720,7,20,2,1,73921,19544,41.60000000000002,1,Extreme
334641,12.818,76.7044,328.6,1.0,1.0,2021-02-15,825,1,MODIS,74,6.03,313.2,11.3,1,0,2021,2,15,825,8,25,1,6,13460,3893,15.400000000000034,0,Medium
433533,24.9923,81.533,310.3,1.3,1.1,2021-12-08,740,1,MODIS,54,6.03,299.7,6.1,1,0,2021,12,8,740,7,40,1,5,47348,2981,10.600000000000025,0,Low
490537,24.1599,82.6803,338.7,1.1,1.1,2022-05-20,802,1,MODIS,78,6.03,316.4,15.0,1,2,2022,5,20,802,8,2,2,5,47348,4086,22.30000000000001,0,Medium
483387,24.4673,93.18,313.9,3.3,1.7,2022-04-29,746,1,MODIS,46,6.03,295.2,35.6,1,0,2022,4,29,746,7,46,2,2,57778,10542,18.69999999999999,0,High
392883,22.9915,77.6989,335.0,1.8,1.3,2021-04-14,554,0,MODIS,80,6.03,312.6,39.3,1,0,2021,4,14,554,5,54,2,4,76528,39620,22.399999999999977,0,High
368079,24.7691,80.5334,339.8,3.2,1.7,2021-03-26,834,1,MODIS,85,6.03,310.8,149.0,1,0,2021,3,26,834,8,34,2,5,47348,12422,29.0,1,Extreme
678645,21.6575,84.2165,318.1,1.1,1.0,2025-02-07,833,1,MODIS,51,61.03,304.6,9.2,1,0,2025,2,7,833,8,33,1,1,73921,9366,13.5,0,Low
507764,14.8507,75.7289,306.3,1.1,1.1,2022-11-13,1710,0,MODIS,68,6.03,292.0,7.6,0,0,2022,11,13,1710,17,10,4,14,36148,1186,14.300000000000011,0,Low
48478,27.1227,82.5981,336.0,3.8,1.8,2017-04-25,829,1,MODIS,81,6.2,311.1,136.7,1,0,2017,4,25,829,8,29,2,7,41741,15320,24.899999999999977,1,Extreme
416930,30.1218,74.2268,312.4,1.9,1.4,2021-11-04,753,1,MODIS,44,6.03,300.0,12.5,1,0,2021,11,4,753,7,53,4,0,167610,73042,12.399999999999975,0,Medium
371678,22.8389,76.8343,336.7,1.1,1.0,2021-03-28,822,1,MODIS,53,6.03,320.0,12.1,1,0,2021,3,28,822,8,22,2,4,76528,13167,16.69999999999999,0,Medium
250752,23.4268,87.7255,312.5,1.1,1.1,2020-01-20,739,1,MODIS,65,6.03,301.0,6.7,1,0,2020,1,20,739,7,39,1,12,49232,3185,11.5,0,Low
702471,25.5523,90.9986,334.6,3.8,1.8,2025-03-17,854,1,MODIS,86,61.03,295.7,200.6,1,0,2025,3,17,854,8,54,2,8,33148,19990,38.900000000000034,1,Extreme
673792,26.0689,84.7659,312.3,1.0,1.0,2025-01-18,832,1,MODIS,70,61.03,298.3,8.3,1,0,2025,1,18,832,8,32,1,12,49232,3185,14.0,0,Low
24803,19.5918,80.1294,328.3,1.0,1.0,2017-03-28,803,1,MODIS,40,6.2,313.7,8.8,1,0,2017,3,28,803,8,3,2,13,47964,18871,14.600000000000025,0,Low
222511,18.4568,81.7813,334.9,1.2,1.1,2019-05-12,808,1,MODIS,73,6.03,308.7,16.4,1,0,2019,5,12,808,8,8,2,13,47964,4838,26.19999999999999,0,Medium
553828,26.1489,93.6568,324.6,4.1,1.9,2023-04-08,632,1,MODIS,81,61.03,296.6,131.7,1,0,2023,4,8,632,6,32,2,11,41370,8105,28.0,1,Extreme
99002,25.2815,93.6558,320.0,2.9,1.6,2018-03-03,740,1,MODIS,76,6.03,292.0,68.7,1,0,2018,3,3,740,7,40,2,11,41370,18499,28.0,0,Extreme
377738,19.2609,81.1403,335.5,2.3,1.5,2021-04-01,448,0,MODIS,82,6.03,303.1,85.3,1,0,2021,4,1,448,4,48,2,13,47964,11656,32.39999999999998,1,Extreme
63207,31.4389,75.1842,325.4,1.1,1.0,2017-10-22,805,1,MODIS,65,6.2,303.6,16.3,1,0,2017,10,22,805,8,5,4,0,167610,39610,21.799999999999955,0,Medium
325879,20.9683,86.1594,334.5,1.0,1.0,2021-01-06,738,1,MODIS,85,6.03,305.6,24.0,1,0,2021,1,6,738,7,38,1,1,73921,10736,28.899999999999977,1,Medium
721810,23.3009,84.2821,323.2,1.1,1.0,2025-04-06,850,1,MODIS,47,61.03,310.3,7.1,1,0,2025,4,6,850,8,50,2,12,49232,12010,12.899999999999975,0,Low
517222,18.812,73.0957,321.3,1.2,1.1,2022-12-28,850,1,MODIS,64,6.03,308.0,11.2,1,0,2022,12,28,850,8,50,1,3,38436,5945,13.300000000000011,0,Medium
185580,15.1402,78.8555,335.7,1.1,1.1,2019-03-07,820,1,MODIS,64,6.03,321.4,15.3,1,0,2019,3,7,820,8,20,2,14,36148,12659,14.300000000000011,0,Medium
692126,21.4568,82.0868,328.3,1.0,1.0,2025-03-07,853,1,MODIS,70,61.03,315.2,10.0,1,0,2025,3,7,853,8,53,2,1,73921,19544,13.100000000000025,0,Low
572034,19.5533,79.9434,338.7,1.4,1.2,2023-05-21,443,0,MODIS,84,61.03,307.4,37.2,1,0,2023,5,21,443,4,43,2,13,47964,4838,31.30000000000001,1,High
96067,22.4637,77.7801,324.8,1.1,1.0,2018-02-27,804,1,MODIS,68,6.03,312.2,9.6,1,0,2018,2,27,804,8,4,1,4,76528,2331,12.600000000000025,0,Low
104241,25.3185,90.3273,328.0,3.6,1.8,2018-03-08,758,1,MODIS,80,6.03,299.6,118.4,1,0,2018,3,8,758,7,58,2,8,33148,19990,28.399999999999977,0,Extreme
111534,25.5531,92.0013,309.5,1.0,1.0,2018-03-17,441,0,MODIS,40,6.03,297.8,3.5,1,0,2018,3,17,441,4,41,2,8,33148,19990,11.699999999999989,0,Low
144399,31.4205,75.611,333.3,1.2,1.1,2018-05-19,536,0,MODIS,76,6.03,313.2,15.3,1,0,2018,5,19,536,5,36,2,0,167610,31628,20.100000000000023,0,Medium
472781,23.9634,78.6328,350.1,1.0,1.0,2022-04-14,516,0,MODIS,92,6.03,318.8,41.4,1,0,2022,4,14,516,5,16,2,4,76528,39620,31.30000000000001,1,High
505744,30.3126,75.4128,326.8,1.0,1.0,2022-11-11,816,1,MODIS,78,6.03,301.2,17.5,1,0,2022,11,11,816,8,16,4,0,167610,73042,25.600000000000023,0,Medium
736911,24.524,77.7482,329.7,1.0,1.0,2025-05-01,434,0,MODIS,58,61.03,316.7,8.2,1,0,2025,5,1,434,4,34,2,4,76528,7507,13.0,0,Low
364369,23.8507,92.0325,328.3,1.0,1.0,2021-03-24,708,1,MODIS,79,6.03,303.5,16.9,1,0,2021,3,24,708,7,8,2,2,57778,42248,24.80000000000001,0,Medium
182899,20.9563,85.1755,334.8,1.3,1.1,2019-02-23,757,1,MODIS,85,6.03,306.9,35.1,1,2,2019,2,23,757,7,57,1,1,73921,9366,27.900000000000038,1,High
768964,14.2294,77.2016,312.8,3.8,1.8,2026-01-16,913,1,MODIS,53,61.03,296.8,26.8,1,0,2026,1,16,913,9,13,1,14,36148,3490,16.0,0,Medium
50009,25.7441,94.7758,387.8,2.9,1.6,2017-04-29,626,1,MODIS,100,6.2,297.1,843.3,1,0,2017,4,29,626,6,26,2,11,41370,8105,90.7,1,Extreme
193292,18.5286,82.3163,320.8,1.5,1.2,2019-03-22,738,1,MODIS,40,6.03,301.3,16.3,1,0,2019,3,22,738,7,38,2,13,47964,18871,19.5,0,Medium
328657,17.4918,77.8899,321.0,3.7,1.8,2021-01-26,851,1,MODIS,57,6.03,303.6,49.2,1,2,2021,1,26,851,8,51,1,9,27481,3684,17.399999999999977,0,High
174686,27.0411,84.1468,312.5,1.4,1.2,2019-01-06,758,1,MODIS,70,6.03,297.1,12.4,1,0,2019,1,6,758,7,58,1,12,49232,3185,15.399999999999975,0,Medium
361250,24.1239,93.553,318.2,1.3,1.1,2021-03-22,720,1,MODIS,49,6.03,303.8,8.2,1,0,2021,3,22,720,7,20,2,2,57778,42248,14.399999999999975,0,Low
38316,23.2007,93.0426,348.5,1.2,1.1,2017-04-12,720,1,MODIS,94,6.2,302.3,66.3,1,0,2017,4,12,720,7,20,2,2,57778,10542,46.19999999999999,1,Extreme
447437,26.41,94.6144,344.9,3.2,1.7,2022-03-08,457,0,MODIS,93,6.03,296.1,273.8,1,0,2022,3,8,457,4,57,2,11,41370,18499,48.79999999999996,1,Extreme
372986,25.5853,92.9289,335.7,1.5,1.2,2021-03-29,727,1,MODIS,87,6.03,300.3,49.8,1,0,2021,3,29,727,7,27,2,8,33148,19990,35.39999999999998,1,High
318564,17.9961,75.8859,300.2,1.1,1.0,2020-11-26,1708,0,MODIS,19,6.03,275.9,6.1,0,0,2020,11,26,1708,17,8,4,3,38436,2420,24.30000000000001,0,Low
711210,20.5294,81.9919,330.8,1.0,1.0,2025-03-27,851,1,MODIS,68,61.03,312.8,14.0,1,0,2025,3,27,851,8,51,2,1,73921,19544,18.0,0,Medium
291941,30.663,75.6349,334.1,1.2,1.1,2020-05-24,535,0,MODIS,67,6.03,316.6,10.3,1,0,2020,5,24,535,5,35,2,0,167610,31628,17.5,0,Medium
165448,29.6802,76.0754,315.2,2.4,1.5,2018-11-14,741,1,MODIS,68,6.03,298.0,25.4,1,0,2018,11,14,741,7,41,4,0,167610,73042,17.19999999999999,0,Medium
440729,19.0286,77.5945,300.6,1.0,1.0,2022-02-10,1655,0,MODIS,31,6.03,289.7,4.7,0,0,2022,2,10,1655,16,55,1,9,27481,5254,10.900000000000034,0,Low
135276,22.794,86.2194,307.4,1.3,1.1,2018-04-23,2019,1,MODIS,71,6.03,297.3,7.6,0,2,2018,4,23,2019,20,19,2,12,49232,12010,10.099999999999966,0,Low
371496,19.2439,80.4812,330.8,1.6,1.2,2021-03-28,821,1,MODIS,69,6.03,310.4,27.3,1,0,2021,3,28,821,8,21,2,13,47964,18871,20.400000000000038,0,Medium
134686,24.1705,80.7121,330.7,1.7,1.3,2018-04-23,501,0,MODIS,62,6.03,315.2,22.5,1,0,2018,4,23,501,5,1,2,5,47348,16741,15.5,0,Medium
422509,30.2692,75.0705,329.9,1.0,1.0,2021-11-09,812,1,MODIS,81,6.03,303.5,20.9,1,0,2021,11,9,812,8,12,4,0,167610,73042,26.399999999999977,1,Medium
543881,17.9139,80.71,327.0,1.1,1.0,2023-03-11,805,1,MODIS,71,61.03,308.8,13.9,1,0,2023,3,11,805,8,5,2,13,47964,18871,18.19999999999999,0,Medium
747677,28.26,73.0315,322.1,1.5,1.2,2025-11-02,454,0,MODIS,72,61.03,304.1,18.8,1,0,2025,11,2,454,4,54,4,0,167610,73042,18.0,0,Medium
152862,29.4153,74.0016,323.2,1.3,1.1,2018-10-25,805,1,MODIS,69,6.03,301.6,19.1,1,0,2018,10,25,805,8,5,4,0,167610,39610,21.59999999999997,0,Medium
164207,30.3276,74.9646,316.3,1.1,1.1,2018-11-10,805,1,MODIS,19,6.03,297.6,10.4,1,0,2018,11,10,805,8,5,4,0,167610,73042,18.69999999999999,0,Medium
655382,22.211,84.8644,304.1,1.0,1.0,2024-11-05,2051,1,MODIS,58,61.03,293.3,5.8,0,2,2024,11,5,2051,20,51,4,1,73921,2885,10.800000000000011,0,Low
150593,18.7616,79.9885,324.7,2.2,1.4,2018-10-13,738,1,MODIS,23,6.03,304.5,40.3,1,0,2018,10,13,738,7,38,4,13,47964,499,20.19999999999999,0,High
756489,16.1362,74.921,306.8,1.7,1.3,2025-11-28,357,0,MODIS,52,61.03,295.8,9.3,1,0,2025,11,28,357,3,57,4,3,38436,2420,11.0,0,Low
670935,21.1001,81.7271,315.5,1.6,1.2,2025-01-03,828,1,MODIS,63,61.03,305.1,9.7,1,0,2025,1,3,828,8,28,1,1,73921,10736,10.399999999999975,0,Low
279367,23.4072,75.4615,338.4,1.2,1.1,2020-04-15,531,0,MODIS,80,6.03,316.2,20.6,1,0,2020,4,15,531,5,31,2,4,76528,39620,22.19999999999999,0,Medium
102996,23.5602,93.2499,313.8,1.1,1.0,2018-03-07,715,1,MODIS,54,6.03,289.5,9.1,1,0,2018,3,7,715,7,15,2,2,57778,42248,24.30000000000001,0,Low
197744,23.2565,79.2299,336.0,1.0,1.0,2019-03-28,531,0,MODIS,76,6.03,312.7,17.8,1,0,2019,3,28,531,5,31,2,5,47348,12422,23.30000000000001,0,Medium
288596,23.4176,80.0681,335.1,1.0,1.0,2020-05-10,525,0,MODIS,71,6.03,315.6,14.9,1,0,2020,5,10,525,5,25,2,5,47348,4086,19.5,0,Medium
112918,26.957,83.4743,336.0,1.0,1.0,2018-03-19,740,1,MODIS,86,6.03,302.8,30.0,1,0,2018,3,19,740,7,40,2,7,41741,3895,33.19999999999999,1,Medium
86402,22.3265,82.682,313.7,1.1,1.0,2018-01-22,519,0,MODIS,57,6.03,302.2,6.2,1,2,2018,1,22,519,5,19,1,1,73921,10736,11.5,0,Low
731158,22.4624,78.4645,336.7,1.2,1.1,2025-04-23,413,0,MODIS,79,61.03,314.2,29.8,1,0,2025,4,23,413,4,13,2,4,76528,39620,22.5,0,Medium
660253,30.195,75.3406,311.9,1.2,1.1,2024-11-18,912,1,MODIS,58,61.03,301.0,5.8,1,0,2024,11,18,912,9,12,4,0,167610,73042,10.899999999999975,0,Low
192757,19.5457,74.0664,312.3,1.1,1.0,2019-03-20,1716,0,MODIS,84,6.03,294.0,11.7,0,0,2019,3,20,1716,17,16,2,3,38436,7918,18.30000000000001,0,Medium
753003,29.3461,73.82,315.7,1.2,1.1,2025-11-16,933,1,MODIS,66,61.03,302.2,11.9,1,0,2025,11,16,933,9,33,4,0,167610,73042,13.5,0,Medium
748030,30.3751,76.3179,316.3,1.1,1.1,2025-11-03,924,1,MODIS,69,61.03,302.1,9.9,1,0,2025,11,3,924,9,24,4,0,167610,73042,14.199999999999989,0,Low
573421,14.3675,76.5357,306.5,3.5,1.8,2023-06-03,1615,0,MODIS,63,61.03,291.2,32.1,0,0,2023,6,3,1615,16,15,3,14,36148,335,15.300000000000011,0,High
16280,25.9127,92.0269,316.0,1.1,1.0,2017-03-06,703,1,MODIS,51,6.2,303.2,7.2,1,0,2017,3,6,703,7,3,2,8,33148,19990,12.800000000000011,0,Low
506538,30.9563,75.1532,318.8,1.0,1.0,2022-11-11,816,1,MODIS,70,6.03,301.4,10.3,1,0,2022,11,11,816,8,16,4,0,167610,73042,17.400000000000034,0,Medium
43858,23.2932,77.2881,335.7,1.1,1.1,2017-04-16,525,0,MODIS,71,6.2,322.1,11.8,1,0,2017,4,16,525,5,25,2,4,76528,39620,13.599999999999966,0,Medium
639611,26.2959,93.3157,314.3,1.0,1.0,2024-05-03,738,1,MODIS,47,61.03,296.7,7.0,1,0,2024,5,3,738,7,38,2,11,41370,1053,17.600000000000023,0,Low
701074,24.1618,93.8437,326.8,1.2,1.1,2025-03-16,814,1,MODIS,53,61.03,306.9,16.5,1,0,2025,3,16,814,8,14,2,2,57778,42248,19.900000000000038,0,Medium
453880,23.7423,92.3769,343.3,2.4,1.5,2022-03-15,643,1,MODIS,88,6.03,299.4,143.4,1,0,2022,3,15,643,6,43,2,2,57778,42248,43.900000000000034,1,Extreme
151169,30.2549,76.4729,315.3,1.2,1.1,2018-10-18,759,1,MODIS,64,6.03,301.3,7.0,1,0,2018,10,18,759,7,59,4,0,167610,39610,14.0,0,Low
57006,31.5099,75.5982,330.0,1.2,1.1,2017-05-24,800,1,MODIS,71,6.2,311.0,13.1,1,0,2017,5,24,800,8,0,2,0,167610,31628,19.0,0,Medium
578806,30.8303,74.3956,326.3,1.5,1.2,2023-10-29,818,1,MODIS,80,61.03,299.8,34.0,1,0,2023,10,29,818,8,18,4,0,167610,39610,26.5,0,High
640974,30.1561,75.2432,335.7,1.3,1.1,2024-05-05,902,1,MODIS,74,61.03,314.9,19.8,1,0,2024,5,5,902,9,2,2,0,167610,31628,20.80000000000001,0,Medium
378606,17.5888,81.9104,325.3,1.0,1.0,2021-04-01,756,1,MODIS,37,6.03,309.9,7.5,1,0,2021,4,1,756,7,56,2,13,47964,11656,15.400000000000034,0,Low
549145,23.6808,86.0895,317.6,1.0,1.0,2023-03-22,440,0,MODIS,64,61.03,300.1,7.7,1,2,2023,3,22,440,4,40,2,12,49232,10270,17.5,0,Low
630854,23.4369,91.6382,352.7,1.4,1.2,2024-04-16,729,1,MODIS,96,61.03,301.3,96.2,1,0,2024,4,16,729,7,29,2,2,57778,10542,51.39999999999998,1,Extreme
588781,25.2686,75.6965,312.6,1.9,1.3,2023-11-18,902,1,MODIS,54,61.03,299.4,13.9,1,0,2023,11,18,902,9,2,4,4,76528,9210,13.200000000000044,0,Medium
705172,13.25,79.9436,347.3,1.0,1.0,2025-03-20,910,1,MODIS,92,61.03,312.3,43.2,1,0,2025,3,20,910,9,10,2,14,36148,12659,35.0,1,High
161658,29.9763,75.4845,320.6,1.0,1.0,2018-11-08,817,1,MODIS,59,6.03,300.2,10.8,1,0,2018,11,8,817,8,17,4,0,167610,73042,20.400000000000038,0,Medium
387583,24.2409,82.1294,313.6,1.0,1.0,2021-04-06,2024,1,MODIS,65,6.03,297.7,9.6,0,0,2021,4,6,2024,20,24,2,5,47348,16741,15.900000000000034,0,Low
685062,18.5949,80.4265,333.5,1.3,1.1,2025-02-23,912,1,MODIS,83,61.03,310.2,29.1,1,0,2025,2,23,912,9,12,1,13,47964,5221,23.30000000000001,1,Medium
359349,30.3504,78.7929,325.4,2.2,1.4,2021-03-19,830,1,MODIS,78,6.03,297.9,55.6,1,0,2021,3,19,830,8,30,2,7,41741,3895,27.5,0,High
569397,25.2863,76.2321,338.3,1.0,1.0,2023-05-10,522,0,MODIS,72,61.03,325.1,11.1,1,0,2023,5,10,522,5,22,2,4,76528,7507,13.199999999999989,0,Medium
452278,23.5636,92.4805,324.3,2.0,1.4,2022-03-14,738,1,MODIS,38,6.03,299.9,36.5,1,0,2022,3,14,738,7,38,2,2,57778,42248,24.400000000000038,0,High
482313,30.459,74.4885,337.6,1.3,1.1,2022-04-28,526,0,MODIS,71,6.03,317.2,23.7,1,0,2022,4,28,526,5,26,2,0,167610,7906,20.400000000000038,0,Medium
72013,24.257,93.8368,309.2,1.1,1.1,2017-11-10,656,1,MODIS,61,6.2,295.5,7.5,1,0,2017,11,10,656,6,56,4,2,57778,71,13.699999999999989,0,Low
36780,19.141,80.6769,339.6,1.3,1.1,2017-04-11,815,1,MODIS,74,6.2,318.6,29.0,1,0,2017,4,11,815,8,15,2,13,47964,11656,21.0,0,Medium
357570,20.5106,85.2281,310.0,1.2,1.1,2021-03-17,1625,0,MODIS,79,6.03,294.4,9.4,0,0,2021,3,17,1625,16,25,2,1,73921,19544,15.600000000000025,0,Low
326414,14.7253,75.968,319.3,1.4,1.2,2021-01-12,838,1,MODIS,69,6.03,304.8,10.0,1,0,2021,1,12,838,8,38,1,14,36148,3490,14.5,0,Low
465893,20.5031,83.7892,329.5,1.0,1.0,2022-03-28,749,1,MODIS,49,6.03,311.4,10.6,1,0,2022,3,28,749,7,49,2,1,73921,19544,18.100000000000023,0,Medium
538162,18.3082,80.6678,323.5,1.1,1.0,2023-03-04,803,1,MODIS,32,61.03,308.2,8.9,1,0,2023,3,4,803,8,3,2,13,47964,18871,15.300000000000011,0,Low
669042,20.8356,81.9856,314.1,1.0,1.0,2024-12-22,844,1,MODIS,63,61.03,299.5,5.6,1,0,2024,12,22,844,8,44,1,1,73921,11178,14.600000000000025,0,Low
186965,16.661,73.6442,324.1,1.2,1.1,2019-03-12,533,0,MODIS,48,6.03,307.0,11.2,1,0,2019,3,12,533,5,33,2,3,38436,7918,17.100000000000023,0,Medium
480361,27.8755,79.8207,325.0,1.6,1.3,2022-04-26,539,0,MODIS,57,6.03,309.6,14.7,1,0,2022,4,26,539,5,39,2,7,41741,15320,15.399999999999975,0,Medium
157381,31.1733,75.2839,315.7,1.0,1.0,2018-11-01,812,1,MODIS,67,6.03,302.7,5.4,1,0,2018,11,1,812,8,12,4,0,167610,73042,13.0,0,Low
404381,31.1381,75.5043,330.4,1.0,1.0,2021-05-09,546,0,MODIS,67,6.03,308.3,10.7,1,0,2021,5,9,546,5,46,2,0,167610,31628,22.09999999999997,0,Medium
654540,30.2809,76.0136,313.7,1.1,1.0,2024-11-03,904,1,MODIS,55,61.03,302.2,5.5,1,0,2024,11,3,904,9,4,4,0,167610,73042,11.5,0,Low
375033,22.2511,78.2051,334.4,1.0,1.0,2021-03-30,809,1,MODIS,48,6.03,315.2,13.6,1,0,2021,3,30,809,8,9,2,4,76528,13167,19.19999999999999,0,Medium
336817,20.9573,85.1788,305.6,2.2,1.4,2021-02-23,1702,0,MODIS,40,6.03,294.5,18.6,0,2,2021,2,23,1702,17,2,1,1,73921,9366,11.100000000000025,0,Medium
74974,30.5434,75.5284,314.0,1.0,1.0,2017-11-21,818,1,MODIS,67,6.2,299.2,7.3,1,0,2017,11,21,818,8,18,4,0,167610,73042,14.800000000000011,0,Low
11650,25.5207,91.3608,304.8,1.0,1.0,2017-02-26,441,0,MODIS,35,6.2,293.1,3.2,1,0,2017,2,26,441,4,41,1,8,33148,2829,11.699999999999989,0,Low
646271,21.5783,85.2953,319.3,1.0,1.0,2024-05-23,809,1,MODIS,28,61.03,299.7,9.0,1,0,2024,5,23,809,8,9,2,1,73921,4396,19.600000000000023,0,Low
568004,24.3357,77.4089,331.2,1.0,1.0,2023-05-05,515,0,MODIS,57,61.03,303.7,17.4,1,0,2023,5,5,515,5,15,2,4,76528,7507,27.5,0,Medium
222643,29.7129,76.6323,335.6,1.0,1.0,2019-05-12,811,1,MODIS,76,6.03,314.1,14.2,1,0,2019,5,12,811,8,11,2,0,167610,31628,21.5,0,Medium
56808,21.5779,77.0885,364.0,1.0,1.0,2017-05-22,809,1,MODIS,100,6.2,325.6,70.6,1,0,2017,5,22,809,8,9,2,4,76528,7507,38.39999999999998,1,Extreme
757070,26.8473,83.504,302.3,2.4,1.5,2025-11-30,841,1,MODIS,40,61.03,286.5,10.4,1,0,2025,11,30,841,8,41,4,7,41741,5012,15.800000000000011,0,Medium
560490,25.09,84.0484,337.3,2.4,1.5,2023-04-13,825,1,MODIS,82,61.03,312.4,71.5,1,0,2023,4,13,825,8,25,2,12,49232,12010,24.900000000000038,1,Extreme
411641,31.0845,75.036,312.5,1.3,1.1,2021-10-29,830,1,MODIS,56,6.03,301.7,6.6,1,0,2021,10,29,830,8,30,4,0,167610,39610,10.800000000000011,0,Low
340861,21.368,85.981,332.7,1.1,1.0,2021-03-02,744,1,MODIS,79,6.03,306.7,19.6,1,0,2021,3,2,744,7,44,2,1,73921,19544,26.0,0,Medium
276932,25.6896,94.9007,309.7,1.1,1.1,2020-04-11,417,0,MODIS,25,6.03,292.4,7.5,1,0,2020,4,11,417,4,17,2,11,41370,8105,17.30000000000001,0,Low
602190,19.4665,75.5028,303.7,1.5,1.2,2024-02-04,1623,0,MODIS,56,61.03,290.6,10.2,0,0,2024,2,4,1623,16,23,1,9,27481,5254,13.099999999999966,0,Medium
706241,25.3582,92.9463,301.5,1.5,1.2,2025-03-22,1519,0,MODIS,42,61.03,284.3,10.0,0,0,2025,3,22,1519,15,19,2,8,33148,19990,17.19999999999999,0,Low
217106,17.4239,81.4528,336.1,1.0,1.0,2019-05-05,802,1,MODIS,28,6.03,314.6,14.5,1,0,2019,5,5,802,8,2,2,13,47964,4838,21.5,0,Medium
398618,21.3277,79.3415,340.9,1.3,1.1,2021-04-26,750,1,MODIS,81,6.03,319.9,29.3,1,0,2021,4,26,750,7,50,2,5,47348,16741,21.0,1,Medium
479003,25.3575,84.1451,331.4,1.0,1.0,2022-04-25,457,0,MODIS,64,6.03,316.3,9.5,1,0,2022,4,25,457,4,57,2,12,49232,12010,15.099999999999966,0,Low
742676,24.3489,78.9386,330.6,1.5,1.2,2025-05-31,440,0,MODIS,81,61.03,302.0,27.0,1,0,2025,5,31,440,4,40,2,4,76528,7507,28.600000000000023,1,Medium
505644,30.168,75.0101,345.7,1.1,1.0,2022-11-11,816,1,MODIS,93,6.03,305.6,48.8,1,0,2022,11,11,816,8,16,4,0,167610,73042,40.099999999999966,1,High
368846,19.2685,79.8514,325.9,2.2,1.4,2021-03-27,738,1,MODIS,55,6.03,312.2,22.6,1,0,2021,3,27,738,7,38,2,13,47964,18871,13.699999999999989,0,Medium
329930,21.098,72.6401,320.3,1.4,1.2,2021-02-01,815,1,MODIS,0,6.03,305.7,13.2,1,2,2021,2,1,815,8,15,1,10,21095,2073,14.600000000000025,0,Medium
473151,23.2302,75.4828,321.8,1.1,1.1,2022-04-15,1655,0,MODIS,100,6.03,296.8,21.5,0,0,2022,4,15,1655,16,55,2,4,76528,39620,25.0,1,Medium
109366,19.0964,80.3412,325.1,1.2,1.1,2018-03-13,815,1,MODIS,52,6.03,311.6,9.9,1,0,2018,3,13,815,8,15,2,13,47964,18871,13.5,0,Low
766255,22.1314,70.2435,315.4,1.4,1.2,2026-01-06,453,0,MODIS,75,61.03,294.3,19.9,1,0,2026,1,6,453,4,53,1,10,21095,2544,21.09999999999997,0,Medium
561016,24.2644,93.1127,317.8,1.1,1.1,2023-04-14,728,1,MODIS,41,61.03,305.1,7.9,1,0,2023,4,14,728,7,28,2,2,57778,10542,12.699999999999989,0,Low
211851,27.1518,82.7565,303.6,2.5,1.5,2019-04-24,1610,0,MODIS,56,6.03,293.5,12.9,0,0,2019,4,24,1610,16,10,2,7,41741,15320,10.100000000000025,0,Medium
46173,23.2936,77.724,313.4,1.3,1.1,2017-04-19,1652,0,MODIS,85,6.2,298.0,13.3,0,0,2017,4,19,1652,16,52,2,4,76528,39620,15.399999999999975,0,Medium
473407,25.1001,83.8589,336.0,1.0,1.0,2022-04-16,503,0,MODIS,72,6.03,314.4,13.6,1,0,2022,4,16,503,5,3,2,12,49232,12010,21.600000000000023,0,Medium
173588,16.1949,76.2158,336.0,1.2,1.1,2018-12-31,832,1,MODIS,73,6.03,309.9,33.0,1,0,2018,12,31,832,8,32,1,14,36148,1891,26.100000000000023,0,High
362479,28.6964,80.0837,311.4,1.0,1.0,2021-03-22,1646,0,MODIS,83,6.03,291.2,10.8,0,0,2021,3,22,1646,16,46,2,7,41741,3895,20.19999999999999,0,Medium
541423,26.0802,94.952,379.9,1.3,1.1,2023-03-07,656,1,MODIS,100,61.03,308.4,205.0,1,0,2023,3,7,656,6,56,2,11,41370,18499,71.5,1,Extreme
8175,21.1903,81.4226,316.5,2.3,1.5,2017-02-17,449,0,MODIS,53,6.2,302.2,19.8,1,2,2017,2,17,449,4,49,1,5,47348,2034,14.300000000000011,0,Medium
437941,27.3247,94.5612,311.3,1.1,1.1,2022-01-17,651,1,MODIS,68,6.03,299.8,7.7,1,0,2022,1,17,651,6,51,1,11,41370,4936,11.5,0,Low
237888,30.7703,74.4002,321.8,1.5,1.2,2019-10-31,836,1,MODIS,73,6.03,300.6,18.8,1,0,2019,10,31,836,8,36,4,0,167610,39610,21.19999999999999,0,Medium
210890,25.6943,92.6418,317.3,2.4,1.5,2019-04-23,739,1,MODIS,67,6.03,295.7,34.2,1,0,2019,4,23,739,7,39,2,8,33148,7372,21.600000000000023,0,High
508533,30.6022,74.9402,323.5,1.1,1.1,2022-11-16,833,1,MODIS,77,6.03,300.1,17.7,1,0,2022,11,16,833,8,33,4,0,167610,73042,23.399999999999977,0,Medium
181843,20.5377,85.834,326.9,1.0,1.0,2019-02-18,738,1,MODIS,73,6.03,305.5,13.2,1,0,2019,2,18,738,7,38,1,1,73921,9366,21.399999999999977,0,Medium
224781,29.0579,76.4789,330.1,1.5,1.2,2019-05-17,830,1,MODIS,34,6.03,305.7,22.3,1,0,2019,5,17,830,8,30,2,0,167610,31628,24.400000000000038,0,Medium
469439,24.8885,80.849,345.4,1.8,1.3,2022-03-31,820,1,MODIS,67,6.03,320.8,62.3,1,0,2022,3,31,820,8,20,2,5,47348,12422,24.59999999999997,0,Extreme
56974,20.7545,81.3609,338.3,1.0,1.0,2017-05-24,756,1,MODIS,75,6.2,321.3,10.7,1,0,2017,5,24,756,7,56,2,13,47964,4838,17.0,0,Medium
314615,29.9839,74.5522,317.8,1.2,1.1,2020-11-11,830,1,MODIS,49,6.03,301.2,10.2,1,0,2020,11,11,830,8,30,4,0,167610,73042,16.600000000000023,0,Medium
28657,28.6648,80.0277,330.4,1.4,1.2,2017-04-01,741,1,MODIS,79,6.2,308.7,25.0,1,0,2017,4,1,741,7,41,2,7,41741,15320,21.69999999999999,0,Medium
560879,23.6795,91.7757,345.0,1.0,1.0,2023-04-14,728,1,MODIS,91,61.03,309.3,37.0,1,0,2023,4,14,728,7,28,2,2,57778,10542,35.69999999999999,1,High
145059,25.7152,78.5361,344.8,1.1,1.0,2018-05-21,526,0,MODIS,86,6.03,310.0,30.9,1,0,2018,5,21,526,5,26,2,4,76528,7507,34.80000000000001,1,High
654009,33.3078,75.5585,309.1,1.0,1.0,2024-11-02,452,0,MODIS,68,61.03,288.4,10.2,1,0,2024,11,2,452,4,52,4,0,167610,73042,20.700000000000045,0,Medium
555683,25.5375,93.1571,328.3,3.5,1.8,2023-04-10,756,1,MODIS,61,61.03,294.1,99.0,1,0,2023,4,10,756,7,56,2,11,41370,8105,34.19999999999999,0,Extreme
539322,20.1809,84.49,316.0,1.2,1.1,2023-03-05,431,0,MODIS,44,61.03,304.5,7.0,1,0,2023,3,5,431,4,31,2,1,73921,19544,11.5,0,Low
64645,22.0567,83.725,316.1,1.0,1.0,2017-10-27,513,0,MODIS,69,6.2,300.4,8.9,1,2,2017,10,27,513,5,13,4,1,73921,2278,15.700000000000044,0,Low
365737,24.6093,85.7489,331.2,1.3,1.1,2021-03-25,751,1,MODIS,73,6.03,308.7,21.1,1,0,2021,3,25,751,7,51,2,12,49232,10270,22.5,0,Medium
667797,19.5891,82.5473,311.0,1.0,1.0,2024-12-17,842,1,MODIS,67,61.03,282.8,10.0,1,0,2024,12,17,842,8,42,1,1,73921,11178,28.19999999999999,0,Low
176488,26.811,72.0091,328.7,1.1,1.1,2019-01-17,607,0,MODIS,77,6.03,302.0,21.6,1,0,2019,1,17,607,6,7,1,10,21095,2544,26.69999999999999,0,Medium
538842,21.9964,84.1526,323.3,1.1,1.1,2023-03-04,804,1,MODIS,52,61.03,310.8,5.8,1,0,2023,3,4,804,8,4,2,1,73921,19544,12.5,0,Low
422957,30.3007,74.6098,324.8,1.0,1.0,2021-11-09,812,1,MODIS,29,6.03,303.6,13.4,1,0,2021,11,9,812,8,12,4,0,167610,73042,21.19999999999999,0,Medium
408194,30.9063,75.0307,321.3,1.0,1.0,2021-10-08,812,1,MODIS,70,6.03,302.9,12.9,1,0,2021,10,8,812,8,12,4,0,167610,39610,18.400000000000038,0,Medium
140704,30.3906,76.488,334.6,1.3,1.1,2018-05-07,824,1,MODIS,77,6.03,311.1,15.9,1,0,2018,5,7,824,8,24,2,0,167610,31628,23.5,0,Medium
134808,25.4568,93.3894,312.2,2.8,1.6,2018-04-23,632,1,MODIS,62,6.03,297.9,22.9,1,0,2018,4,23,632,6,32,2,11,41370,8105,14.300000000000011,0,Medium
550925,20.007,74.504,322.8,1.1,1.0,2023-03-30,515,0,MODIS,48,61.03,307.4,8.6,1,0,2023,3,30,515,5,15,2,3,38436,7918,15.400000000000034,0,Low
310712,31.5642,74.7419,313.4,1.0,1.0,2020-11-06,812,1,MODIS,60,6.03,302.3,5.2,1,0,2020,11,6,812,8,12,4,0,167610,73042,11.099999999999966,0,Low
515146,19.3753,73.1744,336.6,1.7,1.3,2022-12-18,818,1,MODIS,87,6.03,303.5,59.5,1,0,2022,12,18,818,8,18,1,3,38436,5945,33.10000000000002,1,High
61830,29.8878,76.4812,316.0,1.1,1.0,2017-10-20,817,1,MODIS,56,6.2,304.4,6.8,1,0,2017,10,20,817,8,17,4,0,167610,39610,11.600000000000025,0,Low
541645,18.3466,74.055,324.1,1.1,1.0,2023-03-07,832,1,MODIS,59,61.03,307.5,8.8,1,0,2023,3,7,832,8,32,2,3,38436,7918,16.600000000000023,0,Low
504155,30.7473,76.2961,307.9,1.2,1.1,2022-11-09,829,1,MODIS,36,6.03,292.8,3.2,1,0,2022,11,9,829,8,29,4,0,167610,73042,15.099999999999966,0,Low
342831,21.5605,82.2956,326.5,1.7,1.3,2021-03-04,732,1,MODIS,64,6.03,315.5,16.2,1,0,2021,3,4,732,7,32,2,1,73921,19544,11.0,0,Medium
344148,17.6565,73.8526,328.4,1.4,1.2,2021-03-05,814,1,MODIS,64,6.03,311.1,24.5,1,0,2021,3,5,814,8,14,2,3,38436,7918,17.299999999999955,0,Medium
730390,23.6499,77.634,337.4,1.3,1.1,2025-04-22,925,1,MODIS,40,61.03,324.3,11.3,1,0,2025,4,22,925,9,25,2,4,76528,39620,13.099999999999966,0,Medium
152486,30.5229,74.5903,313.9,1.0,1.0,2018-10-23,818,1,MODIS,58,6.03,302.2,6.0,1,0,2018,10,23,818,8,18,4,0,167610,39610,11.699999999999989,0,Low
669958,14.761,75.2595,307.8,1.0,1.0,2024-12-27,1620,0,MODIS,73,61.03,291.5,8.0,0,0,2024,12,27,1620,16,20,1,14,36148,1891,16.30000000000001,0,Low
624591,25.7597,92.7393,342.6,1.1,1.1,2024-04-04,728,1,MODIS,91,61.03,298.1,49.2,1,0,2024,4,4,728,7,28,2,8,33148,7372,44.5,1,High
459734,22.3836,92.6746,332.6,2.6,1.5,2022-03-21,743,1,MODIS,63,6.03,307.0,81.4,1,0,2022,3,21,743,7,43,2,2,57778,42248,25.600000000000023,0,Extreme
255463,24.3185,93.5593,349.9,2.9,1.6,2020-02-24,632,1,MODIS,96,6.03,289.0,294.5,1,0,2020,2,24,632,6,32,1,2,57778,3915,60.89999999999998,1,Extreme
351264,22.6278,92.9519,373.4,2.1,1.4,2021-03-12,643,1,MODIS,100,6.03,301.3,364.5,1,0,2021,3,12,643,6,43,2,2,57778,42248,72.09999999999997,1,Extreme
64804,30.0419,76.0469,323.8,1.2,1.1,2017-10-27,823,1,MODIS,75,6.2,301.6,17.2,1,0,2017,10,27,823,8,23,4,0,167610,39610,22.19999999999999,0,Medium
684367,21.764,84.0178,306.0,1.1,1.0,2025-02-21,1547,0,MODIS,66,61.03,295.5,6.5,0,2,2025,2,21,1547,15,47,1,1,73921,9366,10.5,0,Low
529395,13.6618,76.5889,326.9,1.6,1.2,2023-02-16,812,1,MODIS,73,61.03,312.4,21.9,1,0,2023,2,16,812,8,12,1,14,36148,10539,14.5,0,Medium
524932,22.8029,86.2068,313.9,1.1,1.0,2023-02-04,2005,1,MODIS,88,61.03,289.3,15.7,0,2,2023,2,4,2005,20,5,1,12,49232,3888,24.59999999999997,0,Medium
362142,25.2127,90.8147,333.9,1.0,1.0,2021-03-22,721,1,MODIS,84,6.03,305.0,25.7,1,0,2021,3,22,721,7,21,2,8,33148,19990,28.899999999999977,1,Medium
757558,27.0716,79.2987,315.2,1.1,1.0,2025-12-01,919,1,MODIS,73,61.03,298.4,12.0,1,0,2025,12,1,919,9,19,1,7,41741,2618,16.80000000000001,0,Medium
462489,23.947,93.8424,328.9,2.5,1.5,2022-03-24,636,1,MODIS,79,6.03,292.1,87.9,1,0,2022,3,24,636,6,36,2,2,57778,42248,36.79999999999996,0,Extreme
629938,23.7253,91.7398,323.9,1.0,1.0,2024-04-14,745,1,MODIS,77,61.03,302.7,12.2,1,0,2024,4,14,745,7,45,2,2,57778,10542,21.19999999999999,0,Medium
206646,26.9949,93.1234,322.2,1.0,1.0,2019-04-13,703,1,MODIS,71,6.03,300.3,12.7,1,0,2019,4,13,703,7,3,2,11,41370,8105,21.899999999999977,0,Medium
384113,23.7291,83.9574,325.0,1.2,1.1,2021-04-04,517,0,MODIS,58,6.03,311.8,9.0,1,0,2021,4,4,517,5,17,2,12,49232,12010,13.199999999999989,0,Low
535347,13.3732,75.1596,323.8,1.1,1.0,2023-02-28,829,1,MODIS,60,61.03,306.2,14.7,1,0,2023,2,28,829,8,29,1,14,36148,10539,17.600000000000023,0,Medium
254995,18.7176,73.7402,323.5,1.0,1.0,2020-02-20,833,1,MODIS,46,6.03,308.7,6.9,1,0,2020,2,20,833,8,33,1,3,38436,8837,14.800000000000011,0,Low
596348,17.1949,74.2071,313.2,1.4,1.2,2023-12-30,1635,0,MODIS,87,61.03,288.7,20.5,0,0,2023,12,30,1635,16,35,1,3,38436,5945,24.5,1,Medium
631243,23.3731,91.7754,313.8,1.1,1.0,2024-04-17,403,0,MODIS,60,61.03,296.0,6.2,1,0,2024,4,17,403,4,3,2,2,57778,10542,17.80000000000001,0,Low
328222,21.4992,74.1937,321.4,1.2,1.1,2021-01-24,556,0,MODIS,69,6.03,301.6,15.8,1,0,2021,1,24,556,5,56,1,10,21095,2544,19.799999999999955,0,Medium
